[UnityConnectServicesConfig] Local config successfully read: "/usr/share/unity3d/config/services-config.json"
[UnityConnectServicesConfig] Service configuration:
    "servicesConfigBaseUrl": "",
    "disableServicesWindow": false,
    "disableUserLogin": false,
    "entitlementCacheTimeoutInSeconds": 60,
    "clientConnectTimeoutSec": 60,
    "clientHandshakeTimeoutSec": 30,
    "clientResolveEntitlementsTimeoutSec": 30,
    "clientUpdateLicenseTimeoutSec": 30,
    "licensingServiceBaseUrl": "",
    "enableProxyAutoconfig": "false"

Unity Editor version:    6000.5.8f1 (5cb7df797b7d)
Branch:                  6000.5/staging
Build type:              Release
Batch mode:              YES
System name:             Linux
Distro version:          #1 SMP PREEMPT_DYNAMIC Tue, 11 Aug 2026 09:16:08 +0000
Kernel version:          7.1.8-arch1-3
Architecture:            x86_64
Window Protocol:         Wayland (XWayland)
Available memory:        7657 MB
Date:                    2026-09-10T13:50:31Z
[Licensing::Module] Trying to connect to existing licensing client channel...
[Licensing::IpcConnector] Successfully connected to: "LicenseClient-usio" at "2026-09-10T13:50:31.152494Z"
[SignatureVerifier] Application signature verification not supported on this platform.
[Licensing::Client] Error: HandshakeResponse reported an error:
	ResponseCode: 505
	ResponseStatus: Unsupported protocol version '1.18.1'.
[Licensing::Module] Error: Failed to handshake to channel: "LicenseClient-usio"
[Licensing::IpcConnector] LicenseClient-usio channel disconnected successfully.
[Licensing::IpcConnector] Successfully connected to: "LicenseClient-usio-6000.5.8" at "2026-09-10T13:50:31.160817Z"
[SignatureVerifier] Application signature verification not supported on this platform.
[Licensing::Client] Handshaking with LicensingClient:
  Version:                 1.18.1+9fbee8e
  Session Id:              fc2d1fc7353a42c29a40337c084b9a01
  Correlation Id:          617b4d0ffc4763cef83e0903dedb222d
  External correlation Id: 4740169669077612848
  Machine Id:              x91t/QJmnuGXpQYOdGXOE63eCBU=
[Licensing::Module] Successfully connected to LicensingClient on channel: "LicenseClient-usio-6000.5.8" (connect: 0.00s, validation: 0.00s, handshake: 0.00s)
[Licensing::IpcConnector] Successfully connected to: "LicenseClient-usio-6000.5.8-notifications" at "2026-09-10T13:50:31.165476Z"
[Licensing::Module] Licensing Background thread has ended after 0.01s
Selected window backend: (null) 
Desktop is 1920 x 1200 @ 60 Hz
Initialize udev device monitor.

COMMAND LINE ARGUMENTS:
Unity
-adb2
-batchMode
-noUpm
-name
AssetImportWorkerHW2
-projectPath
/home/usio/Titan test
-logFile
Logs/AssetImportWorkerHW2.log
-srvPort
34683
-parentPid
1086213
-analyticsCloudUserId
10170777712478
-analyticsCloudProjectId
18cbc4e7-70df-42fb-8c35-eb512f3569bc
-analyticsLocalProjectId
6b54cbc00c90c81a28ca5e3a24d8eca7
-editorAnalyticsEnabled
1
-cbmEditorLicense
97c5bdb552e18202d29b73cff76c1879b5fd3e44
-cbmMachineId
x91t/QJmnuGXpQYOdGXOE63eCBU=
-licensingIpc
LicenseClient-usio
-noDiagnosticSwitchPersistentStore
-job-worker-count
5
-background-job-worker-count
8
-asset-garbage-collectors
1
-force-vulkan
Successfully changed project path to: /home/usio/Titan test
/home/usio/Titan test
[UnityMemory] Configuration Parameters - Can be set up in boot.config
    "memorysetup-temp-allocator-size-gi-baking-worker=262144"
    "memorysetup-temp-allocator-size-gi-baking-worker=262144"
    "memorysetup-temp-allocator-size-gi-baking-worker=262144"
    "memorysetup-temp-allocator-size-gi-baking-worker=262144"
    "memorysetup-temp-allocator-size-gi-baking-worker=262144"
    "memorysetup-temp-allocator-size-nav-mesh-worker=65536"
    "memorysetup-temp-allocator-size-audio-worker=65536"
    "memorysetup-temp-allocator-size-cloud-worker=32768"
    "memorysetup-allocator-temp-initial-block-size-main=262144"
    "memorysetup-allocator-temp-initial-block-size-worker=262144"
    "memorysetup-temp-allocator-size-preload-manager=33554432"
    "memorysetup-temp-allocator-size-gfx=262144"
    "memorysetup-temp-allocator-size-background-worker=32768"
    "memorysetup-temp-allocator-size-job-worker=262144"
    "memorysetup-bucket-allocator-granularity=16"
    "memorysetup-bucket-allocator-bucket-count=8"
    "memorysetup-bucket-allocator-block-size=33554432"
    "memorysetup-bucket-allocator-block-count=8"
    "memorysetup-main-allocator-block-size=16777216"
    "memorysetup-thread-allocator-block-size=16777216"
    "memorysetup-main-allocator-mimalloc-enabled=0"
    "memorysetup-gfx-main-allocator-block-size=16777216"
    "memorysetup-gfx-thread-allocator-block-size=16777216"
    "memorysetup-cache-allocator-block-size=4194304"
    "memorysetup-typetree-allocator-block-size=2097152"
    "memorysetup-profiler-bucket-allocator-granularity=16"
    "memorysetup-profiler-bucket-allocator-bucket-count=8"
    "memorysetup-profiler-bucket-allocator-block-size=33554432"
    "memorysetup-profiler-bucket-allocator-block-count=8"
    "memorysetup-profiler-allocator-block-size=16777216"
    "memorysetup-profiler-editor-allocator-block-size=1048576"
    "memorysetup-temp-allocator-size-main=16777216"
    "memorysetup-job-temp-allocator-block-size=2097152"
    "memorysetup-job-temp-allocator-block-size-background=1048576"
    "memorysetup-job-temp-allocator-reduction-small-platforms=262144"
Player connection [140250525830336]  Target information:

Player connection [140250525830336]  * "[IP] 192.168.1.8 [Port] 0 [Flags] 2 [Guid] 3591266014 [EditorId] 3591266014 [Version] 1048832 [Id] LinuxEditor(16,192.168.1.8) [Debug] 1 [PackageName] LinuxEditor [ProjectName] Editor" 

Player connection [140250525830336] Host joined multi-casting on [225.0.0.222:54997]...
Player connection [140250525830336] Host joined alternative multi-casting on [225.0.0.222:34997]...
JobSystem: Creating JobQueue using job-worker-count value 5
Input System module state changed to: Initialized.
[Physics::Module] Initialized fallback backend.
[Physics::Module] Id: 0xdecafbad
Library Redirect Path: Library/
[Physics::Module] Selected backend.
[Physics::Module] Name: PhysX
[Physics::Module] Id: 0xf2b8ea05
[Physics::Module] SDK Version: 4.1.2
[Physics::Module] Integration Version: 1.0.0
[Physics::Module] Threading Mode: Multi-Threaded
Refreshing native plugins compatible for Editor in 3,82 ms, found 0 plugins.
Initialize engine version: 6000.5.8f1 (5cb7df797b7d)
[Subsystems] Discovering subsystems at path /home/usio/Unity/Hub/Editor/6000.5.8f1/Data/Resources/UnitySubsystems
[Subsystems] Discovering subsystems at path /home/usio/Titan test/Assets
Forcing GfxDevice: Vulkan
GfxDevice: creating device client; kGfxThreadingModeThreaded
[vulkan] LoadVulkanLibrary libvulkan.so.1[vulkan] Loaded instance function vkGetInstanceProcAddr
[vulkan] Loaded instance function vkGetInstanceProcAddr
[vulkan] Loaded instance function vkCreateInstance
[vulkan] Loaded instance function vkEnumerateInstanceExtensionProperties
[vulkan] Loaded instance function vkEnumerateInstanceLayerProperties
[vulkan] Loaded instance function vkEnumerateInstanceVersion
[Vulkan init] extensions: count=27
[Vulkan init] extensions: name=VK_EXT_acquire_drm_display [enabled=0, external=0]
[Vulkan init] extensions: name=VK_EXT_acquire_xlib_display [enabled=0, external=0]
[Vulkan init] extensions: name=VK_EXT_debug_report [enabled=0, external=0]
[Vulkan init] extensions: name=VK_EXT_debug_utils [enabled=1, external=0]
[Vulkan init] extensions: name=VK_EXT_direct_mode_display [enabled=0, external=0]
[Vulkan init] extensions: name=VK_EXT_display_surface_counter [enabled=0, external=0]
[Vulkan init] extensions: name=VK_EXT_headless_surface [enabled=0, external=0]
[Vulkan init] extensions: name=VK_EXT_layer_settings [enabled=0, external=0]
[Vulkan init] extensions: name=VK_EXT_surface_maintenance1 [enabled=0, external=0]
[Vulkan init] extensions: name=VK_EXT_swapchain_colorspace [enabled=1, external=0]
[Vulkan init] extensions: name=VK_KHR_device_group_creation [enabled=0, external=0]
[Vulkan init] extensions: name=VK_KHR_display [enabled=1, external=0]
[Vulkan init] extensions: name=VK_KHR_external_fence_capabilities [enabled=1, external=0]
[Vulkan init] extensions: name=VK_KHR_external_memory_capabilities [enabled=1, external=0]
[Vulkan init] extensions: name=VK_KHR_external_semaphore_capabilities [enabled=1, external=0]
[Vulkan init] extensions: name=VK_KHR_get_display_properties2 [enabled=0, external=0]
[Vulkan init] extensions: name=VK_KHR_get_physical_device_properties2 [enabled=1, external=0]
[Vulkan init] extensions: name=VK_KHR_get_surface_capabilities2 [enabled=0, external=0]
[Vulkan init] extensions: name=VK_KHR_portability_enumeration [enabled=0, external=0]
[Vulkan init] extensions: name=VK_KHR_surface [enabled=1, external=0]
[Vulkan init] extensions: name=VK_KHR_surface_maintenance1 [enabled=0, external=0]
[Vulkan init] extensions: name=VK_KHR_surface_protected_capabilities [enabled=0, external=0]
[Vulkan init] extensions: name=VK_KHR_wayland_surface [enabled=1, external=0]
[Vulkan init] extensions: name=VK_KHR_xcb_surface [enabled=0, external=0]
[Vulkan init] extensions: name=VK_KHR_xlib_surface [enabled=1, external=0]
[Vulkan init] extensions: name=VK_LUNARG_direct_driver_loading [enabled=0, external=0]
[Vulkan init] extensions: name=VK_NV_display_stereo [enabled=0, external=0]
[vulkan] Loaded instance function vkDestroyInstance
[vulkan] Loaded instance function vkGetPhysicalDeviceProperties
[vulkan] Loaded instance function vkEnumeratePhysicalDevices
[Vulkan init] SelectPhysicalDevice requestedDeviceIndex=-1 xrDevice=(nil)
[Vulkan init] Physical Device 0x55fc56b639a0 [0]: "Intel(R) Graphics (ADL GT2)" deviceType=1 vendorID=8086 deviceID=46a3
Vulkan detection: 2
[Vulkan init] extensions: count=27
[Vulkan init] extensions: name=VK_EXT_acquire_drm_display [enabled=0, external=0]
[Vulkan init] extensions: name=VK_EXT_acquire_xlib_display [enabled=0, external=0]
[Vulkan init] extensions: name=VK_EXT_debug_report [enabled=0, external=0]
[Vulkan init] extensions: name=VK_EXT_debug_utils [enabled=1, external=0]
[Vulkan init] extensions: name=VK_EXT_direct_mode_display [enabled=0, external=0]
[Vulkan init] extensions: name=VK_EXT_display_surface_counter [enabled=0, external=0]
[Vulkan init] extensions: name=VK_EXT_headless_surface [enabled=0, external=0]
[Vulkan init] extensions: name=VK_EXT_layer_settings [enabled=0, external=0]
[Vulkan init] extensions: name=VK_EXT_surface_maintenance1 [enabled=0, external=0]
[Vulkan init] extensions: name=VK_EXT_swapchain_colorspace [enabled=1, external=0]
[Vulkan init] extensions: name=VK_KHR_device_group_creation [enabled=0, external=0]
[Vulkan init] extensions: name=VK_KHR_display [enabled=1, external=0]
[Vulkan init] extensions: name=VK_KHR_external_fence_capabilities [enabled=1, external=0]
[Vulkan init] extensions: name=VK_KHR_external_memory_capabilities [enabled=1, external=0]
[Vulkan init] extensions: name=VK_KHR_external_semaphore_capabilities [enabled=1, external=0]
[Vulkan init] extensions: name=VK_KHR_get_display_properties2 [enabled=0, external=0]
[Vulkan init] extensions: name=VK_KHR_get_physical_device_properties2 [enabled=1, external=0]
[Vulkan init] extensions: name=VK_KHR_get_surface_capabilities2 [enabled=0, external=0]
[Vulkan init] extensions: name=VK_KHR_portability_enumeration [enabled=0, external=0]
[Vulkan init] extensions: name=VK_KHR_surface [enabled=1, external=0]
[Vulkan init] extensions: name=VK_KHR_surface_maintenance1 [enabled=0, external=0]
[Vulkan init] extensions: name=VK_KHR_surface_protected_capabilities [enabled=0, external=0]
[Vulkan init] extensions: name=VK_KHR_wayland_surface [enabled=1, external=0]
[Vulkan init] extensions: name=VK_KHR_xcb_surface [enabled=0, external=0]
[Vulkan init] extensions: name=VK_KHR_xlib_surface [enabled=1, external=0]
[Vulkan init] extensions: name=VK_LUNARG_direct_driver_loading [enabled=0, external=0]
[Vulkan init] extensions: name=VK_NV_display_stereo [enabled=0, external=0]
[vulkan] Loaded instance function vkDestroyInstance
[vulkan] Loaded instance function vkGetPhysicalDeviceProperties
[vulkan] Loaded instance function vkEnumeratePhysicalDevices
[vulkan] Loaded instance function vkGetDeviceProcAddr
[vulkan] Loaded instance function vkGetPhysicalDeviceFeatures
[vulkan] Loaded instance function vkGetPhysicalDeviceFormatProperties
[vulkan] Loaded instance function vkGetPhysicalDeviceImageFormatProperties
[vulkan] Loaded instance function vkGetPhysicalDeviceQueueFamilyProperties
[vulkan] Loaded instance function vkGetPhysicalDeviceMemoryProperties
[vulkan] Loaded instance function vkCreateDevice
[vulkan] Loaded instance function vkEnumerateDeviceExtensionProperties
[vulkan] Loaded instance function vkEnumerateDeviceLayerProperties
[vulkan] Loaded instance function vkGetPhysicalDeviceSparseImageFormatProperties
[vulkan] Loaded instance function vkDestroySurfaceKHR
[vulkan] Loaded instance function vkGetPhysicalDeviceSurfaceSupportKHR
[vulkan] Loaded instance function vkGetPhysicalDeviceSurfaceCapabilitiesKHR
[vulkan] Loaded instance function vkGetPhysicalDeviceSurfaceFormatsKHR
[vulkan] Loaded instance function vkGetPhysicalDeviceSurfacePresentModesKHR
[vulkan] Loaded instance function vkCreateSwapchainKHR
[vulkan] Loaded instance function vkDestroySwapchainKHR
[vulkan] Loaded instance function vkGetSwapchainImagesKHR
[vulkan] Loaded instance function vkAcquireNextImageKHR
[vulkan] Loaded instance function vkQueuePresentKHR
[vulkan] Loaded instance function vkGetPhysicalDeviceDisplayPropertiesKHR
[vulkan] Loaded instance function vkGetPhysicalDeviceDisplayPlanePropertiesKHR
[vulkan] Loaded instance function vkGetDisplayPlaneSupportedDisplaysKHR
[vulkan] Loaded instance function vkGetDisplayModePropertiesKHR
[vulkan] Loaded instance function vkCreateDisplayModeKHR
[vulkan] Loaded instance function vkGetDisplayPlaneCapabilitiesKHR
[vulkan] Loaded instance function vkCreateDisplayPlaneSurfaceKHR
[vulkan] Loaded instance function vkCreateSharedSwapchainsKHR
[vulkan] Loaded instance function vkCreateXlibSurfaceKHR
[vulkan] Loaded instance function vkGetPhysicalDeviceXlibPresentationSupportKHR
[vulkan] Loaded instance function vkSetHdrMetadataEXT
[vulkan] Loaded instance function vkGetPhysicalDeviceFeatures2KHR
[vulkan] Loaded instance function vkGetPhysicalDeviceProperties2KHR
[vulkan] Loaded instance function vkGetPhysicalDeviceFormatProperties2KHR
[vulkan] Loaded instance function vkGetPhysicalDeviceImageFormatProperties2KHR
[vulkan] Loaded instance function vkGetPhysicalDeviceQueueFamilyProperties2KHR
[vulkan] Loaded instance function vkGetPhysicalDeviceMemoryProperties2KHR
[vulkan] Loaded instance function vkGetPhysicalDeviceSparseImageFormatProperties2KHR
[vulkan] Loaded instance function vkGetSemaphoreFdKHR
[vulkan] Loaded instance function vkImportSemaphoreFdKHR
[vulkan] Loaded instance function vkGetFenceFdKHR
[vulkan] Loaded instance function vkImportFenceFdKHR
[vulkan] Loaded instance function vkCreateSamplerYcbcrConversionKHR
[vulkan] Loaded instance function vkDestroySamplerYcbcrConversionKHR
[vulkan] Loaded instance function vkBindBufferMemory2KHR
[vulkan] Loaded instance function vkBindImageMemory2KHR
[vulkan] Loaded instance function vkWaitForPresentKHR
[vulkan] Loaded instance function vkGetPhysicalDeviceExternalSemaphorePropertiesKHR
[vulkan] Loaded instance function vkGetPhysicalDeviceExternalFencePropertiesKHR
[vulkan] Loaded instance function vkGetPhysicalDeviceFragmentShadingRatesKHR
[vulkan] Loaded instance function vkSetDebugUtilsObjectNameEXT
[vulkan] Loaded instance function vkSetDebugUtilsObjectTagEXT
[vulkan] Loaded instance function vkQueueBeginDebugUtilsLabelEXT
[vulkan] Loaded instance function vkQueueEndDebugUtilsLabelEXT
[vulkan] Loaded instance function vkQueueInsertDebugUtilsLabelEXT
[vulkan] Loaded instance function vkCmdBeginDebugUtilsLabelEXT
[vulkan] Loaded instance function vkCmdEndDebugUtilsLabelEXT
[vulkan] Loaded instance function vkCmdInsertDebugUtilsLabelEXT
[Vulkan init] SelectPhysicalDevice requestedDeviceIndex=-1 xrDevice=(nil)
[Vulkan init] Physical Device 0x55fc56b47850 [0]: "Intel(R) Graphics (ADL GT2)" deviceType=1 vendorID=8086 deviceID=46a3
[Vulkan init] Selected physical device 0x55fc56b47850
[Vulkan init] Graphics queue count=1
[Vulkan init] extensions: count=188
[Vulkan init] extensions: name=VK_AMD_buffer_marker [enabled=0, external=0]
[Vulkan init] extensions: name=VK_EXT_4444_formats [enabled=1, external=0]
[Vulkan init] extensions: name=VK_EXT_attachment_feedback_loop_dynamic_state [enabled=0, external=0]
[Vulkan init] extensions: name=VK_EXT_attachment_feedback_loop_layout [enabled=0, external=0]
[Vulkan init] extensions: name=VK_EXT_border_color_swizzle [enabled=0, external=0]
[Vulkan init] extensions: name=VK_EXT_buffer_device_address [enabled=0, external=0]
[Vulkan init] extensions: name=VK_EXT_calibrated_timestamps [enabled=0, external=0]
[Vulkan init] extensions: name=VK_EXT_color_write_enable [enabled=0, external=0]
[Vulkan init] extensions: name=VK_EXT_conditional_rendering [enabled=0, external=0]
[Vulkan init] extensions: name=VK_EXT_conservative_rasterization [enabled=1, external=0]
[Vulkan init] extensions: name=VK_EXT_custom_border_color [enabled=0, external=0]
[Vulkan init] extensions: name=VK_EXT_depth_bias_control [enabled=0, external=0]
[Vulkan init] extensions: name=VK_EXT_depth_clamp_control [enabled=0, external=0]
[Vulkan init] extensions: name=VK_EXT_depth_clamp_zero_one [enabled=0, external=0]
[Vulkan init] extensions: name=VK_EXT_depth_clip_control [enabled=0, external=0]
[Vulkan init] extensions: name=VK_EXT_depth_clip_enable [enabled=0, external=0]
[Vulkan init] extensions: name=VK_EXT_descriptor_buffer [enabled=0, external=0]
[Vulkan init] extensions: name=VK_EXT_descriptor_indexing [enabled=0, external=0]
[Vulkan init] extensions: name=VK_EXT_device_address_binding_report [enabled=0, external=0]
[Vulkan init] extensions: name=VK_EXT_device_memory_report [enabled=0, external=0]
[Vulkan init] extensions: name=VK_EXT_display_control [enabled=0, external=0]
[Vulkan init] extensions: name=VK_EXT_dynamic_rendering_unused_attachments [enabled=0, external=0]
[Vulkan init] extensions: name=VK_EXT_extended_dynamic_state [enabled=0, external=0]
[Vulkan init] extensions: name=VK_EXT_extended_dynamic_state2 [enabled=0, external=0]
[Vulkan init] extensions: name=VK_EXT_extended_dynamic_state3 [enabled=0, external=0]
[Vulkan init] extensions: name=VK_EXT_external_memory_acquire_unmodified [enabled=0, external=0]
[Vulkan init] extensions: name=VK_EXT_external_memory_dma_buf [enabled=0, external=0]
[Vulkan init] extensions: name=VK_EXT_external_memory_host [enabled=1, external=0]
[Vulkan init] extensions: name=VK_EXT_fragment_shader_interlock [enabled=0, external=0]
[Vulkan init] extensions: name=VK_EXT_global_priority [enabled=0, external=0]
[Vulkan init] extensions: name=VK_EXT_global_priority_query [enabled=0, external=0]
[Vulkan init] extensions: name=VK_EXT_graphics_pipeline_library [enabled=0, external=0]
[Vulkan init] extensions: name=VK_EXT_hdr_metadata [enabled=1, external=0]
[Vulkan init] extensions: name=VK_EXT_host_image_copy [enabled=0, external=0]
[Vulkan init] extensions: name=VK_EXT_host_query_reset [enabled=0, external=0]
[Vulkan init] extensions: name=VK_EXT_image_2d_view_of_3d [enabled=0, external=0]
[Vulkan init] extensions: name=VK_EXT_image_drm_format_modifier [enabled=0, external=0]
[Vulkan init] extensions: name=VK_EXT_image_robustness [enabled=0, external=0]
[Vulkan init] extensions: name=VK_EXT_image_sliced_view_of_3d [enabled=0, external=0]
[Vulkan init] extensions: name=VK_EXT_image_view_min_lod [enabled=0, external=0]
[Vulkan init] extensions: name=VK_EXT_index_type_uint8 [enabled=0, external=0]
[Vulkan init] extensions: name=VK_EXT_inline_uniform_block [enabled=0, external=0]
[Vulkan init] extensions: name=VK_EXT_legacy_dithering [enabled=0, external=0]
[Vulkan init] extensions: name=VK_EXT_legacy_vertex_attributes [enabled=0, external=0]
[Vulkan init] extensions: name=VK_EXT_line_rasterization [enabled=0, external=0]
[Vulkan init] extensions: name=VK_EXT_load_store_op_none [enabled=1, external=0]
[Vulkan init] extensions: name=VK_EXT_map_memory_placed [enabled=0, external=0]
[Vulkan init] extensions: name=VK_EXT_memory_budget [enabled=1, external=0]
[Vulkan init] extensions: name=VK_EXT_multi_draw [enabled=0, external=0]
[Vulkan init] extensions: name=VK_EXT_mutable_descriptor_type [enabled=0, external=0]
[Vulkan init] extensions: name=VK_EXT_nested_command_buffer [enabled=0, external=0]
[Vulkan init] extensions: name=VK_EXT_non_seamless_cube_map [enabled=0, external=0]
[Vulkan init] extensions: name=VK_EXT_pci_bus_info [enabled=0, external=0]
[Vulkan init] extensions: name=VK_EXT_physical_device_drm [enabled=0, external=0]
[Vulkan init] extensions: name=VK_EXT_pipeline_creation_cache_control [enabled=0, external=0]
[Vulkan init] extensions: name=VK_EXT_pipeline_creation_feedback [enabled=0, external=0]
[Vulkan init] extensions: name=VK_EXT_pipeline_protected_access [enabled=0, external=0]
[Vulkan init] extensions: name=VK_EXT_pipeline_robustness [enabled=0, external=0]
[Vulkan init] extensions: name=VK_EXT_post_depth_coverage [enabled=0, external=0]
[Vulkan init] extensions: name=VK_EXT_present_timing [enabled=0, external=0]
[Vulkan init] extensions: name=VK_EXT_primitive_topology_list_restart [enabled=0, external=0]
[Vulkan init] extensions: name=VK_EXT_primitives_generated_query [enabled=0, external=0]
[Vulkan init] extensions: name=VK_EXT_private_data [enabled=0, external=0]
[Vulkan init] extensions: name=VK_EXT_provoking_vertex [enabled=0, external=0]
[Vulkan init] extensions: name=VK_EXT_queue_family_foreign [enabled=1, external=0]
[Vulkan init] extensions: name=VK_EXT_robustness2 [enabled=0, external=0]
[Vulkan init] extensions: name=VK_EXT_sample_locations [enabled=0, external=0]
[Vulkan init] extensions: name=VK_EXT_sampler_filter_minmax [enabled=0, external=0]
[Vulkan init] extensions: name=VK_EXT_scalar_block_layout [enabled=1, external=0]
[Vulkan init] extensions: name=VK_EXT_separate_stencil_usage [enabled=0, external=0]
[Vulkan init] extensions: name=VK_EXT_shader_atomic_float [enabled=0, external=0]
[Vulkan init] extensions: name=VK_EXT_shader_atomic_float2 [enabled=0, external=0]
[Vulkan init] extensions: name=VK_EXT_shader_demote_to_helper_invocation [enabled=1, external=0]
[Vulkan init] extensions: name=VK_EXT_shader_image_atomic_int64 [enabled=0, external=0]
[Vulkan init] extensions: name=VK_EXT_shader_module_identifier [enabled=0, external=0]
[Vulkan init] extensions: name=VK_EXT_shader_object [enabled=0, external=0]
[Vulkan init] extensions: name=VK_EXT_shader_replicated_composites [enabled=0, external=0]
[Vulkan init] extensions: name=VK_EXT_shader_stencil_export [enabled=0, external=0]
[Vulkan init] extensions: name=VK_EXT_shader_subgroup_ballot [enabled=0, external=0]
[Vulkan init] extensions: name=VK_EXT_shader_subgroup_vote [enabled=0, external=0]
[Vulkan init] extensions: name=VK_EXT_shader_uniform_buffer_unsized_array [enabled=0, external=0]
[Vulkan init] extensions: name=VK_EXT_shader_viewport_index_layer [enabled=1, external=0]
[Vulkan init] extensions: name=VK_EXT_subgroup_size_control [enabled=0, external=0]
[Vulkan init] extensions: name=VK_EXT_swapchain_maintenance1 [enabled=0, external=0]
[Vulkan init] extensions: name=VK_EXT_texel_buffer_alignment [enabled=0, external=0]
[Vulkan init] extensions: name=VK_EXT_tooling_info [enabled=0, external=0]
[Vulkan init] extensions: name=VK_EXT_transform_feedback [enabled=0, external=0]
[Vulkan init] extensions: name=VK_EXT_vertex_attribute_divisor [enabled=0, external=0]
[Vulkan init] extensions: name=VK_EXT_vertex_input_dynamic_state [enabled=1, external=0]
[Vulkan init] extensions: name=VK_EXT_ycbcr_2plane_444_formats [enabled=0, external=0]
[Vulkan init] extensions: name=VK_EXT_ycbcr_image_arrays [enabled=0, external=0]
[Vulkan init] extensions: name=VK_GOOGLE_decorate_string [enabled=0, external=0]
[Vulkan init] extensions: name=VK_GOOGLE_hlsl_functionality1 [enabled=0, external=0]
[Vulkan init] extensions: name=VK_GOOGLE_user_type [enabled=0, external=0]
[Vulkan init] extensions: name=VK_INTEL_shader_integer_functions2 [enabled=0, external=0]
[Vulkan init] extensions: name=VK_KHR_16bit_storage [enabled=1, external=0]
[Vulkan init] extensions: name=VK_KHR_8bit_storage [enabled=0, external=0]
[Vulkan init] extensions: name=VK_KHR_bind_memory2 [enabled=1, external=0]
[Vulkan init] extensions: name=VK_KHR_buffer_device_address [enabled=0, external=0]
[Vulkan init] extensions: name=VK_KHR_calibrated_timestamps [enabled=0, external=0]
[Vulkan init] extensions: name=VK_KHR_compute_shader_derivatives [enabled=0, external=0]
[Vulkan init] extensions: name=VK_KHR_copy_commands2 [enabled=0, external=0]
[Vulkan init] extensions: name=VK_KHR_create_renderpass2 [enabled=1, external=0]
[Vulkan init] extensions: name=VK_KHR_dedicated_allocation [enabled=1, external=0]
[Vulkan init] extensions: name=VK_KHR_deferred_host_operations [enabled=0, external=0]
[Vulkan init] extensions: name=VK_KHR_depth_clamp_zero_one [enabled=0, external=0]
[Vulkan init] extensions: name=VK_KHR_depth_stencil_resolve [enabled=1, external=0]
[Vulkan init] extensions: name=VK_KHR_descriptor_update_template [enabled=1, external=0]
[Vulkan init] extensions: name=VK_KHR_device_group [enabled=0, external=0]
[Vulkan init] extensions: name=VK_KHR_draw_indirect_count [enabled=0, external=0]
[Vulkan init] extensions: name=VK_KHR_driver_properties [enabled=1, external=0]
[Vulkan init] extensions: name=VK_KHR_dynamic_rendering [enabled=0, external=0]
[Vulkan init] extensions: name=VK_KHR_dynamic_rendering_local_read [enabled=0, external=0]
[Vulkan init] extensions: name=VK_KHR_external_fence [enabled=1, external=0]
[Vulkan init] extensions: name=VK_KHR_external_fence_fd [enabled=1, external=0]
[Vulkan init] extensions: name=VK_KHR_external_memory [enabled=1, external=0]
[Vulkan init] extensions: name=VK_KHR_external_memory_fd [enabled=1, external=0]
[Vulkan init] extensions: name=VK_KHR_external_semaphore [enabled=1, external=0]
[Vulkan init] extensions: name=VK_KHR_external_semaphore_fd [enabled=1, external=0]
[Vulkan init] extensions: name=VK_KHR_format_feature_flags2 [enabled=0, external=0]
[Vulkan init] extensions: name=VK_KHR_fragment_shading_rate [enabled=1, external=0]
[Vulkan init] extensions: name=VK_KHR_get_memory_requirements2 [enabled=1, external=0]
[Vulkan init] extensions: name=VK_KHR_global_priority [enabled=0, external=0]
[Vulkan init] extensions: name=VK_KHR_image_format_list [enabled=1, external=0]
[Vulkan init] extensions: name=VK_KHR_imageless_framebuffer [enabled=0, external=0]
[Vulkan init] extensions: name=VK_KHR_incremental_present [enabled=0, external=0]
[Vulkan init] extensions: name=VK_KHR_index_type_uint8 [enabled=0, external=0]
[Vulkan init] extensions: name=VK_KHR_internally_synchronized_queues [enabled=0, external=0]
[Vulkan init] extensions: name=VK_KHR_line_rasterization [enabled=0, external=0]
[Vulkan init] extensions: name=VK_KHR_load_store_op_none [enabled=0, external=0]
[Vulkan init] extensions: name=VK_KHR_maintenance1 [enabled=1, external=0]
[Vulkan init] extensions: name=VK_KHR_maintenance10 [enabled=0, external=0]
[Vulkan init] extensions: name=VK_KHR_maintenance2 [enabled=1, external=0]
[Vulkan init] extensions: name=VK_KHR_maintenance3 [enabled=0, external=0]
[Vulkan init] extensions: name=VK_KHR_maintenance4 [enabled=0, external=0]
[Vulkan init] extensions: name=VK_KHR_maintenance5 [enabled=0, external=0]
[Vulkan init] extensions: name=VK_KHR_maintenance6 [enabled=0, external=0]
[Vulkan init] extensions: name=VK_KHR_maintenance7 [enabled=0, external=0]
[Vulkan init] extensions: name=VK_KHR_maintenance8 [enabled=0, external=0]
[Vulkan init] extensions: name=VK_KHR_maintenance9 [enabled=0, external=0]
[Vulkan init] extensions: name=VK_KHR_map_memory2 [enabled=0, external=0]
[Vulkan init] extensions: name=VK_KHR_multiview [enabled=1, external=0]
[Vulkan init] extensions: name=VK_KHR_pipeline_binary [enabled=0, external=0]
[Vulkan init] extensions: name=VK_KHR_pipeline_executable_properties [enabled=0, external=0]
[Vulkan init] extensions: name=VK_KHR_pipeline_library [enabled=0, external=0]
[Vulkan init] extensions: name=VK_KHR_present_id [enabled=1, external=0]
[Vulkan init] extensions: name=VK_KHR_present_id2 [enabled=0, external=0]
[Vulkan init] extensions: name=VK_KHR_present_wait [enabled=1, external=0]
[Vulkan init] extensions: name=VK_KHR_present_wait2 [enabled=0, external=0]
[Vulkan init] extensions: name=VK_KHR_push_descriptor [enabled=0, external=0]
[Vulkan init] extensions: name=VK_KHR_relaxed_block_layout [enabled=0, external=0]
[Vulkan init] extensions: name=VK_KHR_robustness2 [enabled=0, external=0]
[Vulkan init] extensions: name=VK_KHR_sampler_mirror_clamp_to_edge [enabled=1, external=0]
[Vulkan init] extensions: name=VK_KHR_sampler_ycbcr_conversion [enabled=1, external=0]
[Vulkan init] extensions: name=VK_KHR_separate_depth_stencil_layouts [enabled=0, external=0]
[Vulkan init] extensions: name=VK_KHR_shader_atomic_int64 [enabled=1, external=0]
[Vulkan init] extensions: name=VK_KHR_shader_clock [enabled=0, external=0]
[Vulkan init] extensions: name=VK_KHR_shader_draw_parameters [enabled=0, external=0]
[Vulkan init] extensions: name=VK_KHR_shader_expect_assume [enabled=0, external=0]
[Vulkan init] extensions: name=VK_KHR_shader_float16_int8 [enabled=1, external=0]
[Vulkan init] extensions: name=VK_KHR_shader_float_controls [enabled=0, external=0]
[Vulkan init] extensions: name=VK_KHR_shader_float_controls2 [enabled=0, external=0]
[Vulkan init] extensions: name=VK_KHR_shader_integer_dot_product [enabled=0, external=0]
[Vulkan init] extensions: name=VK_KHR_shader_maximal_reconvergence [enabled=0, external=0]
[Vulkan init] extensions: name=VK_KHR_shader_non_semantic_info [enabled=1, external=0]
[Vulkan init] extensions: name=VK_KHR_shader_quad_control [enabled=0, external=0]
[Vulkan init] extensions: name=VK_KHR_shader_relaxed_extended_instruction [enabled=0, external=0]
[Vulkan init] extensions: name=VK_KHR_shader_subgroup_extended_types [enabled=0, external=0]
[Vulkan init] extensions: name=VK_KHR_shader_subgroup_rotate [enabled=0, external=0]
[Vulkan init] extensions: name=VK_KHR_shader_subgroup_uniform_control_flow [enabled=0, external=0]
[Vulkan init] extensions: name=VK_KHR_shader_terminate_invocation [enabled=0, external=0]
[Vulkan init] extensions: name=VK_KHR_shader_untyped_pointers [enabled=0, external=0]
[Vulkan init] extensions: name=VK_KHR_spirv_1_4 [enabled=0, external=0]
[Vulkan init] extensions: name=VK_KHR_storage_buffer_storage_class [enabled=1, external=0]
[Vulkan init] extensions: name=VK_KHR_swapchain [enabled=1, external=0]
[Vulkan init] extensions: name=VK_KHR_swapchain_maintenance1 [enabled=0, external=0]
[Vulkan init] extensions: name=VK_KHR_swapchain_mutable_format [enabled=1, external=0]
[Vulkan init] extensions: name=VK_KHR_synchronization2 [enabled=0, external=0]
[Vulkan init] extensions: name=VK_KHR_timeline_semaphore [enabled=0, external=0]
[Vulkan init] extensions: name=VK_KHR_uniform_buffer_standard_layout [enabled=0, external=0]
[Vulkan init] extensions: name=VK_KHR_variable_pointers [enabled=0, external=0]
[Vulkan init] extensions: name=VK_KHR_vertex_attribute_divisor [enabled=0, external=0]
[Vulkan init] extensions: name=VK_KHR_vulkan_memory_model [enabled=0, external=0]
[Vulkan init] extensions: name=VK_KHR_workgroup_memory_explicit_layout [enabled=0, external=0]
[Vulkan init] extensions: name=VK_KHR_zero_initialize_workgroup_memory [enabled=0, external=0]
[Vulkan init] extensions: name=VK_MESA_image_alignment_control [enabled=0, external=0]
[Vulkan init] extensions: name=VK_NV_compute_shader_derivatives [enabled=0, external=0]
[Vulkan init] extensions: name=VK_VALVE_mutable_descriptor_type [enabled=0, external=0]
[vulkan] Loaded device function vkDestroyDevice
[vulkan] Loaded device function vkGetDeviceQueue
[vulkan] Loaded device function vkQueueSubmit
[vulkan] Loaded device function vkQueueWaitIdle
[vulkan] Loaded device function vkDeviceWaitIdle
[vulkan] Loaded device function vkAllocateMemory
[vulkan] Loaded device function vkFreeMemory
[vulkan] Loaded device function vkMapMemory
[vulkan] Loaded device function vkUnmapMemory
[vulkan] Loaded device function vkFlushMappedMemoryRanges
[vulkan] Loaded device function vkInvalidateMappedMemoryRanges
[vulkan] Loaded device function vkGetDeviceMemoryCommitment
[vulkan] Loaded device function vkBindBufferMemory
[vulkan] Loaded device function vkBindImageMemory
[vulkan] Loaded device function vkGetBufferMemoryRequirements
[vulkan] Loaded device function vkGetImageMemoryRequirements
[vulkan] Loaded device function vkGetImageSparseMemoryRequirements
[vulkan] Loaded device function vkQueueBindSparse
[vulkan] Loaded device function vkCreateFence
[vulkan] Loaded device function vkDestroyFence
[vulkan] Loaded device function vkResetFences
[vulkan] Loaded device function vkGetFenceStatus
[vulkan] Loaded device function vkWaitForFences
[vulkan] Loaded device function vkCreateSemaphore
[vulkan] Loaded device function vkDestroySemaphore
[vulkan] Loaded device function vkCreateEvent
[vulkan] Loaded device function vkDestroyEvent
[vulkan] Loaded device function vkGetEventStatus
[vulkan] Loaded device function vkSetEvent
[vulkan] Loaded device function vkResetEvent
[vulkan] Loaded device function vkCreateQueryPool
[vulkan] Loaded device function vkDestroyQueryPool
[vulkan] Loaded device function vkGetQueryPoolResults
[vulkan] Loaded device function vkCreateBuffer
[vulkan] Loaded device function vkDestroyBuffer
[vulkan] Loaded device function vkCreateBufferView
[vulkan] Loaded device function vkDestroyBufferView
[vulkan] Loaded device function vkCreateImage
[vulkan] Loaded device function vkDestroyImage
[vulkan] Loaded device function vkGetImageSubresourceLayout
[vulkan] Loaded device function vkCreateImageView
[vulkan] Loaded device function vkDestroyImageView
[vulkan] Loaded device function vkCreateShaderModule
[vulkan] Loaded device function vkDestroyShaderModule
[vulkan] Loaded device function vkCreatePipelineCache
[vulkan] Loaded device function vkDestroyPipelineCache
[vulkan] Loaded device function vkGetPipelineCacheData
[vulkan] Loaded device function vkMergePipelineCaches
[vulkan] Loaded device function vkCreateGraphicsPipelines
[vulkan] Loaded device function vkCreateComputePipelines
[vulkan] Loaded device function vkDestroyPipeline
[vulkan] Loaded device function vkCreatePipelineLayout
[vulkan] Loaded device function vkDestroyPipelineLayout
[vulkan] Loaded device function vkCreateSampler
[vulkan] Loaded device function vkDestroySampler
[vulkan] Loaded device function vkCreateDescriptorSetLayout
[vulkan] Loaded device function vkDestroyDescriptorSetLayout
[vulkan] Loaded device function vkCreateDescriptorPool
[vulkan] Loaded device function vkDestroyDescriptorPool
[vulkan] Loaded device function vkResetDescriptorPool
[vulkan] Loaded device function vkAllocateDescriptorSets
[vulkan] Loaded device function vkFreeDescriptorSets
[vulkan] Loaded device function vkUpdateDescriptorSets
[vulkan] Loaded device function vkCreateFramebuffer
[vulkan] Loaded device function vkDestroyFramebuffer
[vulkan] Loaded device function vkCreateRenderPass
[vulkan] Loaded device function vkDestroyRenderPass
[vulkan] Loaded device function vkGetRenderAreaGranularity
[vulkan] Loaded device function vkCreateCommandPool
[vulkan] Loaded device function vkDestroyCommandPool
[vulkan] Loaded device function vkResetCommandPool
[vulkan] Loaded device function vkAllocateCommandBuffers
[vulkan] Loaded device function vkFreeCommandBuffers
[vulkan] Loaded device function vkBeginCommandBuffer
[vulkan] Loaded device function vkEndCommandBuffer
[vulkan] Loaded device function vkResetCommandBuffer
[vulkan] Loaded device function vkCmdBindPipeline
[vulkan] Loaded device function vkCmdSetViewport
[vulkan] Loaded device function vkCmdSetScissor
[vulkan] Loaded device function vkCmdSetLineWidth
[vulkan] Loaded device function vkCmdSetDepthBias
[vulkan] Loaded device function vkCmdSetBlendConstants
[vulkan] Loaded device function vkCmdSetDepthBounds
[vulkan] Loaded device function vkCmdSetStencilCompareMask
[vulkan] Loaded device function vkCmdSetStencilWriteMask
[vulkan] Loaded device function vkCmdSetStencilReference
[vulkan] Loaded device function vkCmdBindDescriptorSets
[vulkan] Loaded device function vkCmdBindIndexBuffer
[vulkan] Loaded device function vkCmdBindVertexBuffers
[vulkan] Loaded device function vkCmdDraw
[vulkan] Loaded device function vkCmdDrawIndexed
[vulkan] Loaded device function vkCmdDrawIndirect
[vulkan] Loaded device function vkCmdDrawIndexedIndirect
[vulkan] Loaded device function vkCmdDispatch
[vulkan] Loaded device function vkCmdDispatchIndirect
[vulkan] Loaded device function vkCmdCopyBuffer
[vulkan] Loaded device function vkCmdCopyImage
[vulkan] Loaded device function vkCmdBlitImage
[vulkan] Loaded device function vkCmdCopyBufferToImage
[vulkan] Loaded device function vkCmdCopyImageToBuffer
[vulkan] Loaded device function vkCmdUpdateBuffer
[vulkan] Loaded device function vkCmdFillBuffer
[vulkan] Loaded device function vkCmdClearColorImage
[vulkan] Loaded device function vkCmdClearDepthStencilImage
[vulkan] Loaded device function vkCmdClearAttachments
[vulkan] Loaded device function vkCmdResolveImage
[vulkan] Loaded device function vkCmdSetEvent
[vulkan] Loaded device function vkCmdResetEvent
[vulkan] Loaded device function vkCmdWaitEvents
[vulkan] Loaded device function vkCmdPipelineBarrier
[vulkan] Loaded device function vkCmdBeginQuery
[vulkan] Loaded device function vkCmdEndQuery
[vulkan] Loaded device function vkCmdResetQueryPool
[vulkan] Loaded device function vkCmdWriteTimestamp
[vulkan] Loaded device function vkCmdCopyQueryPoolResults
[vulkan] Loaded device function vkCmdPushConstants
[vulkan] Loaded device function vkCmdBeginRenderPass
[vulkan] Loaded device function vkCmdNextSubpass
[vulkan] Loaded device function vkCmdEndRenderPass
[vulkan] Loaded device function vkCmdExecuteCommands
[vulkan] Loaded device function vkGetImageMemoryRequirements2KHR
[vulkan] Loaded device function vkGetBufferMemoryRequirements2KHR
[vulkan] Loaded device function vkGetImageSparseMemoryRequirements2KHR
[vulkan] Loaded device function vkCreateDescriptorUpdateTemplateKHR
[vulkan] Loaded device function vkDestroyDescriptorUpdateTemplateKHR
[vulkan] Loaded device function vkUpdateDescriptorSetWithTemplateKHR
[vulkan] Loaded device function vkCmdBeginRenderPass2KHR
[vulkan] Loaded device function vkCmdEndRenderPass2KHR
[vulkan] Loaded device function vkCmdNextSubpass2KHR
[vulkan] Loaded device function vkCreateRenderPass2KHR
[vulkan] Loaded device function vkCmdSetVertexInputEXT
[vulkan] Loaded device function vkCmdSetFragmentShadingRateKHR
[vulkan] Failed to load device function vkGetFramebufferTilePropertiesQCOM
[vulkan] Loaded instance function vkGetFramebufferTilePropertiesQCOM
[vulkan] Failed to load device function vkDebugMarkerSetObjectTagEXT
[vulkan] Loaded instance function vkDebugMarkerSetObjectTagEXT
[vulkan] Failed to load device function vkDebugMarkerSetObjectNameEXT
[vulkan] Loaded instance function vkDebugMarkerSetObjectNameEXT
[vulkan] Failed to load device function vkCmdDebugMarkerBeginEXT
[vulkan] Loaded instance function vkCmdDebugMarkerBeginEXT
[vulkan] Failed to load device function vkCmdDebugMarkerEndEXT
[vulkan] Loaded instance function vkCmdDebugMarkerEndEXT
[vulkan] Failed to load device function vkCmdDebugMarkerInsertEXT
[vulkan] Loaded instance function vkCmdDebugMarkerInsertEXT
Vulkan API version 1.1.0 (1.4.354 supported by driver, 1.1.0 requested)
Vulkan vendor=[Intel] id=[8086]
Vulkan renderer=[Intel(R) Graphics (ADL GT2)] id=[46a3]
Vulkan device type 1
Vulkan driverversion=[26.1.8 (0x06801008)] uint=[109056008]
Vulkan driverLibraryString=[Intel open-source Mesa driver (6), Mesa 26.1.8-arch1.1]
Vulkan PSO: Cache data successfully loaded [size=270796,path=/tmp/DefaultCompany/Titan test/vulkan_pso_cache.bin]
Initialize mono
Mono path[0] = '/home/usio/Unity/Hub/Editor/6000.5.8f1/Data/Managed'
Mono path[1] = '/home/usio/Unity/Hub/Editor/6000.5.8f1/Data/BCLExtensions/runtime/netstandard2.1'
Mono path[2] = '/home/usio/Unity/Hub/Editor/6000.5.8f1/Data/MonoBleedingEdge/lib/mono/unityjit-linux'
Mono config path = '/home/usio/Unity/Hub/Editor/6000.5.8f1/Data/MonoBleedingEdge/etc'
Using monoOptions --debugger-agent=transport=dt_socket,embedding=1,server=y,suspend=n,address=127.0.0.1:56906
CodeReloadManager initialized
Begin MonoManager ReloadAssembly
Registering precompiled unity dll's ...
Register platform support module: /home/usio/Unity/Hub/Editor/6000.5.8f1/Data/PlaybackEngines/LinuxStandaloneSupport/UnityEditor.LinuxStandalone.Extensions.dll
Registered in 0,001440 seconds.
Native extension for LinuxStandalone target not found
Package Manager log level set to [2]
[Package Manager] Failed to launch server process. Reason: Unity was launched with the -noUpm command-line argument
[Package Manager] Unable to send message (not connected to server process).
[Package Manager] Cannot connect to Unity Package Manager local server
[Package Manager] Failed to launch server process. Reason: Unity was launched with the -noUpm command-line argument
[Package Manager] Unable to send message (not connected to server process).
[Package Manager] Cannot connect to Unity Package Manager local server
ScheduleIndexationOnStartup MainProcess:False IndexOnStartup:True
Mono: successfully reloaded assembly
- Finished resetting the current domain, in  3,603 seconds
Domain Reload Profiling: 4331ms
	BeginReloadAssembly (294ms)
	RebuildCommonClasses (6ms)
	RebuildNativeTypeToScriptingClass (15ms)
	initialDomainReloadingComplete (83ms)
	LoadAllAssembliesAndSetupDomain (329ms)
		LoadAssemblies (293ms)
		AnalyzeDomain (243ms)
			TypeCache.Refresh (242ms)
				TypeCache.ScanAssembly (229ms)
	FinalizeReload (3605ms)
		SetupLoadedEditorAssemblies (0ms)
			InitializePlatformSupportModulesInManaged (3ms)
			BeforeProcessingInitializeOnLoad (133ms)
			ProcessInitializeOnLoadAttributes (106ms)
			ProcessInitializeOnLoadMethodAttributes (3272ms)
Assembly reference Packages/com.unity.cinemachine/Editor/Samples/ExposeHDRPInternals/HDRP-Editor-ref.asmref has no target assembly definition
Initializing Unity extensions:
[Licensing::Client] Successfully resolved entitlement details
[Licensing::Module] License group:
  Id: F4-M77M-HXW8-HJ67-XE8W-XXXX
  Product: Unity Personal
  Type: ULF
  Expiration: Unlimited
[Licensing::Module] License group:
  Id: 10170777712478-UnityPersXXXX
  Product: Unity Personal
  Type: Assigned
  Expiration: Unlimited
========================================================================
Worker process is ready to serve import requests
Import Worker Mode flag is 0x00
Assembly reference Packages/com.unity.cinemachine/Editor/Samples/ExposeHDRPInternals/HDRP-Editor-ref.asmref has no target assembly definition
Assembly reference Packages/com.unity.cinemachine/Editor/Samples/ExposeHDRPInternals/HDRP-Editor-ref.asmref has no target assembly definition
Begin MonoManager ReloadAssembly
Assembly reference Packages/com.unity.cinemachine/Editor/Samples/ExposeHDRPInternals/HDRP-Editor-ref.asmref has no target assembly definition
Assembly reference Packages/com.unity.cinemachine/Editor/Samples/ExposeHDRPInternals/HDRP-Editor-ref.asmref has no target assembly definition
'Packages/com.unity.cinemachine/Editor/Obsolete/CinemachineVirtualCameraBaseEditor.cs' contains partial class of Unity.Object, exactly 1 of the partial classes needs to be in a file with the same filename. This is to know the one that can be referenced from ie. GameObjects
'Packages/com.unity.cinemachine/Editor/Editors/CinemachineVirtualCameraBaseEditor.cs' contains partial class of Unity.Object, exactly 1 of the partial classes needs to be in a file with the same filename. This is to know the one that can be referenced from ie. GameObjects
Native extension for LinuxStandalone target not found
[Package Manager] Failed to launch server process. Reason: Unity was launched with the -noUpm command-line argument
[Package Manager] Unable to send message (not connected to server process).
[Package Manager] Cannot connect to Unity Package Manager local server
[Package Manager] Failed to launch server process. Reason: Unity was launched with the -noUpm command-line argument
[Package Manager] Unable to send message (not connected to server process).
[Package Manager] Cannot connect to Unity Package Manager local server
[Package Manager] Failed to launch server process. Reason: Unity was launched with the -noUpm command-line argument
[Package Manager] Unable to send message (not connected to server process).
[Package Manager] Cannot connect to Unity Package Manager local server
ScheduleIndexationOnStartup MainProcess:False IndexOnStartup:True
Mono: successfully reloaded assembly
- Finished resetting the current domain, in  1,296 seconds
Domain Reload Profiling: 3428ms
	BeginReloadAssembly (168ms)
		DisableScriptedObjects (9ms)
		CreateAndSetChildDomain (39ms)
	RebuildCommonClasses (9ms)
	RebuildNativeTypeToScriptingClass (11ms)
	initialDomainReloadingComplete (47ms)
	LoadAllAssembliesAndSetupDomain (1896ms)
		LoadAssemblies (1479ms)
		AnalyzeDomain (305ms)
			TypeCache.Refresh (233ms)
				TypeCache.ScanAssembly (204ms)
			BuildScriptInfoCaches (63ms)
			ResolveRequiredComponents (6ms)
	FinalizeReload (1298ms)
		SetupLoadedEditorAssemblies (0ms)
			InitializePlatformSupportModulesInManaged (3ms)
			BeforeProcessingInitializeOnLoad (133ms)
			ProcessInitializeOnLoadAttributes (486ms)
			ProcessInitializeOnLoadMethodAttributes (173ms)
			AfterProcessingInitializeOnLoad (3ms)
		AwakeInstancesAfterBackupRestoration (11ms)
AcceleratorClientConnectionCallback - disconnected - :0
Shader Hidden/ChartRasterizerHardware is not supported: GPU does not support conservative rasterization
Shader Hidden/ChartRasterizerHardware is not supported: GPU does not support conservative rasterization
AutoLocale: current locale expects 'C' but got 'ru_RU.UTF-8'Launched and connected shader compiler UnityShaderCompiler after 0.05 seconds
Curl error 3: URL rejected: Error
Unloading 24 Unused Serialized files (Serialized files now loaded: 0)
Unloading 7071 unused Assets / (8.6 MB). Loaded Objects now: 8129.
Memory consumption went from 227.2 MB to 218.6 MB.
Total: 62.567017 ms (FindLiveObjects: 1.173673 ms CreateObjectMapping: 4.986726 ms MarkObjects: 34.868033 ms  DeleteObjects: 21.534777 ms)

Curl error 28: Connection timed out after 300004 milliseconds
========================================================================
Received Prepare
AcceleratorClientConnectionCallback - disconnected - :0
Assembly reference Packages/com.unity.cinemachine/Editor/Samples/ExposeHDRPInternals/HDRP-Editor-ref.asmref has no target assembly definition
Assembly reference Packages/com.unity.cinemachine/Editor/Samples/ExposeHDRPInternals/HDRP-Editor-ref.asmref has no target assembly definition
[Licensing::Client] Successfully resolved entitlement details
[Licensing::Module] License group:
  Id: F4-M77M-HXW8-HJ67-XE8W-XXXX
  Product: Unity Personal
  Type: ULF
  Expiration: Unlimited
[Licensing::Module] License group:
  Id: 10170777712478-UnityPersXXXX
  Product: Unity Personal
  Type: Assigned
  Expiration: Unlimited
Begin MonoManager ReloadAssembly
Assembly reference Packages/com.unity.cinemachine/Editor/Samples/ExposeHDRPInternals/HDRP-Editor-ref.asmref has no target assembly definition
Assembly reference Packages/com.unity.cinemachine/Editor/Samples/ExposeHDRPInternals/HDRP-Editor-ref.asmref has no target assembly definition
'Packages/com.unity.cinemachine/Editor/Obsolete/CinemachineVirtualCameraBaseEditor.cs' contains partial class of Unity.Object, exactly 1 of the partial classes needs to be in a file with the same filename. This is to know the one that can be referenced from ie. GameObjects
'Packages/com.unity.cinemachine/Editor/Editors/CinemachineVirtualCameraBaseEditor.cs' contains partial class of Unity.Object, exactly 1 of the partial classes needs to be in a file with the same filename. This is to know the one that can be referenced from ie. GameObjects
Native extension for LinuxStandalone target not found
[Package Manager] Failed to launch server process. Reason: Unity was launched with the -noUpm command-line argument
[Package Manager] Unable to send message (not connected to server process).
[Package Manager] Cannot connect to Unity Package Manager local server
[Package Manager] Failed to launch server process. Reason: Unity was launched with the -noUpm command-line argument
[Package Manager] Unable to send message (not connected to server process).
[Package Manager] Cannot connect to Unity Package Manager local server
[Package Manager] Failed to launch server process. Reason: Unity was launched with the -noUpm command-line argument
[Package Manager] Unable to send message (not connected to server process).
[Package Manager] Cannot connect to Unity Package Manager local server
ScheduleIndexationOnStartup MainProcess:False IndexOnStartup:True
Mono: successfully reloaded assembly
- Finished resetting the current domain, in  0.939 seconds
Domain Reload Profiling: 2538ms
	BeginReloadAssembly (542ms)
		DisableScriptedObjects (51ms)
		CreateAndSetChildDomain (180ms)
	RebuildCommonClasses (7ms)
	RebuildNativeTypeToScriptingClass (10ms)
	initialDomainReloadingComplete (76ms)
	LoadAllAssembliesAndSetupDomain (963ms)
		LoadAssemblies (690ms)
		AnalyzeDomain (340ms)
			TypeCache.Refresh (35ms)
			BuildScriptInfoCaches (289ms)
			ResolveRequiredComponents (5ms)
	FinalizeReload (940ms)
		SetupLoadedEditorAssemblies (0ms)
			BeforeProcessingInitializeOnLoad (101ms)
			ProcessInitializeOnLoadAttributes (346ms)
			ProcessInitializeOnLoadMethodAttributes (116ms)
		AwakeInstancesAfterBackupRestoration (16ms)
Shader Hidden/ChartRasterizerHardware is not supported: GPU does not support conservative rasterization
Unloading 24 Unused Serialized files (Serialized files now loaded: 0)
Unloading 7068 unused Assets / (7.1 MB). Loaded Objects now: 8173.
Memory consumption went from 231.8 MB to 224.7 MB.
Total: 15.742515 ms (FindLiveObjects: 1.082290 ms CreateObjectMapping: 3.565336 ms MarkObjects: 6.975503 ms  DeleteObjects: 4.117485 ms)

Prepare: number of updated asset objects reloaded= 0
========================================================================
Received Prepare
AcceleratorClientConnectionCallback - disconnected - :0
Assembly reference Packages/com.unity.cinemachine/Editor/Samples/ExposeHDRPInternals/HDRP-Editor-ref.asmref has no target assembly definition
Assembly reference Packages/com.unity.cinemachine/Editor/Samples/ExposeHDRPInternals/HDRP-Editor-ref.asmref has no target assembly definition
[Licensing::Client] Successfully resolved entitlement details
[Licensing::Module] License group:
  Id: F4-M77M-HXW8-HJ67-XE8W-XXXX
  Product: Unity Personal
  Type: ULF
  Expiration: Unlimited
[Licensing::Module] License group:
  Id: 10170777712478-UnityPersXXXX
  Product: Unity Personal
  Type: Assigned
  Expiration: Unlimited
Begin MonoManager ReloadAssembly
Assembly reference Packages/com.unity.cinemachine/Editor/Samples/ExposeHDRPInternals/HDRP-Editor-ref.asmref has no target assembly definition
Assembly reference Packages/com.unity.cinemachine/Editor/Samples/ExposeHDRPInternals/HDRP-Editor-ref.asmref has no target assembly definition
'Packages/com.unity.cinemachine/Editor/Obsolete/CinemachineVirtualCameraBaseEditor.cs' contains partial class of Unity.Object, exactly 1 of the partial classes needs to be in a file with the same filename. This is to know the one that can be referenced from ie. GameObjects
'Packages/com.unity.cinemachine/Editor/Editors/CinemachineVirtualCameraBaseEditor.cs' contains partial class of Unity.Object, exactly 1 of the partial classes needs to be in a file with the same filename. This is to know the one that can be referenced from ie. GameObjects
Refreshing native plugins compatible for Editor in 4.08 ms, found 0 plugins.
Native extension for LinuxStandalone target not found
[Package Manager] Failed to launch server process. Reason: Unity was launched with the -noUpm command-line argument
[Package Manager] Unable to send message (not connected to server process).
[Package Manager] Cannot connect to Unity Package Manager local server
[Package Manager] Failed to launch server process. Reason: Unity was launched with the -noUpm command-line argument
[Package Manager] Unable to send message (not connected to server process).
[Package Manager] Cannot connect to Unity Package Manager local server
[Package Manager] Failed to launch server process. Reason: Unity was launched with the -noUpm command-line argument
[Package Manager] Unable to send message (not connected to server process).
[Package Manager] Cannot connect to Unity Package Manager local server
Refreshing native plugins compatible for Editor in 132.76 ms, found 0 plugins.
ScheduleIndexationOnStartup MainProcess:False IndexOnStartup:True
Mono: successfully reloaded assembly
- Finished resetting the current domain, in  1.178 seconds
Domain Reload Profiling: 2326ms
	BeginReloadAssembly (510ms)
		DisableScriptedObjects (45ms)
		CreateAndSetChildDomain (146ms)
	RebuildCommonClasses (10ms)
	RebuildNativeTypeToScriptingClass (10ms)
	initialDomainReloadingComplete (50ms)
	LoadAllAssembliesAndSetupDomain (566ms)
		LoadAssemblies (617ms)
		AnalyzeDomain (31ms)
			TypeCache.Refresh (15ms)
			ResolveRequiredComponents (6ms)
	FinalizeReload (1179ms)
		SetupLoadedEditorAssemblies (0ms)
			BeforeProcessingInitializeOnLoad (73ms)
			ProcessInitializeOnLoadAttributes (704ms)
			ProcessInitializeOnLoadMethodAttributes (173ms)
		AwakeInstancesAfterBackupRestoration (19ms)
Shader Hidden/ChartRasterizerHardware is not supported: GPU does not support conservative rasterization
Unloading 24 Unused Serialized files (Serialized files now loaded: 0)
Unloading 7068 unused Assets / (9.5 MB). Loaded Objects now: 8176.
Memory consumption went from 231.8 MB to 222.3 MB.
Total: 76.659767 ms (FindLiveObjects: 0.902002 ms CreateObjectMapping: 3.961769 ms MarkObjects: 57.540010 ms  DeleteObjects: 14.253885 ms)

Prepare: number of updated asset objects reloaded= 0
========================================================================
Received Prepare
AcceleratorClientConnectionCallback - disconnected - :0
Assembly reference Packages/com.unity.cinemachine/Editor/Samples/ExposeHDRPInternals/HDRP-Editor-ref.asmref has no target assembly definition
Assembly reference Packages/com.unity.cinemachine/Editor/Samples/ExposeHDRPInternals/HDRP-Editor-ref.asmref has no target assembly definition
[Licensing::Client] Successfully resolved entitlement details
[Licensing::Module] License group:
  Id: F4-M77M-HXW8-HJ67-XE8W-XXXX
  Product: Unity Personal
  Type: ULF
  Expiration: Unlimited
[Licensing::Module] License group:
  Id: 10170777712478-UnityPersXXXX
  Product: Unity Personal
  Type: Assigned
  Expiration: Unlimited
Begin MonoManager ReloadAssembly
Assembly reference Packages/com.unity.cinemachine/Editor/Samples/ExposeHDRPInternals/HDRP-Editor-ref.asmref has no target assembly definition
Assembly reference Packages/com.unity.cinemachine/Editor/Samples/ExposeHDRPInternals/HDRP-Editor-ref.asmref has no target assembly definition
'Packages/com.unity.cinemachine/Editor/Obsolete/CinemachineVirtualCameraBaseEditor.cs' contains partial class of Unity.Object, exactly 1 of the partial classes needs to be in a file with the same filename. This is to know the one that can be referenced from ie. GameObjects
'Packages/com.unity.cinemachine/Editor/Editors/CinemachineVirtualCameraBaseEditor.cs' contains partial class of Unity.Object, exactly 1 of the partial classes needs to be in a file with the same filename. This is to know the one that can be referenced from ie. GameObjects
Native extension for LinuxStandalone target not found
[Package Manager] Failed to launch server process. Reason: Unity was launched with the -noUpm command-line argument
[Package Manager] Unable to send message (not connected to server process).
[Package Manager] Cannot connect to Unity Package Manager local server
[Package Manager] Failed to launch server process. Reason: Unity was launched with the -noUpm command-line argument
[Package Manager] Unable to send message (not connected to server process).
[Package Manager] Cannot connect to Unity Package Manager local server
[Package Manager] Failed to launch server process. Reason: Unity was launched with the -noUpm command-line argument
[Package Manager] Unable to send message (not connected to server process).
[Package Manager] Cannot connect to Unity Package Manager local server
ScheduleIndexationOnStartup MainProcess:False IndexOnStartup:True
Mono: successfully reloaded assembly
- Finished resetting the current domain, in  0.824 seconds
Domain Reload Profiling: 2824ms
	BeginReloadAssembly (817ms)
		DisableScriptedObjects (62ms)
		CreateAndSetChildDomain (134ms)
	RebuildCommonClasses (9ms)
	RebuildNativeTypeToScriptingClass (12ms)
	initialDomainReloadingComplete (127ms)
	LoadAllAssembliesAndSetupDomain (1034ms)
		LoadAssemblies (1101ms)
		AnalyzeDomain (261ms)
			TypeCache.Refresh (25ms)
			BuildScriptInfoCaches (222ms)
			ResolveRequiredComponents (5ms)
	FinalizeReload (825ms)
		SetupLoadedEditorAssemblies (0ms)
			BeforeProcessingInitializeOnLoad (71ms)
			ProcessInitializeOnLoadAttributes (350ms)
			ProcessInitializeOnLoadMethodAttributes (115ms)
		AwakeInstancesAfterBackupRestoration (22ms)
Shader Hidden/ChartRasterizerHardware is not supported: GPU does not support conservative rasterization
Unloading 24 Unused Serialized files (Serialized files now loaded: 0)
Unloading 7068 unused Assets / (6.5 MB). Loaded Objects now: 8179.
Memory consumption went from 232.1 MB to 225.6 MB.
Total: 19.193173 ms (FindLiveObjects: 3.309196 ms CreateObjectMapping: 4.517736 ms MarkObjects: 7.402735 ms  DeleteObjects: 3.823051 ms)

Prepare: number of updated asset objects reloaded= 0
========================================================================
Received Prepare
AcceleratorClientConnectionCallback - disconnected - :0
Assembly reference Packages/com.unity.cinemachine/Editor/Samples/ExposeHDRPInternals/HDRP-Editor-ref.asmref has no target assembly definition
Assembly reference Packages/com.unity.cinemachine/Editor/Samples/ExposeHDRPInternals/HDRP-Editor-ref.asmref has no target assembly definition
Begin MonoManager ReloadAssembly
Assembly reference Packages/com.unity.cinemachine/Editor/Samples/ExposeHDRPInternals/HDRP-Editor-ref.asmref has no target assembly definition
Assembly reference Packages/com.unity.cinemachine/Editor/Samples/ExposeHDRPInternals/HDRP-Editor-ref.asmref has no target assembly definition
'Packages/com.unity.cinemachine/Editor/Obsolete/CinemachineVirtualCameraBaseEditor.cs' contains partial class of Unity.Object, exactly 1 of the partial classes needs to be in a file with the same filename. This is to know the one that can be referenced from ie. GameObjects
'Packages/com.unity.cinemachine/Editor/Editors/CinemachineVirtualCameraBaseEditor.cs' contains partial class of Unity.Object, exactly 1 of the partial classes needs to be in a file with the same filename. This is to know the one that can be referenced from ie. GameObjects
Native extension for LinuxStandalone target not found
[Package Manager] Failed to launch server process. Reason: Unity was launched with the -noUpm command-line argument
[Package Manager] Unable to send message (not connected to server process).
[Package Manager] Cannot connect to Unity Package Manager local server
[Package Manager] Failed to launch server process. Reason: Unity was launched with the -noUpm command-line argument
[Package Manager] Unable to send message (not connected to server process).
[Package Manager] Cannot connect to Unity Package Manager local server
[Package Manager] Failed to launch server process. Reason: Unity was launched with the -noUpm command-line argument
[Package Manager] Unable to send message (not connected to server process).
[Package Manager] Cannot connect to Unity Package Manager local server
ScheduleIndexationOnStartup MainProcess:False IndexOnStartup:True
Mono: successfully reloaded assembly
- Finished resetting the current domain, in  0.834 seconds
Domain Reload Profiling: 1626ms
	BeginReloadAssembly (363ms)
		DisableScriptedObjects (20ms)
		CreateAndSetChildDomain (74ms)
	RebuildCommonClasses (10ms)
	RebuildNativeTypeToScriptingClass (11ms)
	initialDomainReloadingComplete (48ms)
	LoadAllAssembliesAndSetupDomain (359ms)
		LoadAssemblies (429ms)
		AnalyzeDomain (17ms)
			TypeCache.Refresh (9ms)
			ResolveRequiredComponents (5ms)
	FinalizeReload (835ms)
		SetupLoadedEditorAssemblies (0ms)
			InitializePlatformSupportModulesInManaged (3ms)
			BeforeProcessingInitializeOnLoad (82ms)
			ProcessInitializeOnLoadAttributes (325ms)
			ProcessInitializeOnLoadMethodAttributes (150ms)
			AfterProcessingInitializeOnLoad (3ms)
		AwakeInstancesAfterBackupRestoration (31ms)
Shader Hidden/ChartRasterizerHardware is not supported: GPU does not support conservative rasterization
Unloading 24 Unused Serialized files (Serialized files now loaded: 0)
Unloading 7068 unused Assets / (7.5 MB). Loaded Objects now: 8182.
Memory consumption went from 232.4 MB to 224.8 MB.
Total: 17.797676 ms (FindLiveObjects: 1.016139 ms CreateObjectMapping: 2.925966 ms MarkObjects: 8.517802 ms  DeleteObjects: 5.335159 ms)

Prepare: number of updated asset objects reloaded= 0
========================================================================
Received Import Request.
  Time of request: 2026-09-10T14:08:36.30811Z
  Time since last request: 225668.68696152800112 seconds.
  importAddress: GUID: 54e836be02d74330a9f9b219a68d8765 - Path: Assets/Scripts/ClimableSurface.cs - Importer: ScriptedImporter/UnityEditor.QuickSearchModule:UnityEditor.Search:ASIAI0B
Importing 'GUID: 54e836be02d74330a9f9b219a68d8765 - Path: Assets/Scripts/ClimableSurface.cs - Importer: ScriptedImporter/UnityEditor.QuickSearchModule:UnityEditor.Search:ASIAI0B' with importer (ScriptedImporter : UnityEditor.QuickSearchModule:UnityEditor.Search:ASIAI0B)
Imported 'GUID: 54e836be02d74330a9f9b219a68d8765' -> (Import Result ID: '685e20170bc8e8eac1dcb8a74eb22b02') in 0.355 seconds [static and dynamic dependencies]. Details - ImportResultOutputID=c7dd536ddaf96280240ccf1b2062e43e DependenciesID=ef3c927a6665157899f82c39ff7e5536 StaticDependenciesID=29ca212d01b6172e6eac2f36b80ae637 
Number of updated asset objects reloaded before import = 0
Number of asset objects unloaded after import = 0
========================================================================
Received Prepare
AcceleratorClientConnectionCallback - disconnected - :0
Shader Hidden/ChartRasterizerHardware is not supported: GPU does not support conservative rasterization
Unloading 24 Unused Serialized files (Serialized files now loaded: 0)
Unloading 25 unused Assets / (2.7 MB). Loaded Objects now: 8184.
Memory consumption went from 229.3 MB to 226.6 MB.
Total: 49.428846 ms (FindLiveObjects: 5.180157 ms CreateObjectMapping: 3.171932 ms MarkObjects: 39.332240 ms  DeleteObjects: 1.740808 ms)

Prepare: number of updated asset objects reloaded= 0
========================================================================
Received Import Request.
  Time of request: 2026-09-10T14:08:42.68111Z
  Time since last request: 5.781132026 seconds.
  importAddress: GUID: 636fd7ce37982e928b10697c2093c264 - Path: Assets/Scenes/Hub.unity - Importer: PreviewImporter
Importing 'GUID: 636fd7ce37982e928b10697c2093c264 - Path: Assets/Scenes/Hub.unity - Importer: PreviewImporter' with importer (PreviewImporter)
Imported 'GUID: 636fd7ce37982e928b10697c2093c264' -> (Import Result ID: '2cfe243b18fe0778c3c2e78ff0a73973') in 0.001 seconds [static and dynamic dependencies]. Details - ImportResultOutputID=542dc6b22163d64718c5af8de1d6205c DependenciesID=75075929c51561f72d82ae10f6338ecb StaticDependenciesID=5781dab27c6c6f94fe4f37989f98a083 
Number of updated asset objects reloaded before import = 0
Number of asset objects unloaded after import = 0
========================================================================
Received Import Request.
  Time of request: 2026-09-10T14:08:43.244329Z
  Time since last request: 0.550531808 seconds.
  importAddress: GUID: 636fd7ce37982e928b10697c2093c264 - Path: Assets/Scenes/Hub.unity - Importer: ScriptedImporter/UnityEditor.QuickSearchModule:UnityEditor.Search:ASIAI0B
Importing 'GUID: 636fd7ce37982e928b10697c2093c264 - Path: Assets/Scenes/Hub.unity - Importer: ScriptedImporter/UnityEditor.QuickSearchModule:UnityEditor.Search:ASIAI0B' with importer (ScriptedImporter : UnityEditor.QuickSearchModule:UnityEditor.Search:ASIAI0B)
Imported 'GUID: 636fd7ce37982e928b10697c2093c264' -> (Import Result ID: '189b9eeafef77940e11249586feb1593') in 0.007 seconds [static and dynamic dependencies]. Details - ImportResultOutputID=5ee5ae61a592f391f7c500ed16a536c0 DependenciesID=54d00247e84a8f89335cae42cff1f9f2 StaticDependenciesID=463e2157efc9d7a45b4ac1233492d2d7 
Number of updated asset objects reloaded before import = 0
Number of asset objects unloaded after import = 1
========================================================================
Received Import Request.
  Time of request: 2026-09-10T14:08:48.199096Z
  Time since last request: 4.923384064 seconds.
  importAddress: GUID: fd4b11fce37687cb3b98679e08f4f41a - Path: Assets/Scenes/MissionTest.unity - Importer: ScriptedImporter/UnityEditor.QuickSearchModule:UnityEditor.Search:ASIAI0B
Importing 'GUID: fd4b11fce37687cb3b98679e08f4f41a - Path: Assets/Scenes/MissionTest.unity - Importer: ScriptedImporter/UnityEditor.QuickSearchModule:UnityEditor.Search:ASIAI0B' with importer (ScriptedImporter : UnityEditor.QuickSearchModule:UnityEditor.Search:ASIAI0B)
Imported 'GUID: fd4b11fce37687cb3b98679e08f4f41a' -> (Import Result ID: '9b9ce671985b54008a8a949cd828ec53') in 0.078 seconds [static and dynamic dependencies]. Details - ImportResultOutputID=82c079056bcf1c4787ffcb68e5c75677 DependenciesID=37ea781cfb85f380418b5150d056b213 StaticDependenciesID=de9845a073d7f9ac3a5ebde33dca9448 
Number of updated asset objects reloaded before import = 0
Number of asset objects unloaded after import = 1
========================================================================
Received Prepare
AcceleratorClientConnectionCallback - disconnected - :0
Shader Hidden/ChartRasterizerHardware is not supported: GPU does not support conservative rasterization
Unloading 24 Unused Serialized files (Serialized files now loaded: 0)
Unloading 24 unused Assets / (2.7 MB). Loaded Objects now: 8184.
Memory consumption went from 229.4 MB to 226.8 MB.
Total: 60.364658 ms (FindLiveObjects: 2.350919 ms CreateObjectMapping: 2.713486 ms MarkObjects: 54.082040 ms  DeleteObjects: 1.215607 ms)

Prepare: number of updated asset objects reloaded= 0
========================================================================
Received Import Request.
  Time of request: 2026-09-10T14:09:37.035054Z
  Time since last request: 48.726045788 seconds.
  importAddress: GUID: 636fd7ce37982e928b10697c2093c264 - Path: Assets/Scenes/Hub.unity - Importer: ScriptedImporter/UnityEditor.QuickSearchModule:UnityEditor.Search:ASIAI0B
Importing 'GUID: 636fd7ce37982e928b10697c2093c264 - Path: Assets/Scenes/Hub.unity - Importer: ScriptedImporter/UnityEditor.QuickSearchModule:UnityEditor.Search:ASIAI0B' with importer (ScriptedImporter : UnityEditor.QuickSearchModule:UnityEditor.Search:ASIAI0B)
Imported 'GUID: 636fd7ce37982e928b10697c2093c264' -> (Import Result ID: '781f179a9cfe50bc840d14d62f393e36') in 0.011 seconds [static and dynamic dependencies]. Details - ImportResultOutputID=1fd42d550e94c33d1d4c9cc7b0167b8d DependenciesID=cdfa85a275decd14e87fb3a7e8c3c7f7 StaticDependenciesID=b00a20c93db2193b394096531c1bb91a 
Number of updated asset objects reloaded before import = 0
Number of asset objects unloaded after import = 1
========================================================================
Received Import Request.
  Time of request: 2026-09-10T14:09:38.512981Z
  Time since last request: 1.439272896 seconds.
  importAddress: GUID: fd4b11fce37687cb3b98679e08f4f41a - Path: Assets/Scenes/MissionTest.unity - Importer: PreviewImporter
Importing 'GUID: fd4b11fce37687cb3b98679e08f4f41a - Path: Assets/Scenes/MissionTest.unity - Importer: PreviewImporter' with importer (PreviewImporter)
Imported 'GUID: fd4b11fce37687cb3b98679e08f4f41a' -> (Import Result ID: '1767165ed6d2295a32f544f2fd16e888') in 0.002 seconds [static and dynamic dependencies]. Details - ImportResultOutputID=ed8adafebd6df17feb96a021290fb710 DependenciesID=5eb879fb0da989ad4d037885fac74e07 StaticDependenciesID=b982d354994cb61ba3fa057da946412d 
Number of updated asset objects reloaded before import = 0
Number of asset objects unloaded after import = 0
========================================================================
Received Import Request.
  Time of request: 2026-09-10T14:09:45.127153Z
  Time since last request: 6.579726401 seconds.
  importAddress: GUID: 636fd7ce37982e928b10697c2093c264 - Path: Assets/Scenes/Hub.unity - Importer: PreviewImporter
Importing 'GUID: 636fd7ce37982e928b10697c2093c264 - Path: Assets/Scenes/Hub.unity - Importer: PreviewImporter' with importer (PreviewImporter)
Imported 'GUID: 636fd7ce37982e928b10697c2093c264' -> (Import Result ID: '015cada88c95b3c9e34a911ac9ea5cb4') in 0.001 seconds [static and dynamic dependencies]. Details - ImportResultOutputID=542dc6b22163d64718c5af8de1d6205c DependenciesID=c2c26f4a6972a6183fd989d89a66c1af StaticDependenciesID=c29d234d1aa9071fa2208eff163aef6c 
Number of updated asset objects reloaded before import = 0
Number of asset objects unloaded after import = 0
========================================================================
Received Prepare
AcceleratorClientConnectionCallback - disconnected - :0
Assembly reference Packages/com.unity.cinemachine/Editor/Samples/ExposeHDRPInternals/HDRP-Editor-ref.asmref has no target assembly definition
Assembly reference Packages/com.unity.cinemachine/Editor/Samples/ExposeHDRPInternals/HDRP-Editor-ref.asmref has no target assembly definition
[Licensing::Client] Successfully resolved entitlement details
[Licensing::Module] License group:
  Id: F4-M77M-HXW8-HJ67-XE8W-XXXX
  Product: Unity Personal
  Type: ULF
  Expiration: Unlimited
[Licensing::Module] License group:
  Id: 10170777712478-UnityPersXXXX
  Product: Unity Personal
  Type: Assigned
  Expiration: Unlimited
Begin MonoManager ReloadAssembly
Assembly reference Packages/com.unity.cinemachine/Editor/Samples/ExposeHDRPInternals/HDRP-Editor-ref.asmref has no target assembly definition
Assembly reference Packages/com.unity.cinemachine/Editor/Samples/ExposeHDRPInternals/HDRP-Editor-ref.asmref has no target assembly definition
'Packages/com.unity.cinemachine/Editor/Obsolete/CinemachineVirtualCameraBaseEditor.cs' contains partial class of Unity.Object, exactly 1 of the partial classes needs to be in a file with the same filename. This is to know the one that can be referenced from ie. GameObjects
'Packages/com.unity.cinemachine/Editor/Editors/CinemachineVirtualCameraBaseEditor.cs' contains partial class of Unity.Object, exactly 1 of the partial classes needs to be in a file with the same filename. This is to know the one that can be referenced from ie. GameObjects
Native extension for LinuxStandalone target not found
[Package Manager] Failed to launch server process. Reason: Unity was launched with the -noUpm command-line argument
[Package Manager] Unable to send message (not connected to server process).
[Package Manager] Cannot connect to Unity Package Manager local server
[Package Manager] Failed to launch server process. Reason: Unity was launched with the -noUpm command-line argument
[Package Manager] Unable to send message (not connected to server process).
[Package Manager] Cannot connect to Unity Package Manager local server
[Package Manager] Failed to launch server process. Reason: Unity was launched with the -noUpm command-line argument
[Package Manager] Unable to send message (not connected to server process).
[Package Manager] Cannot connect to Unity Package Manager local server
ScheduleIndexationOnStartup MainProcess:False IndexOnStartup:True
Mono: successfully reloaded assembly
- Finished resetting the current domain, in  0.837 seconds
Domain Reload Profiling: 2481ms
	BeginReloadAssembly (503ms)
		DisableScriptedObjects (24ms)
		CreateAndSetChildDomain (122ms)
	RebuildCommonClasses (9ms)
	RebuildNativeTypeToScriptingClass (10ms)
	initialDomainReloadingComplete (145ms)
	LoadAllAssembliesAndSetupDomain (976ms)
		LoadAssemblies (1083ms)
		AnalyzeDomain (32ms)
			TypeCache.Refresh (15ms)
			ResolveRequiredComponents (5ms)
	FinalizeReload (838ms)
		SetupLoadedEditorAssemblies (0ms)
			BeforeProcessingInitializeOnLoad (78ms)
			ProcessInitializeOnLoadAttributes (362ms)
			ProcessInitializeOnLoadMethodAttributes (123ms)
		AwakeInstancesAfterBackupRestoration (24ms)
Shader Hidden/ChartRasterizerHardware is not supported: GPU does not support conservative rasterization
Unloading 24 Unused Serialized files (Serialized files now loaded: 0)
Unloading 7068 unused Assets / (5.8 MB). Loaded Objects now: 8187.
Memory consumption went from 233.6 MB to 227.8 MB.
Total: 13.894551 ms (FindLiveObjects: 0.861627 ms CreateObjectMapping: 2.939203 ms MarkObjects: 6.972017 ms  DeleteObjects: 3.118778 ms)

Prepare: number of updated asset objects reloaded= 0
========================================================================
Received Prepare
AcceleratorClientConnectionCallback - disconnected - :0
Assembly reference Packages/com.unity.cinemachine/Editor/Samples/ExposeHDRPInternals/HDRP-Editor-ref.asmref has no target assembly definition
Assembly reference Packages/com.unity.cinemachine/Editor/Samples/ExposeHDRPInternals/HDRP-Editor-ref.asmref has no target assembly definition
Begin MonoManager ReloadAssembly
Assembly reference Packages/com.unity.cinemachine/Editor/Samples/ExposeHDRPInternals/HDRP-Editor-ref.asmref has no target assembly definition
Assembly reference Packages/com.unity.cinemachine/Editor/Samples/ExposeHDRPInternals/HDRP-Editor-ref.asmref has no target assembly definition
'Packages/com.unity.cinemachine/Editor/Obsolete/CinemachineVirtualCameraBaseEditor.cs' contains partial class of Unity.Object, exactly 1 of the partial classes needs to be in a file with the same filename. This is to know the one that can be referenced from ie. GameObjects
'Packages/com.unity.cinemachine/Editor/Editors/CinemachineVirtualCameraBaseEditor.cs' contains partial class of Unity.Object, exactly 1 of the partial classes needs to be in a file with the same filename. This is to know the one that can be referenced from ie. GameObjects
Native extension for LinuxStandalone target not found
[Package Manager] Failed to launch server process. Reason: Unity was launched with the -noUpm command-line argument
[Package Manager] Unable to send message (not connected to server process).
[Package Manager] Cannot connect to Unity Package Manager local server
[Package Manager] Failed to launch server process. Reason: Unity was launched with the -noUpm command-line argument
[Package Manager] Unable to send message (not connected to server process).
[Package Manager] Cannot connect to Unity Package Manager local server
[Package Manager] Failed to launch server process. Reason: Unity was launched with the -noUpm command-line argument
[Package Manager] Unable to send message (not connected to server process).
[Package Manager] Cannot connect to Unity Package Manager local server
ScheduleIndexationOnStartup MainProcess:False IndexOnStartup:True
Mono: successfully reloaded assembly
- Finished resetting the current domain, in  0.653 seconds
Domain Reload Profiling: 1275ms
	BeginReloadAssembly (245ms)
		DisableScriptedObjects (9ms)
		CreateAndSetChildDomain (49ms)
	RebuildCommonClasses (7ms)
	RebuildNativeTypeToScriptingClass (8ms)
	initialDomainReloadingComplete (47ms)
	LoadAllAssembliesAndSetupDomain (314ms)
		LoadAssemblies (331ms)
		AnalyzeDomain (18ms)
			TypeCache.Refresh (9ms)
			ResolveRequiredComponents (5ms)
	FinalizeReload (654ms)
		SetupLoadedEditorAssemblies (0ms)
			BeforeProcessingInitializeOnLoad (71ms)
			ProcessInitializeOnLoadAttributes (256ms)
			ProcessInitializeOnLoadMethodAttributes (95ms)
		AwakeInstancesAfterBackupRestoration (21ms)
Shader Hidden/ChartRasterizerHardware is not supported: GPU does not support conservative rasterization
Unloading 24 Unused Serialized files (Serialized files now loaded: 0)
Unloading 7068 unused Assets / (6.4 MB). Loaded Objects now: 8190.
Memory consumption went from 233.8 MB to 227.4 MB.
Total: 12.713753 ms (FindLiveObjects: 0.544422 ms CreateObjectMapping: 2.543773 ms MarkObjects: 6.376979 ms  DeleteObjects: 3.246544 ms)

Prepare: number of updated asset objects reloaded= 0
========================================================================
Received Prepare
AcceleratorClientConnectionCallback - disconnected - :0
Assembly reference Packages/com.unity.cinemachine/Editor/Samples/ExposeHDRPInternals/HDRP-Editor-ref.asmref has no target assembly definition
Assembly reference Packages/com.unity.cinemachine/Editor/Samples/ExposeHDRPInternals/HDRP-Editor-ref.asmref has no target assembly definition
[Licensing::Client] Successfully resolved entitlement details
[Licensing::Module] License group:
  Id: F4-M77M-HXW8-HJ67-XE8W-XXXX
  Product: Unity Personal
  Type: ULF
  Expiration: Unlimited
[Licensing::Module] License group:
  Id: 10170777712478-UnityPersXXXX
  Product: Unity Personal
  Type: Assigned
  Expiration: Unlimited
Begin MonoManager ReloadAssembly
Assembly reference Packages/com.unity.cinemachine/Editor/Samples/ExposeHDRPInternals/HDRP-Editor-ref.asmref has no target assembly definition
Assembly reference Packages/com.unity.cinemachine/Editor/Samples/ExposeHDRPInternals/HDRP-Editor-ref.asmref has no target assembly definition
'Packages/com.unity.cinemachine/Editor/Obsolete/CinemachineVirtualCameraBaseEditor.cs' contains partial class of Unity.Object, exactly 1 of the partial classes needs to be in a file with the same filename. This is to know the one that can be referenced from ie. GameObjects
'Packages/com.unity.cinemachine/Editor/Editors/CinemachineVirtualCameraBaseEditor.cs' contains partial class of Unity.Object, exactly 1 of the partial classes needs to be in a file with the same filename. This is to know the one that can be referenced from ie. GameObjects
Native extension for LinuxStandalone target not found
[Package Manager] Failed to launch server process. Reason: Unity was launched with the -noUpm command-line argument
[Package Manager] Unable to send message (not connected to server process).
[Package Manager] Cannot connect to Unity Package Manager local server
[Package Manager] Failed to launch server process. Reason: Unity was launched with the -noUpm command-line argument
[Package Manager] Unable to send message (not connected to server process).
[Package Manager] Cannot connect to Unity Package Manager local server
[Package Manager] Failed to launch server process. Reason: Unity was launched with the -noUpm command-line argument
[Package Manager] Unable to send message (not connected to server process).
[Package Manager] Cannot connect to Unity Package Manager local server
ScheduleIndexationOnStartup MainProcess:False IndexOnStartup:True
Mono: successfully reloaded assembly
- Finished resetting the current domain, in  0.651 seconds
Domain Reload Profiling: 1312ms
	BeginReloadAssembly (257ms)
		DisableScriptedObjects (10ms)
		CreateAndSetChildDomain (49ms)
	RebuildCommonClasses (8ms)
	RebuildNativeTypeToScriptingClass (8ms)
	initialDomainReloadingComplete (49ms)
	LoadAllAssembliesAndSetupDomain (337ms)
		LoadAssemblies (355ms)
		AnalyzeDomain (18ms)
			TypeCache.Refresh (9ms)
			ResolveRequiredComponents (5ms)
	FinalizeReload (651ms)
		SetupLoadedEditorAssemblies (0ms)
			BeforeProcessingInitializeOnLoad (72ms)
			ProcessInitializeOnLoadAttributes (264ms)
			ProcessInitializeOnLoadMethodAttributes (87ms)
		AwakeInstancesAfterBackupRestoration (21ms)
Shader Hidden/ChartRasterizerHardware is not supported: GPU does not support conservative rasterization
Unloading 24 Unused Serialized files (Serialized files now loaded: 0)
Unloading 7068 unused Assets / (6.2 MB). Loaded Objects now: 8193.
Memory consumption went from 234.1 MB to 227.9 MB.
Total: 30.551617 ms (FindLiveObjects: 2.871016 ms CreateObjectMapping: 5.684460 ms MarkObjects: 16.644955 ms  DeleteObjects: 5.346594 ms)

Prepare: number of updated asset objects reloaded= 0
========================================================================
Received Prepare
AcceleratorClientConnectionCallback - disconnected - :0
Assembly reference Packages/com.unity.cinemachine/Editor/Samples/ExposeHDRPInternals/HDRP-Editor-ref.asmref has no target assembly definition
Assembly reference Packages/com.unity.cinemachine/Editor/Samples/ExposeHDRPInternals/HDRP-Editor-ref.asmref has no target assembly definition
[Licensing::Client] Successfully resolved entitlement details
[Licensing::Module] License group:
  Id: F4-M77M-HXW8-HJ67-XE8W-XXXX
  Product: Unity Personal
  Type: ULF
  Expiration: Unlimited
[Licensing::Module] License group:
  Id: 10170777712478-UnityPersXXXX
  Product: Unity Personal
  Type: Assigned
  Expiration: Unlimited
Begin MonoManager ReloadAssembly
Assembly reference Packages/com.unity.cinemachine/Editor/Samples/ExposeHDRPInternals/HDRP-Editor-ref.asmref has no target assembly definition
Assembly reference Packages/com.unity.cinemachine/Editor/Samples/ExposeHDRPInternals/HDRP-Editor-ref.asmref has no target assembly definition
'Packages/com.unity.cinemachine/Editor/Obsolete/CinemachineVirtualCameraBaseEditor.cs' contains partial class of Unity.Object, exactly 1 of the partial classes needs to be in a file with the same filename. This is to know the one that can be referenced from ie. GameObjects
'Packages/com.unity.cinemachine/Editor/Editors/CinemachineVirtualCameraBaseEditor.cs' contains partial class of Unity.Object, exactly 1 of the partial classes needs to be in a file with the same filename. This is to know the one that can be referenced from ie. GameObjects
Native extension for LinuxStandalone target not found
[Package Manager] Failed to launch server process. Reason: Unity was launched with the -noUpm command-line argument
[Package Manager] Unable to send message (not connected to server process).
[Package Manager] Cannot connect to Unity Package Manager local server
[Package Manager] Failed to launch server process. Reason: Unity was launched with the -noUpm command-line argument
[Package Manager] Unable to send message (not connected to server process).
[Package Manager] Cannot connect to Unity Package Manager local server
[Package Manager] Failed to launch server process. Reason: Unity was launched with the -noUpm command-line argument
[Package Manager] Unable to send message (not connected to server process).
[Package Manager] Cannot connect to Unity Package Manager local server
ScheduleIndexationOnStartup MainProcess:False IndexOnStartup:True
Mono: successfully reloaded assembly
- Finished resetting the current domain, in  0.690 seconds
Domain Reload Profiling: 1403ms
	BeginReloadAssembly (233ms)
		DisableScriptedObjects (15ms)
		CreateAndSetChildDomain (47ms)
	RebuildCommonClasses (19ms)
	RebuildNativeTypeToScriptingClass (20ms)
	initialDomainReloadingComplete (34ms)
	LoadAllAssembliesAndSetupDomain (405ms)
		LoadAssemblies (380ms)
		AnalyzeDomain (21ms)
			TypeCache.Refresh (11ms)
			ResolveRequiredComponents (6ms)
	FinalizeReload (691ms)
		SetupLoadedEditorAssemblies (0ms)
			BeforeProcessingInitializeOnLoad (70ms)
			ProcessInitializeOnLoadAttributes (291ms)
			ProcessInitializeOnLoadMethodAttributes (84ms)
		AwakeInstancesAfterBackupRestoration (22ms)
Shader Hidden/ChartRasterizerHardware is not supported: GPU does not support conservative rasterization
Unloading 24 Unused Serialized files (Serialized files now loaded: 0)
Unloading 7068 unused Assets / (6.7 MB). Loaded Objects now: 8196.
Memory consumption went from 234.3 MB to 227.6 MB.
Total: 11.768404 ms (FindLiveObjects: 0.615060 ms CreateObjectMapping: 2.813391 ms MarkObjects: 5.608323 ms  DeleteObjects: 2.729592 ms)

Prepare: number of updated asset objects reloaded= 0
========================================================================
Received Prepare
AcceleratorClientConnectionCallback - disconnected - :0
Assembly reference Packages/com.unity.cinemachine/Editor/Samples/ExposeHDRPInternals/HDRP-Editor-ref.asmref has no target assembly definition
Assembly reference Packages/com.unity.cinemachine/Editor/Samples/ExposeHDRPInternals/HDRP-Editor-ref.asmref has no target assembly definition
Begin MonoManager ReloadAssembly
Assembly reference Packages/com.unity.cinemachine/Editor/Samples/ExposeHDRPInternals/HDRP-Editor-ref.asmref has no target assembly definition
Assembly reference Packages/com.unity.cinemachine/Editor/Samples/ExposeHDRPInternals/HDRP-Editor-ref.asmref has no target assembly definition
'Packages/com.unity.cinemachine/Editor/Obsolete/CinemachineVirtualCameraBaseEditor.cs' contains partial class of Unity.Object, exactly 1 of the partial classes needs to be in a file with the same filename. This is to know the one that can be referenced from ie. GameObjects
'Packages/com.unity.cinemachine/Editor/Editors/CinemachineVirtualCameraBaseEditor.cs' contains partial class of Unity.Object, exactly 1 of the partial classes needs to be in a file with the same filename. This is to know the one that can be referenced from ie. GameObjects
Native extension for LinuxStandalone target not found
[Package Manager] Failed to launch server process. Reason: Unity was launched with the -noUpm command-line argument
[Package Manager] Unable to send message (not connected to server process).
[Package Manager] Cannot connect to Unity Package Manager local server
[Package Manager] Failed to launch server process. Reason: Unity was launched with the -noUpm command-line argument
[Package Manager] Unable to send message (not connected to server process).
[Package Manager] Cannot connect to Unity Package Manager local server
[Package Manager] Failed to launch server process. Reason: Unity was launched with the -noUpm command-line argument
[Package Manager] Unable to send message (not connected to server process).
[Package Manager] Cannot connect to Unity Package Manager local server
ScheduleIndexationOnStartup MainProcess:False IndexOnStartup:True
Mono: successfully reloaded assembly
- Finished resetting the current domain, in  0.638 seconds
Domain Reload Profiling: 1387ms
	BeginReloadAssembly (192ms)
		DisableScriptedObjects (8ms)
		CreateAndSetChildDomain (46ms)
	RebuildCommonClasses (8ms)
	RebuildNativeTypeToScriptingClass (15ms)
	initialDomainReloadingComplete (36ms)
	LoadAllAssembliesAndSetupDomain (498ms)
		LoadAssemblies (468ms)
		AnalyzeDomain (17ms)
			TypeCache.Refresh (8ms)
			ResolveRequiredComponents (5ms)
	FinalizeReload (639ms)
		SetupLoadedEditorAssemblies (0ms)
			InitializePlatformSupportModulesInManaged (3ms)
			BeforeProcessingInitializeOnLoad (66ms)
			ProcessInitializeOnLoadAttributes (260ms)
			ProcessInitializeOnLoadMethodAttributes (84ms)
		AwakeInstancesAfterBackupRestoration (19ms)
Shader Hidden/ChartRasterizerHardware is not supported: GPU does not support conservative rasterization
Unloading 24 Unused Serialized files (Serialized files now loaded: 0)
Unloading 7068 unused Assets / (6.1 MB). Loaded Objects now: 8199.
Memory consumption went from 234.5 MB to 228.4 MB.
Total: 12.967209 ms (FindLiveObjects: 0.634479 ms CreateObjectMapping: 3.335905 ms MarkObjects: 5.920685 ms  DeleteObjects: 3.074446 ms)

Prepare: number of updated asset objects reloaded= 0
========================================================================
Received Prepare
AcceleratorClientConnectionCallback - disconnected - :0
Shader Hidden/ChartRasterizerHardware is not supported: GPU does not support conservative rasterization
Unloading 24 Unused Serialized files (Serialized files now loaded: 0)
Unloading 24 unused Assets / (2.7 MB). Loaded Objects now: 8199.
Memory consumption went from 230.6 MB to 227.9 MB.
Total: 11.346550 ms (FindLiveObjects: 0.545757 ms CreateObjectMapping: 1.650083 ms MarkObjects: 8.717472 ms  DeleteObjects: 0.431696 ms)

Prepare: number of updated asset objects reloaded= 0
========================================================================
Received Import Request.
  Time of request: 2026-09-10T14:15:20.037346Z
  Time since last request: 334.87023333899998 seconds.
  importAddress: GUID: 0f29e3c1c576f6641b9e474f6b194480 - Path: Assets/Thirdparty/Ciathyza/Gridbox Prototype Materials/Materials/URP/Prototype_512x512_Blue1.mat - Importer: PreviewImporter
Importing 'GUID: 0f29e3c1c576f6641b9e474f6b194480 - Path: Assets/Thirdparty/Ciathyza/Gridbox Prototype Materials/Materials/URP/Prototype_512x512_Blue1.mat - Importer: PreviewImporter' with importer (PreviewImporter)
Imported 'GUID: 0f29e3c1c576f6641b9e474f6b194480' -> (Import Result ID: '5683fe4d284ff3ecb1c8d1c7f65c49f7') in 1.324 seconds [static and dynamic dependencies]. Details - ImportResultOutputID=07cc30e0b18a68898330977803d67c57 DependenciesID=0792d595362134d49de54262dffef3ff StaticDependenciesID=7583944d46d2579322dc09cfc95703bc 
Number of updated asset objects reloaded before import = 0
Number of asset objects unloaded after import = 5
========================================================================
Received Import Request.
  Time of request: 2026-09-10T14:56:19.337892Z
  Time since last request: 2457.98932211800002 seconds.
  importAddress: GUID: 636fd7ce37982e928b10697c2093c264 - Path: Assets/Scenes/Hub.unity - Importer: ScriptedImporter/UnityEditor.QuickSearchModule:UnityEditor.Search:ASIAI0B
Importing 'GUID: 636fd7ce37982e928b10697c2093c264 - Path: Assets/Scenes/Hub.unity - Importer: ScriptedImporter/UnityEditor.QuickSearchModule:UnityEditor.Search:ASIAI0B' with importer (ScriptedImporter : UnityEditor.QuickSearchModule:UnityEditor.Search:ASIAI0B)
Imported 'GUID: 636fd7ce37982e928b10697c2093c264' -> (Import Result ID: '5f82d5e3e389a0de4a4ab1b8c2dfbf21') in 0.232 seconds [static and dynamic dependencies]. Details - ImportResultOutputID=afb64bc63df27b1d78e73e94cbbb7969 DependenciesID=fc249b36c5c9cd840a0b83221651c1ac StaticDependenciesID=b15f0d64a8a0828b584930f9c0f5f529 
Number of updated asset objects reloaded before import = 0
Number of asset objects unloaded after import = 1
========================================================================
Received Prepare
AcceleratorClientConnectionCallback - disconnected - :0
'Packages/com.unity.cinemachine/Editor/Obsolete/CinemachineVirtualCameraBaseEditor.cs' contains partial class of Unity.Object, exactly 1 of the partial classes needs to be in a file with the same filename. This is to know the one that can be referenced from ie. GameObjects
'Packages/com.unity.cinemachine/Editor/Editors/CinemachineVirtualCameraBaseEditor.cs' contains partial class of Unity.Object, exactly 1 of the partial classes needs to be in a file with the same filename. This is to know the one that can be referenced from ie. GameObjects
Shader Hidden/ChartRasterizerHardware is not supported: GPU does not support conservative rasterization
Unloading 24 Unused Serialized files (Serialized files now loaded: 0)
Unloading 7056 unused Assets / (6.2 MB). Loaded Objects now: 8354.
Memory consumption went from 240.1 MB to 233.9 MB.
Total: 49.071203 ms (FindLiveObjects: 3.439734 ms CreateObjectMapping: 3.123692 ms MarkObjects: 39.659246 ms  DeleteObjects: 2.846938 ms)

Prepare: number of updated asset objects reloaded= 0
========================================================================
Received Import Request.
  Time of request: 2026-09-10T14:56:29.673846Z
  Time since last request: 9.994744349 seconds.
  importAddress: GUID: 50f739e5ad7359dd2868d9dcb77e0823 - Path: Assets/Scripts/Classes/MissionData.cs - Importer: ScriptedImporter/UnityEditor.QuickSearchModule:UnityEditor.Search:ASIAI0B
Importing 'GUID: 50f739e5ad7359dd2868d9dcb77e0823 - Path: Assets/Scripts/Classes/MissionData.cs - Importer: ScriptedImporter/UnityEditor.QuickSearchModule:UnityEditor.Search:ASIAI0B' with importer (ScriptedImporter : UnityEditor.QuickSearchModule:UnityEditor.Search:ASIAI0B)
Imported 'GUID: 50f739e5ad7359dd2868d9dcb77e0823' -> (Import Result ID: '3fe1893c9adb5705f81f2efe2118f082') in 0.096 seconds [static and dynamic dependencies]. Details - ImportResultOutputID=19659627edce1135f5812fa5038d9c97 DependenciesID=11394e2e624231dbb1581ae5c7c0b2d5 StaticDependenciesID=d1bfe787932c17605fcf8b614ec3554f 
Number of updated asset objects reloaded before import = 0
Number of asset objects unloaded after import = 0
========================================================================
Received Prepare
AcceleratorClientConnectionCallback - disconnected - :0
Assembly reference Packages/com.unity.cinemachine/Editor/Samples/ExposeHDRPInternals/HDRP-Editor-ref.asmref has no target assembly definition
Assembly reference Packages/com.unity.cinemachine/Editor/Samples/ExposeHDRPInternals/HDRP-Editor-ref.asmref has no target assembly definition
[Licensing::Client] Successfully resolved entitlement details
[Licensing::Module] License group:
  Id: F4-M77M-HXW8-HJ67-XE8W-XXXX
  Product: Unity Personal
  Type: ULF
  Expiration: Unlimited
[Licensing::Module] License group:
  Id: 10170777712478-UnityPersXXXX
  Product: Unity Personal
  Type: Assigned
  Expiration: Unlimited
Begin MonoManager ReloadAssembly
Assembly reference Packages/com.unity.cinemachine/Editor/Samples/ExposeHDRPInternals/HDRP-Editor-ref.asmref has no target assembly definition
Assembly reference Packages/com.unity.cinemachine/Editor/Samples/ExposeHDRPInternals/HDRP-Editor-ref.asmref has no target assembly definition
'Packages/com.unity.cinemachine/Editor/Obsolete/CinemachineVirtualCameraBaseEditor.cs' contains partial class of Unity.Object, exactly 1 of the partial classes needs to be in a file with the same filename. This is to know the one that can be referenced from ie. GameObjects
'Packages/com.unity.cinemachine/Editor/Editors/CinemachineVirtualCameraBaseEditor.cs' contains partial class of Unity.Object, exactly 1 of the partial classes needs to be in a file with the same filename. This is to know the one that can be referenced from ie. GameObjects
Refreshing native plugins compatible for Editor in 3.30 ms, found 0 plugins.
Native extension for LinuxStandalone target not found
[Package Manager] Failed to launch server process. Reason: Unity was launched with the -noUpm command-line argument
[Package Manager] Unable to send message (not connected to server process).
[Package Manager] Cannot connect to Unity Package Manager local server
[Package Manager] Failed to launch server process. Reason: Unity was launched with the -noUpm command-line argument
[Package Manager] Unable to send message (not connected to server process).
[Package Manager] Cannot connect to Unity Package Manager local server
[Package Manager] Failed to launch server process. Reason: Unity was launched with the -noUpm command-line argument
[Package Manager] Unable to send message (not connected to server process).
[Package Manager] Cannot connect to Unity Package Manager local server
ScheduleIndexationOnStartup MainProcess:False IndexOnStartup:True
Mono: successfully reloaded assembly
- Finished resetting the current domain, in  0.889 seconds
Domain Reload Profiling: 3320ms
	BeginReloadAssembly (871ms)
		DisableScriptedObjects (128ms)
		CreateAndSetChildDomain (172ms)
	RebuildCommonClasses (9ms)
	RebuildNativeTypeToScriptingClass (9ms)
	initialDomainReloadingComplete (119ms)
	LoadAllAssembliesAndSetupDomain (1422ms)
		LoadAssemblies (1349ms)
		AnalyzeDomain (344ms)
			TypeCache.Refresh (35ms)
			BuildScriptInfoCaches (295ms)
			ResolveRequiredComponents (5ms)
	FinalizeReload (890ms)
		SetupLoadedEditorAssemblies (0ms)
			BeforeProcessingInitializeOnLoad (95ms)
			ProcessInitializeOnLoadAttributes (407ms)
			ProcessInitializeOnLoadMethodAttributes (108ms)
			AfterProcessingInitializeOnLoad (6ms)
		AwakeInstancesAfterBackupRestoration (25ms)
Shader Hidden/ChartRasterizerHardware is not supported: GPU does not support conservative rasterization
Unloading 24 Unused Serialized files (Serialized files now loaded: 0)
Unloading 7069 unused Assets / (6.2 MB). Loaded Objects now: 8266.
Memory consumption went from 235.3 MB to 229.0 MB.
Total: 16.617798 ms (FindLiveObjects: 0.817736 ms CreateObjectMapping: 3.239252 ms MarkObjects: 9.287780 ms  DeleteObjects: 3.271058 ms)

Prepare: number of updated asset objects reloaded= 0
========================================================================
Received Import Request.
  Time of request: 2026-09-10T14:57:57.171045Z
  Time since last request: 87.390689706 seconds.
  importAddress: GUID: 50f739e5ad7359dd2868d9dcb77e0823 - Path: Assets/Scripts/Classes/MissionData.cs - Importer: PreviewImporter
Importing 'GUID: 50f739e5ad7359dd2868d9dcb77e0823 - Path: Assets/Scripts/Classes/MissionData.cs - Importer: PreviewImporter' with importer (PreviewImporter)
Imported 'GUID: 50f739e5ad7359dd2868d9dcb77e0823' -> (Import Result ID: '99bfe8c93f8f1c76ee2173b9be7bdac6') in 0.013 seconds [static and dynamic dependencies]. Details - ImportResultOutputID=934047242d72c541f59e73719aa7f92c DependenciesID=00d85dbfa4aba4a9d9cdf4fde677ee8c StaticDependenciesID=4da9e9131d62e1a9cb20082e97438260 
Number of updated asset objects reloaded before import = 0
Number of asset objects unloaded after import = 0
========================================================================
Received Import Request.
  Time of request: 2026-09-10T14:58:01.347845Z
  Time since last request: 4.151582381 seconds.
  importAddress: GUID: 50f739e5ad7359dd2868d9dcb77e0823 - Path: Assets/Scripts/Classes/MissionData.cs - Importer: ScriptedImporter/UnityEditor.QuickSearchModule:UnityEditor.Search:ASIAI0B
Importing 'GUID: 50f739e5ad7359dd2868d9dcb77e0823 - Path: Assets/Scripts/Classes/MissionData.cs - Importer: ScriptedImporter/UnityEditor.QuickSearchModule:UnityEditor.Search:ASIAI0B' with importer (ScriptedImporter : UnityEditor.QuickSearchModule:UnityEditor.Search:ASIAI0B)
Imported 'GUID: 50f739e5ad7359dd2868d9dcb77e0823' -> (Import Result ID: '00894fd6537812dfb89f12eeda7dc4ac') in 0.142 seconds [static and dynamic dependencies]. Details - ImportResultOutputID=9580f750b5697e58cfe5b26997d6d907 DependenciesID=46152c7713f05fe9228c94ea16af5def StaticDependenciesID=0c5813c1841e56b07b5b6adf3eb28631 
Number of updated asset objects reloaded before import = 0
Number of asset objects unloaded after import = 0
========================================================================
Received Prepare
AcceleratorClientConnectionCallback - disconnected - :0
Shader Hidden/ChartRasterizerHardware is not supported: GPU does not support conservative rasterization
Unloading 24 Unused Serialized files (Serialized files now loaded: 0)
Unloading 25 unused Assets / (2.7 MB). Loaded Objects now: 8266.
Memory consumption went from 231.2 MB to 228.6 MB.
Total: 10.957978 ms (FindLiveObjects: 0.775116 ms CreateObjectMapping: 2.192920 ms MarkObjects: 7.422415 ms  DeleteObjects: 0.565422 ms)

Prepare: number of updated asset objects reloaded= 0
========================================================================
Received Import Request.
  Time of request: 2026-09-10T14:58:04.051444Z
  Time since last request: 2.524251128 seconds.
  importAddress: GUID: c4ce27d2a8c69fe329e5ee868e0eac53 - Path: Assets/Scripts/Lobby - Importer: PreviewImporter
Importing 'GUID: c4ce27d2a8c69fe329e5ee868e0eac53 - Path: Assets/Scripts/Lobby - Importer: PreviewImporter' with importer (PreviewImporter)
Imported 'GUID: c4ce27d2a8c69fe329e5ee868e0eac53' -> (Import Result ID: '2b22990011c11f9c8e0aa7e17d86597d') in 0.002 seconds [static and dynamic dependencies]. Details - ImportResultOutputID=1c1979ccc0e7a75e16c49f0366714a03 DependenciesID=a2a947a6595627bcccfe6ac537b913df StaticDependenciesID=26d52c58713690de43d9b0e959001824 
Number of updated asset objects reloaded before import = 0
Number of asset objects unloaded after import = 0
========================================================================
Received Import Request.
  Time of request: 2026-09-10T14:58:04.823558Z
  Time since last request: 0.760330121 seconds.
  importAddress: GUID: c4ce27d2a8c69fe329e5ee868e0eac53 - Path: Assets/Scripts/Lobby - Importer: ScriptedImporter/UnityEditor.QuickSearchModule:UnityEditor.Search:ASIAI0B
Importing 'GUID: c4ce27d2a8c69fe329e5ee868e0eac53 - Path: Assets/Scripts/Lobby - Importer: ScriptedImporter/UnityEditor.QuickSearchModule:UnityEditor.Search:ASIAI0B' with importer (ScriptedImporter : UnityEditor.QuickSearchModule:UnityEditor.Search:ASIAI0B)
Imported 'GUID: c4ce27d2a8c69fe329e5ee868e0eac53' -> (Import Result ID: '2f586fb10c0131a8bcb7599f6d460e62') in 0.006 seconds [static and dynamic dependencies]. Details - ImportResultOutputID=c3b7573327325f284b610e71adb6aae9 DependenciesID=0f0a868d4bc0578e86dd0d05e9e78629 StaticDependenciesID=39cefe458ae12c749f30b4227582ce18 
Number of updated asset objects reloaded before import = 0
Number of asset objects unloaded after import = 1
========================================================================
Received Prepare
AcceleratorClientConnectionCallback - disconnected - :0
'Packages/com.unity.cinemachine/Editor/Obsolete/CinemachineVirtualCameraBaseEditor.cs' contains partial class of Unity.Object, exactly 1 of the partial classes needs to be in a file with the same filename. This is to know the one that can be referenced from ie. GameObjects
'Packages/com.unity.cinemachine/Editor/Editors/CinemachineVirtualCameraBaseEditor.cs' contains partial class of Unity.Object, exactly 1 of the partial classes needs to be in a file with the same filename. This is to know the one that can be referenced from ie. GameObjects
Shader Hidden/ChartRasterizerHardware is not supported: GPU does not support conservative rasterization
Unloading 24 Unused Serialized files (Serialized files now loaded: 0)
Unloading 7057 unused Assets / (6.4 MB). Loaded Objects now: 8267.
Memory consumption went from 235.6 MB to 229.2 MB.
Total: 13.967926 ms (FindLiveObjects: 0.791738 ms CreateObjectMapping: 3.285228 ms MarkObjects: 6.894686 ms  DeleteObjects: 2.994551 ms)

Prepare: number of updated asset objects reloaded= 0
========================================================================
Received Import Request.
  Time of request: 2026-09-10T14:58:14.190805Z
  Time since last request: 9.340698865 seconds.
  importAddress: GUID: 484a8209d5c01fa9582e26dccab8b5b1 - Path: Assets/Scripts/Lobby/GameSession.cs - Importer: ScriptedImporter/UnityEditor.QuickSearchModule:UnityEditor.Search:ASIAI0B
Importing 'GUID: 484a8209d5c01fa9582e26dccab8b5b1 - Path: Assets/Scripts/Lobby/GameSession.cs - Importer: ScriptedImporter/UnityEditor.QuickSearchModule:UnityEditor.Search:ASIAI0B' with importer (ScriptedImporter : UnityEditor.QuickSearchModule:UnityEditor.Search:ASIAI0B)
Imported 'GUID: 484a8209d5c01fa9582e26dccab8b5b1' -> (Import Result ID: '64d86e02c4f51783fd6df6d56fdcc7ba') in 0.006 seconds [static and dynamic dependencies]. Details - ImportResultOutputID=3131855a277c881ba717e846b7e342f3 DependenciesID=102686c5b9cb578dcf1cf4e038cac854 StaticDependenciesID=d1a63335d464e2a59892be2227ef9642 
Number of updated asset objects reloaded before import = 0
Number of asset objects unloaded after import = 0
========================================================================
Received Import Request.
  Time of request: 2026-09-10T14:58:14.221759Z
  Time since last request: 0.011451087 seconds.
  importAddress: GUID: 484a8209d5c01fa9582e26dccab8b5b1 - Path: Assets/Scripts/Lobby/GameSession.cs - Importer: PreviewImporter
Importing 'GUID: 484a8209d5c01fa9582e26dccab8b5b1 - Path: Assets/Scripts/Lobby/GameSession.cs - Importer: PreviewImporter' with importer (PreviewImporter)
Imported 'GUID: 484a8209d5c01fa9582e26dccab8b5b1' -> (Import Result ID: '4e61fcab154aa068ad6fcb1203e607f5') in 0.001 seconds [static and dynamic dependencies]. Details - ImportResultOutputID=4e99afc21c05f89fc1f025206b11d85d DependenciesID=d2f970b2eff92a9f398d58530ed07630 StaticDependenciesID=f8bfbbf6a31bc9ea4e9327ba46155f17 
Number of updated asset objects reloaded before import = 0
Number of asset objects unloaded after import = 0
========================================================================
Received Prepare
AcceleratorClientConnectionCallback - disconnected - :0
Assembly reference Packages/com.unity.cinemachine/Editor/Samples/ExposeHDRPInternals/HDRP-Editor-ref.asmref has no target assembly definition
Assembly reference Packages/com.unity.cinemachine/Editor/Samples/ExposeHDRPInternals/HDRP-Editor-ref.asmref has no target assembly definition
Begin MonoManager ReloadAssembly
Assembly reference Packages/com.unity.cinemachine/Editor/Samples/ExposeHDRPInternals/HDRP-Editor-ref.asmref has no target assembly definition
Assembly reference Packages/com.unity.cinemachine/Editor/Samples/ExposeHDRPInternals/HDRP-Editor-ref.asmref has no target assembly definition
'Packages/com.unity.cinemachine/Editor/Obsolete/CinemachineVirtualCameraBaseEditor.cs' contains partial class of Unity.Object, exactly 1 of the partial classes needs to be in a file with the same filename. This is to know the one that can be referenced from ie. GameObjects
'Packages/com.unity.cinemachine/Editor/Editors/CinemachineVirtualCameraBaseEditor.cs' contains partial class of Unity.Object, exactly 1 of the partial classes needs to be in a file with the same filename. This is to know the one that can be referenced from ie. GameObjects
Refreshing native plugins compatible for Editor in 2.48 ms, found 0 plugins.
Native extension for LinuxStandalone target not found
[Package Manager] Failed to launch server process. Reason: Unity was launched with the -noUpm command-line argument
[Package Manager] Unable to send message (not connected to server process).
[Package Manager] Cannot connect to Unity Package Manager local server
[Package Manager] Failed to launch server process. Reason: Unity was launched with the -noUpm command-line argument
[Package Manager] Unable to send message (not connected to server process).
[Package Manager] Cannot connect to Unity Package Manager local server
[Package Manager] Failed to launch server process. Reason: Unity was launched with the -noUpm command-line argument
[Package Manager] Unable to send message (not connected to server process).
[Package Manager] Cannot connect to Unity Package Manager local server
ScheduleIndexationOnStartup MainProcess:False IndexOnStartup:True
Mono: successfully reloaded assembly
- Finished resetting the current domain, in  0.715 seconds
Domain Reload Profiling: 4682ms
	BeginReloadAssembly (1242ms)
		DisableScriptedObjects (16ms)
		CreateAndSetChildDomain (73ms)
	RebuildCommonClasses (10ms)
	RebuildNativeTypeToScriptingClass (9ms)
	initialDomainReloadingComplete (1071ms)
	LoadAllAssembliesAndSetupDomain (1635ms)
		LoadAssemblies (2334ms)
		AnalyzeDomain (249ms)
			TypeCache.Refresh (26ms)
			BuildScriptInfoCaches (211ms)
			ResolveRequiredComponents (5ms)
	FinalizeReload (716ms)
		SetupLoadedEditorAssemblies (0ms)
			BeforeProcessingInitializeOnLoad (74ms)
			ProcessInitializeOnLoadAttributes (294ms)
			ProcessInitializeOnLoadMethodAttributes (101ms)
		AwakeInstancesAfterBackupRestoration (22ms)
Shader Hidden/ChartRasterizerHardware is not supported: GPU does not support conservative rasterization
Unloading 24 Unused Serialized files (Serialized files now loaded: 0)
Unloading 7070 unused Assets / (6.1 MB). Loaded Objects now: 8270.
Memory consumption went from 235.7 MB to 229.6 MB.
Total: 14.797837 ms (FindLiveObjects: 0.753025 ms CreateObjectMapping: 3.174633 ms MarkObjects: 7.791267 ms  DeleteObjects: 3.076267 ms)

Prepare: number of updated asset objects reloaded= 0
========================================================================
Received Prepare
AcceleratorClientConnectionCallback - disconnected - :0
Assembly reference Packages/com.unity.cinemachine/Editor/Samples/ExposeHDRPInternals/HDRP-Editor-ref.asmref has no target assembly definition
Assembly reference Packages/com.unity.cinemachine/Editor/Samples/ExposeHDRPInternals/HDRP-Editor-ref.asmref has no target assembly definition
[Licensing::Client] Successfully resolved entitlement details
[Licensing::Module] License group:
  Id: F4-M77M-HXW8-HJ67-XE8W-XXXX
  Product: Unity Personal
  Type: ULF
  Expiration: Unlimited
[Licensing::Module] License group:
  Id: 10170777712478-UnityPersXXXX
  Product: Unity Personal
  Type: Assigned
  Expiration: Unlimited
Begin MonoManager ReloadAssembly
Assembly reference Packages/com.unity.cinemachine/Editor/Samples/ExposeHDRPInternals/HDRP-Editor-ref.asmref has no target assembly definition
Assembly reference Packages/com.unity.cinemachine/Editor/Samples/ExposeHDRPInternals/HDRP-Editor-ref.asmref has no target assembly definition
'Packages/com.unity.cinemachine/Editor/Obsolete/CinemachineVirtualCameraBaseEditor.cs' contains partial class of Unity.Object, exactly 1 of the partial classes needs to be in a file with the same filename. This is to know the one that can be referenced from ie. GameObjects
'Packages/com.unity.cinemachine/Editor/Editors/CinemachineVirtualCameraBaseEditor.cs' contains partial class of Unity.Object, exactly 1 of the partial classes needs to be in a file with the same filename. This is to know the one that can be referenced from ie. GameObjects
Native extension for LinuxStandalone target not found
[Package Manager] Failed to launch server process. Reason: Unity was launched with the -noUpm command-line argument
[Package Manager] Unable to send message (not connected to server process).
[Package Manager] Cannot connect to Unity Package Manager local server
[Package Manager] Failed to launch server process. Reason: Unity was launched with the -noUpm command-line argument
[Package Manager] Unable to send message (not connected to server process).
[Package Manager] Cannot connect to Unity Package Manager local server
[Package Manager] Failed to launch server process. Reason: Unity was launched with the -noUpm command-line argument
[Package Manager] Unable to send message (not connected to server process).
[Package Manager] Cannot connect to Unity Package Manager local server
ScheduleIndexationOnStartup MainProcess:False IndexOnStartup:True
Mono: successfully reloaded assembly
- Finished resetting the current domain, in  0.771 seconds
Domain Reload Profiling: 2307ms
	BeginReloadAssembly (511ms)
		DisableScriptedObjects (36ms)
		CreateAndSetChildDomain (175ms)
	RebuildCommonClasses (8ms)
	RebuildNativeTypeToScriptingClass (9ms)
	initialDomainReloadingComplete (62ms)
	LoadAllAssembliesAndSetupDomain (944ms)
		LoadAssemblies (630ms)
		AnalyzeDomain (312ms)
			TypeCache.Refresh (22ms)
			BuildScriptInfoCaches (275ms)
			ResolveRequiredComponents (9ms)
	FinalizeReload (772ms)
		SetupLoadedEditorAssemblies (0ms)
			BeforeProcessingInitializeOnLoad (84ms)
			ProcessInitializeOnLoadAttributes (320ms)
			ProcessInitializeOnLoadMethodAttributes (98ms)
		AwakeInstancesAfterBackupRestoration (22ms)
Shader Hidden/ChartRasterizerHardware is not supported: GPU does not support conservative rasterization
Unloading 24 Unused Serialized files (Serialized files now loaded: 0)
Unloading 7070 unused Assets / (5.6 MB). Loaded Objects now: 8273.
Memory consumption went from 235.9 MB to 230.3 MB.
Total: 13.304072 ms (FindLiveObjects: 0.677613 ms CreateObjectMapping: 2.944080 ms MarkObjects: 6.894570 ms  DeleteObjects: 2.786133 ms)

Prepare: number of updated asset objects reloaded= 0
========================================================================
Received Prepare
AcceleratorClientConnectionCallback - disconnected - :0
Shader Hidden/ChartRasterizerHardware is not supported: GPU does not support conservative rasterization
Unloading 24 Unused Serialized files (Serialized files now loaded: 0)
Unloading 24 unused Assets / (2.7 MB). Loaded Objects now: 8273.
Memory consumption went from 232.0 MB to 229.3 MB.
Total: 56.886733 ms (FindLiveObjects: 1.717979 ms CreateObjectMapping: 1.633588 ms MarkObjects: 52.683113 ms  DeleteObjects: 0.722946 ms)

Prepare: number of updated asset objects reloaded= 0
========================================================================
Received Import Request.
  Time of request: 2026-09-10T15:11:50.607263Z
  Time since last request: 816.515134483 seconds.
  importAddress: GUID: 3d9914e92c1db3f4caed885c92e0b7e9 - Path: Assets/Thirdparty/Ciathyza/Gridbox Prototype Materials/Materials/URP/Prototype_512x512_Cyan.mat - Importer: PreviewImporter
Importing 'GUID: 3d9914e92c1db3f4caed885c92e0b7e9 - Path: Assets/Thirdparty/Ciathyza/Gridbox Prototype Materials/Materials/URP/Prototype_512x512_Cyan.mat - Importer: PreviewImporter' with importer (PreviewImporter)
Imported 'GUID: 3d9914e92c1db3f4caed885c92e0b7e9' -> (Import Result ID: '422e3d426adf2c682b715a4611768980') in 1.369 seconds [static and dynamic dependencies]. Details - ImportResultOutputID=db66b97791054c59cfb78ba86546dc72 DependenciesID=f7ff1beded1746f7b9c2a322640de980 StaticDependenciesID=e8cb640983bcafc222958056c33a0e4c 
Number of updated asset objects reloaded before import = 0
Number of asset objects unloaded after import = 4
========================================================================
Received Prepare
AcceleratorClientConnectionCallback - disconnected - :0
Assembly reference Packages/com.unity.cinemachine/Editor/Samples/ExposeHDRPInternals/HDRP-Editor-ref.asmref has no target assembly definition
Assembly reference Packages/com.unity.cinemachine/Editor/Samples/ExposeHDRPInternals/HDRP-Editor-ref.asmref has no target assembly definition
[Licensing::Client] Successfully resolved entitlement details
[Licensing::Module] License group:
  Id: F4-M77M-HXW8-HJ67-XE8W-XXXX
  Product: Unity Personal
  Type: ULF
  Expiration: Unlimited
[Licensing::Module] License group:
  Id: 10170777712478-UnityPersXXXX
  Product: Unity Personal
  Type: Assigned
  Expiration: Unlimited
Begin MonoManager ReloadAssembly
Assembly reference Packages/com.unity.cinemachine/Editor/Samples/ExposeHDRPInternals/HDRP-Editor-ref.asmref has no target assembly definition
Assembly reference Packages/com.unity.cinemachine/Editor/Samples/ExposeHDRPInternals/HDRP-Editor-ref.asmref has no target assembly definition
'Packages/com.unity.cinemachine/Editor/Obsolete/CinemachineVirtualCameraBaseEditor.cs' contains partial class of Unity.Object, exactly 1 of the partial classes needs to be in a file with the same filename. This is to know the one that can be referenced from ie. GameObjects
'Packages/com.unity.cinemachine/Editor/Editors/CinemachineVirtualCameraBaseEditor.cs' contains partial class of Unity.Object, exactly 1 of the partial classes needs to be in a file with the same filename. This is to know the one that can be referenced from ie. GameObjects
Refreshing native plugins compatible for Editor in 2.08 ms, found 0 plugins.
Native extension for LinuxStandalone target not found
[Package Manager] Failed to launch server process. Reason: Unity was launched with the -noUpm command-line argument
[Package Manager] Unable to send message (not connected to server process).
[Package Manager] Cannot connect to Unity Package Manager local server
[Package Manager] Failed to launch server process. Reason: Unity was launched with the -noUpm command-line argument
[Package Manager] Unable to send message (not connected to server process).
[Package Manager] Cannot connect to Unity Package Manager local server
[Package Manager] Failed to launch server process. Reason: Unity was launched with the -noUpm command-line argument
[Package Manager] Unable to send message (not connected to server process).
[Package Manager] Cannot connect to Unity Package Manager local server
Refreshing native plugins compatible for Editor in 4.05 ms, found 0 plugins.
ScheduleIndexationOnStartup MainProcess:False IndexOnStartup:True
Mono: successfully reloaded assembly
- Finished resetting the current domain, in  0.868 seconds
Domain Reload Profiling: 2365ms
	BeginReloadAssembly (617ms)
		DisableScriptedObjects (55ms)
		CreateAndSetChildDomain (183ms)
	RebuildCommonClasses (10ms)
	RebuildNativeTypeToScriptingClass (10ms)
	initialDomainReloadingComplete (66ms)
	LoadAllAssembliesAndSetupDomain (792ms)
		LoadAssemblies (867ms)
		AnalyzeDomain (26ms)
			TypeCache.Refresh (11ms)
			ResolveRequiredComponents (6ms)
	FinalizeReload (870ms)
		SetupLoadedEditorAssemblies (0ms)
			BeforeProcessingInitializeOnLoad (84ms)
			ProcessInitializeOnLoadAttributes (345ms)
			ProcessInitializeOnLoadMethodAttributes (125ms)
		AwakeInstancesAfterBackupRestoration (31ms)
Shader Hidden/ChartRasterizerHardware is not supported: GPU does not support conservative rasterization
Refreshing native plugins compatible for Editor in 10.94 ms, found 0 plugins.
Unloading 24 Unused Serialized files (Serialized files now loaded: 0)
Unloading 7070 unused Assets / (7.1 MB). Loaded Objects now: 8296.
Memory consumption went from 236.5 MB to 229.4 MB.
Total: 18.364909 ms (FindLiveObjects: 1.552660 ms CreateObjectMapping: 4.074868 ms MarkObjects: 8.299221 ms  DeleteObjects: 4.432858 ms)

Prepare: number of updated asset objects reloaded= 0
========================================================================
Received Prepare
AcceleratorClientConnectionCallback - disconnected - :0
Assembly reference Packages/com.unity.cinemachine/Editor/Samples/ExposeHDRPInternals/HDRP-Editor-ref.asmref has no target assembly definition
Assembly reference Packages/com.unity.cinemachine/Editor/Samples/ExposeHDRPInternals/HDRP-Editor-ref.asmref has no target assembly definition
Begin MonoManager ReloadAssembly
Assembly reference Packages/com.unity.cinemachine/Editor/Samples/ExposeHDRPInternals/HDRP-Editor-ref.asmref has no target assembly definition
Assembly reference Packages/com.unity.cinemachine/Editor/Samples/ExposeHDRPInternals/HDRP-Editor-ref.asmref has no target assembly definition
'Packages/com.unity.cinemachine/Editor/Obsolete/CinemachineVirtualCameraBaseEditor.cs' contains partial class of Unity.Object, exactly 1 of the partial classes needs to be in a file with the same filename. This is to know the one that can be referenced from ie. GameObjects
'Packages/com.unity.cinemachine/Editor/Editors/CinemachineVirtualCameraBaseEditor.cs' contains partial class of Unity.Object, exactly 1 of the partial classes needs to be in a file with the same filename. This is to know the one that can be referenced from ie. GameObjects
Native extension for LinuxStandalone target not found
[Package Manager] Failed to launch server process. Reason: Unity was launched with the -noUpm command-line argument
[Package Manager] Unable to send message (not connected to server process).
[Package Manager] Cannot connect to Unity Package Manager local server
[Package Manager] Failed to launch server process. Reason: Unity was launched with the -noUpm command-line argument
[Package Manager] Unable to send message (not connected to server process).
[Package Manager] Cannot connect to Unity Package Manager local server
[Package Manager] Failed to launch server process. Reason: Unity was launched with the -noUpm command-line argument
[Package Manager] Unable to send message (not connected to server process).
[Package Manager] Cannot connect to Unity Package Manager local server
ScheduleIndexationOnStartup MainProcess:False IndexOnStartup:True
Mono: successfully reloaded assembly
- Finished resetting the current domain, in  0.769 seconds
Domain Reload Profiling: 1666ms
	BeginReloadAssembly (269ms)
		DisableScriptedObjects (11ms)
		CreateAndSetChildDomain (64ms)
	RebuildCommonClasses (8ms)
	RebuildNativeTypeToScriptingClass (9ms)
	initialDomainReloadingComplete (55ms)
	LoadAllAssembliesAndSetupDomain (555ms)
		LoadAssemblies (564ms)
		AnalyzeDomain (17ms)
			TypeCache.Refresh (8ms)
			ResolveRequiredComponents (5ms)
	FinalizeReload (770ms)
		SetupLoadedEditorAssemblies (0ms)
			BeforeProcessingInitializeOnLoad (86ms)
			ProcessInitializeOnLoadAttributes (319ms)
			ProcessInitializeOnLoadMethodAttributes (96ms)
		AwakeInstancesAfterBackupRestoration (30ms)
Shader Hidden/ChartRasterizerHardware is not supported: GPU does not support conservative rasterization
Unloading 24 Unused Serialized files (Serialized files now loaded: 0)
Unloading 7070 unused Assets / (6.8 MB). Loaded Objects now: 8299.
Memory consumption went from 236.5 MB to 229.7 MB.
Total: 15.786292 ms (FindLiveObjects: 1.611345 ms CreateObjectMapping: 3.487718 ms MarkObjects: 6.577524 ms  DeleteObjects: 4.106995 ms)

Prepare: number of updated asset objects reloaded= 0
========================================================================
Received Import Request.
  Time of request: 2026-09-10T15:13:56.218618Z
  Time since last request: 124.224666008 seconds.
  importAddress: GUID: 636fd7ce37982e928b10697c2093c264 - Path: Assets/Scenes/Hub.unity - Importer: ScriptedImporter/UnityEditor.QuickSearchModule:UnityEditor.Search:ASIAI0B
Importing 'GUID: 636fd7ce37982e928b10697c2093c264 - Path: Assets/Scenes/Hub.unity - Importer: ScriptedImporter/UnityEditor.QuickSearchModule:UnityEditor.Search:ASIAI0B' with importer (ScriptedImporter : UnityEditor.QuickSearchModule:UnityEditor.Search:ASIAI0B)
Imported 'GUID: 636fd7ce37982e928b10697c2093c264' -> (Import Result ID: '8aa5ed4195244ebddc0358c47a21b5d8') in 0.152 seconds [static and dynamic dependencies]. Details - ImportResultOutputID=288565ab95c4039fbaea443e60d83c21 DependenciesID=f0b57bf8e11048f8c0577d278680b90b StaticDependenciesID=d3d6ac94d5a9c5bf346ddc245f8a8041 
Number of updated asset objects reloaded before import = 0
Number of asset objects unloaded after import = 1
========================================================================
Received Import Request.
  Time of request: 2026-09-10T15:13:56.455361Z
  Time since last request: 0.001451174 seconds.
  importAddress: GUID: 3d9914e92c1db3f4caed885c92e0b7e9 - Path: Assets/Thirdparty/Ciathyza/Gridbox Prototype Materials/Materials/URP/Prototype_512x512_Cyan.mat - Importer: ScriptedImporter/UnityEditor.QuickSearchModule:UnityEditor.Search:ASIAI0B
Importing 'GUID: 3d9914e92c1db3f4caed885c92e0b7e9 - Path: Assets/Thirdparty/Ciathyza/Gridbox Prototype Materials/Materials/URP/Prototype_512x512_Cyan.mat - Importer: ScriptedImporter/UnityEditor.QuickSearchModule:UnityEditor.Search:ASIAI0B' with importer (ScriptedImporter : UnityEditor.QuickSearchModule:UnityEditor.Search:ASIAI0B)
Imported 'GUID: 3d9914e92c1db3f4caed885c92e0b7e9' -> (Import Result ID: 'fc1177a0527b7baf16bb489a79d99eff') in 0.244 seconds [static and dynamic dependencies]. Details - ImportResultOutputID=4bab2d591c3a3e927c848597b8b30464 DependenciesID=edb152d9064624df81406fe0b07fba4d StaticDependenciesID=bbce445273711d80e977bd4b5c04de17 
Number of updated asset objects reloaded before import = 0
Number of asset objects unloaded after import = 4
========================================================================
Received Prepare
AcceleratorClientConnectionCallback - disconnected - :0
'Packages/com.unity.cinemachine/Editor/Obsolete/CinemachineVirtualCameraBaseEditor.cs' contains partial class of Unity.Object, exactly 1 of the partial classes needs to be in a file with the same filename. This is to know the one that can be referenced from ie. GameObjects
'Packages/com.unity.cinemachine/Editor/Editors/CinemachineVirtualCameraBaseEditor.cs' contains partial class of Unity.Object, exactly 1 of the partial classes needs to be in a file with the same filename. This is to know the one that can be referenced from ie. GameObjects
Shader Hidden/ChartRasterizerHardware is not supported: GPU does not support conservative rasterization
Unloading 24 Unused Serialized files (Serialized files now loaded: 0)
Unloading 7057 unused Assets / (6.6 MB). Loaded Objects now: 8299.
Memory consumption went from 236.9 MB to 230.3 MB.
Total: 29.211754 ms (FindLiveObjects: 1.006247 ms CreateObjectMapping: 4.361624 ms MarkObjects: 19.958667 ms  DeleteObjects: 3.878006 ms)

Prepare: number of updated asset objects reloaded= 0
========================================================================
Received Import Request.
  Time of request: 2026-09-10T15:14:04.417887Z
  Time since last request: 7.698770661 seconds.
  importAddress: GUID: 484a8209d5c01fa9582e26dccab8b5b1 - Path: Assets/Scripts/Hub/GameSession.cs - Importer: ScriptedImporter/UnityEditor.QuickSearchModule:UnityEditor.Search:ASIAI0B
Importing 'GUID: 484a8209d5c01fa9582e26dccab8b5b1 - Path: Assets/Scripts/Hub/GameSession.cs - Importer: ScriptedImporter/UnityEditor.QuickSearchModule:UnityEditor.Search:ASIAI0B' with importer (ScriptedImporter : UnityEditor.QuickSearchModule:UnityEditor.Search:ASIAI0B)
Imported 'GUID: 484a8209d5c01fa9582e26dccab8b5b1' -> (Import Result ID: '1c98d8066c11a5c4dab4b243525fd9a9') in 0.020 seconds [static and dynamic dependencies]. Details - ImportResultOutputID=5f27e2e54e32cfe92fd95c365657c4d6 DependenciesID=efa9f048160d71ce49b27c04a1c3be7a StaticDependenciesID=f34ccf2d46964eba31eef4c3a9570fb8 
Number of updated asset objects reloaded before import = 0
Number of asset objects unloaded after import = 0
========================================================================
Received Prepare
AcceleratorClientConnectionCallback - disconnected - :0
Assembly reference Packages/com.unity.cinemachine/Editor/Samples/ExposeHDRPInternals/HDRP-Editor-ref.asmref has no target assembly definition
Assembly reference Packages/com.unity.cinemachine/Editor/Samples/ExposeHDRPInternals/HDRP-Editor-ref.asmref has no target assembly definition
[Licensing::Client] Successfully resolved entitlement details
[Licensing::Module] License group:
  Id: F4-M77M-HXW8-HJ67-XE8W-XXXX
  Product: Unity Personal
  Type: ULF
  Expiration: Unlimited
[Licensing::Module] License group:
  Id: 10170777712478-UnityPersXXXX
  Product: Unity Personal
  Type: Assigned
  Expiration: Unlimited
Begin MonoManager ReloadAssembly
Assembly reference Packages/com.unity.cinemachine/Editor/Samples/ExposeHDRPInternals/HDRP-Editor-ref.asmref has no target assembly definition
Assembly reference Packages/com.unity.cinemachine/Editor/Samples/ExposeHDRPInternals/HDRP-Editor-ref.asmref has no target assembly definition
'Packages/com.unity.cinemachine/Editor/Obsolete/CinemachineVirtualCameraBaseEditor.cs' contains partial class of Unity.Object, exactly 1 of the partial classes needs to be in a file with the same filename. This is to know the one that can be referenced from ie. GameObjects
'Packages/com.unity.cinemachine/Editor/Editors/CinemachineVirtualCameraBaseEditor.cs' contains partial class of Unity.Object, exactly 1 of the partial classes needs to be in a file with the same filename. This is to know the one that can be referenced from ie. GameObjects
Native extension for LinuxStandalone target not found
[Package Manager] Failed to launch server process. Reason: Unity was launched with the -noUpm command-line argument
[Package Manager] Unable to send message (not connected to server process).
[Package Manager] Cannot connect to Unity Package Manager local server
[Package Manager] Failed to launch server process. Reason: Unity was launched with the -noUpm command-line argument
[Package Manager] Unable to send message (not connected to server process).
[Package Manager] Cannot connect to Unity Package Manager local server
[Package Manager] Failed to launch server process. Reason: Unity was launched with the -noUpm command-line argument
[Package Manager] Unable to send message (not connected to server process).
[Package Manager] Cannot connect to Unity Package Manager local server
ScheduleIndexationOnStartup MainProcess:False IndexOnStartup:True
Mono: successfully reloaded assembly
- Finished resetting the current domain, in  0.905 seconds
Domain Reload Profiling: 3445ms
	BeginReloadAssembly (669ms)
		DisableScriptedObjects (31ms)
		CreateAndSetChildDomain (90ms)
	RebuildCommonClasses (8ms)
	RebuildNativeTypeToScriptingClass (11ms)
	initialDomainReloadingComplete (95ms)
	LoadAllAssembliesAndSetupDomain (1756ms)
		LoadAssemblies (1718ms)
		AnalyzeDomain (367ms)
			TypeCache.Refresh (88ms)
				TypeCache.ScanAssembly (8ms)
			BuildScriptInfoCaches (269ms)
			ResolveRequiredComponents (5ms)
	FinalizeReload (906ms)
		SetupLoadedEditorAssemblies (0ms)
			BeforeProcessingInitializeOnLoad (82ms)
			ProcessInitializeOnLoadAttributes (348ms)
			ProcessInitializeOnLoadMethodAttributes (127ms)
		AwakeInstancesAfterBackupRestoration (21ms)
Shader Hidden/ChartRasterizerHardware is not supported: GPU does not support conservative rasterization
Unloading 24 Unused Serialized files (Serialized files now loaded: 0)
Unloading 7071 unused Assets / (7.0 MB). Loaded Objects now: 8303.
Memory consumption went from 236.9 MB to 229.9 MB.
Total: 23.387539 ms (FindLiveObjects: 1.228664 ms CreateObjectMapping: 5.447060 ms MarkObjects: 12.912575 ms  DeleteObjects: 3.647034 ms)

Prepare: number of updated asset objects reloaded= 0
========================================================================
Received Prepare
AcceleratorClientConnectionCallback - disconnected - :0
'Packages/com.unity.cinemachine/Editor/Obsolete/CinemachineVirtualCameraBaseEditor.cs' contains partial class of Unity.Object, exactly 1 of the partial classes needs to be in a file with the same filename. This is to know the one that can be referenced from ie. GameObjects
'Packages/com.unity.cinemachine/Editor/Editors/CinemachineVirtualCameraBaseEditor.cs' contains partial class of Unity.Object, exactly 1 of the partial classes needs to be in a file with the same filename. This is to know the one that can be referenced from ie. GameObjects
Shader Hidden/ChartRasterizerHardware is not supported: GPU does not support conservative rasterization
Unloading 24 Unused Serialized files (Serialized files now loaded: 0)
Unloading 7058 unused Assets / (7.2 MB). Loaded Objects now: 8303.
Memory consumption went from 237.2 MB to 230.0 MB.
Total: 13.287674 ms (FindLiveObjects: 0.628606 ms CreateObjectMapping: 2.642672 ms MarkObjects: 6.265611 ms  DeleteObjects: 3.749151 ms)

Prepare: number of updated asset objects reloaded= 0
========================================================================
Received Import Request.
  Time of request: 2026-09-10T15:14:23.423128Z
  Time since last request: 18.970082434 seconds.
  importAddress: GUID: dbc2c487f78dac1a18487397889a26f8 - Path: Assets/Scripts/Hub/NewMonoBehaviourScript.cs - Importer: PreviewImporter
Importing 'GUID: dbc2c487f78dac1a18487397889a26f8 - Path: Assets/Scripts/Hub/NewMonoBehaviourScript.cs - Importer: PreviewImporter' with importer (PreviewImporter)
Imported 'GUID: dbc2c487f78dac1a18487397889a26f8' -> (Import Result ID: '5e9da2f5c0480309513c602f3632ce4a') in 0.003 seconds [static and dynamic dependencies]. Details - ImportResultOutputID=524188fec6420562d812811536dd2e64 DependenciesID=a6dcb91f11681255cd6d532c05967309 StaticDependenciesID=eebc2c33b865d208d78a37f2d296bfc5 
Number of updated asset objects reloaded before import = 0
Number of asset objects unloaded after import = 0
========================================================================
Received Import Request.
  Time of request: 2026-09-10T15:14:23.891711Z
  Time since last request: 0.454082854 seconds.
  importAddress: GUID: dbc2c487f78dac1a18487397889a26f8 - Path: Assets/Scripts/Hub/NewMonoBehaviourScript.cs - Importer: ScriptedImporter/UnityEditor.QuickSearchModule:UnityEditor.Search:ASIAI0B
Importing 'GUID: dbc2c487f78dac1a18487397889a26f8 - Path: Assets/Scripts/Hub/NewMonoBehaviourScript.cs - Importer: ScriptedImporter/UnityEditor.QuickSearchModule:UnityEditor.Search:ASIAI0B' with importer (ScriptedImporter : UnityEditor.QuickSearchModule:UnityEditor.Search:ASIAI0B)
Imported 'GUID: dbc2c487f78dac1a18487397889a26f8' -> (Import Result ID: '61c657be90fccc4c8470a538f2646ad1') in 0.071 seconds [static and dynamic dependencies]. Details - ImportResultOutputID=a018d7908c97a0eb40dfe7c221825d35 DependenciesID=7627dd47d32293a6beb19e8cd6ee796d StaticDependenciesID=e8571945fb3aafa5585a47642fc03bed 
Number of updated asset objects reloaded before import = 0
Number of asset objects unloaded after import = 0
========================================================================
Received Prepare
AcceleratorClientConnectionCallback - disconnected - :0
Assembly reference Packages/com.unity.cinemachine/Editor/Samples/ExposeHDRPInternals/HDRP-Editor-ref.asmref has no target assembly definition
Assembly reference Packages/com.unity.cinemachine/Editor/Samples/ExposeHDRPInternals/HDRP-Editor-ref.asmref has no target assembly definition
Begin MonoManager ReloadAssembly
Assembly reference Packages/com.unity.cinemachine/Editor/Samples/ExposeHDRPInternals/HDRP-Editor-ref.asmref has no target assembly definition
Assembly reference Packages/com.unity.cinemachine/Editor/Samples/ExposeHDRPInternals/HDRP-Editor-ref.asmref has no target assembly definition
'Packages/com.unity.cinemachine/Editor/Obsolete/CinemachineVirtualCameraBaseEditor.cs' contains partial class of Unity.Object, exactly 1 of the partial classes needs to be in a file with the same filename. This is to know the one that can be referenced from ie. GameObjects
'Packages/com.unity.cinemachine/Editor/Editors/CinemachineVirtualCameraBaseEditor.cs' contains partial class of Unity.Object, exactly 1 of the partial classes needs to be in a file with the same filename. This is to know the one that can be referenced from ie. GameObjects
Native extension for LinuxStandalone target not found
[Package Manager] Failed to launch server process. Reason: Unity was launched with the -noUpm command-line argument
[Package Manager] Unable to send message (not connected to server process).
[Package Manager] Cannot connect to Unity Package Manager local server
[Package Manager] Failed to launch server process. Reason: Unity was launched with the -noUpm command-line argument
[Package Manager] Unable to send message (not connected to server process).
[Package Manager] Cannot connect to Unity Package Manager local server
[Package Manager] Failed to launch server process. Reason: Unity was launched with the -noUpm command-line argument
[Package Manager] Unable to send message (not connected to server process).
[Package Manager] Cannot connect to Unity Package Manager local server
ScheduleIndexationOnStartup MainProcess:False IndexOnStartup:True
Mono: successfully reloaded assembly
- Finished resetting the current domain, in  0.820 seconds
Domain Reload Profiling: 1963ms
	BeginReloadAssembly (295ms)
		DisableScriptedObjects (12ms)
		CreateAndSetChildDomain (70ms)
	RebuildCommonClasses (9ms)
	RebuildNativeTypeToScriptingClass (9ms)
	initialDomainReloadingComplete (62ms)
	LoadAllAssembliesAndSetupDomain (767ms)
		LoadAssemblies (523ms)
		AnalyzeDomain (221ms)
			TypeCache.Refresh (20ms)
			BuildScriptInfoCaches (192ms)
			ResolveRequiredComponents (7ms)
	FinalizeReload (821ms)
		SetupLoadedEditorAssemblies (0ms)
			BeforeProcessingInitializeOnLoad (78ms)
			ProcessInitializeOnLoadAttributes (331ms)
			ProcessInitializeOnLoadMethodAttributes (102ms)
			AfterProcessingInitializeOnLoad (3ms)
		AwakeInstancesAfterBackupRestoration (24ms)
Shader Hidden/ChartRasterizerHardware is not supported: GPU does not support conservative rasterization
Unloading 24 Unused Serialized files (Serialized files now loaded: 0)
Unloading 7071 unused Assets / (6.5 MB). Loaded Objects now: 8306.
Memory consumption went from 237.3 MB to 230.8 MB.
Total: 15.368176 ms (FindLiveObjects: 1.167413 ms CreateObjectMapping: 3.150035 ms MarkObjects: 7.387791 ms  DeleteObjects: 3.660738 ms)

Prepare: number of updated asset objects reloaded= 0
========================================================================
Received Prepare
AcceleratorClientConnectionCallback - disconnected - :0
'Packages/com.unity.cinemachine/Editor/Obsolete/CinemachineVirtualCameraBaseEditor.cs' contains partial class of Unity.Object, exactly 1 of the partial classes needs to be in a file with the same filename. This is to know the one that can be referenced from ie. GameObjects
'Packages/com.unity.cinemachine/Editor/Editors/CinemachineVirtualCameraBaseEditor.cs' contains partial class of Unity.Object, exactly 1 of the partial classes needs to be in a file with the same filename. This is to know the one that can be referenced from ie. GameObjects
Shader Hidden/ChartRasterizerHardware is not supported: GPU does not support conservative rasterization
Unloading 24 Unused Serialized files (Serialized files now loaded: 0)
Unloading 7058 unused Assets / (6.4 MB). Loaded Objects now: 8306.
Memory consumption went from 237.5 MB to 231.1 MB.
Total: 17.847553 ms (FindLiveObjects: 1.232142 ms CreateObjectMapping: 3.934857 ms MarkObjects: 8.425834 ms  DeleteObjects: 4.252981 ms)

Prepare: number of updated asset objects reloaded= 0
========================================================================
Received Import Request.
  Time of request: 2026-09-10T15:14:42.790911Z
  Time since last request: 18.794778756 seconds.
  importAddress: GUID: dbc2c487f78dac1a18487397889a26f8 - Path: Assets/Scripts/Hub/HubMissionLauncher.cs - Importer: PreviewImporter
Importing 'GUID: dbc2c487f78dac1a18487397889a26f8 - Path: Assets/Scripts/Hub/HubMissionLauncher.cs - Importer: PreviewImporter' with importer (PreviewImporter)
Imported 'GUID: dbc2c487f78dac1a18487397889a26f8' -> (Import Result ID: 'e77de7ff2d23330e6d63d06d38f5f33c') in 0.001 seconds [static and dynamic dependencies]. Details - ImportResultOutputID=524188fec6420562d812811536dd2e64 DependenciesID=d251868fdb6a8ffa2e15a57b1a02c197 StaticDependenciesID=5b3d35405a183aa581a4f6f8436549c4 
Number of updated asset objects reloaded before import = 0
Number of asset objects unloaded after import = 0
========================================================================
Received Import Request.
  Time of request: 2026-09-10T15:14:42.829245Z
  Time since last request: 0.024921434 seconds.
  importAddress: GUID: dbc2c487f78dac1a18487397889a26f8 - Path: Assets/Scripts/Hub/HubMissionLauncher.cs - Importer: PreviewImporter
Importing 'GUID: dbc2c487f78dac1a18487397889a26f8 - Path: Assets/Scripts/Hub/HubMissionLauncher.cs - Importer: PreviewImporter' with importer (PreviewImporter)
Imported 'GUID: dbc2c487f78dac1a18487397889a26f8' -> (Import Result ID: 'e77de7ff2d23330e6d63d06d38f5f33c') in 0.001 seconds [static and dynamic dependencies]. Details - ImportResultOutputID=524188fec6420562d812811536dd2e64 DependenciesID=d251868fdb6a8ffa2e15a57b1a02c197 StaticDependenciesID=5b3d35405a183aa581a4f6f8436549c4 
Number of updated asset objects reloaded before import = 0
Number of asset objects unloaded after import = 0
========================================================================
Received Import Request.
  Time of request: 2026-09-10T15:14:42.869944Z
  Time since last request: 0.024699641 seconds.
  importAddress: GUID: dbc2c487f78dac1a18487397889a26f8 - Path: Assets/Scripts/Hub/HubMissionLauncher.cs - Importer: PreviewImporter
Importing 'GUID: dbc2c487f78dac1a18487397889a26f8 - Path: Assets/Scripts/Hub/HubMissionLauncher.cs - Importer: PreviewImporter' with importer (PreviewImporter)
Imported 'GUID: dbc2c487f78dac1a18487397889a26f8' -> (Import Result ID: 'e77de7ff2d23330e6d63d06d38f5f33c') in 0.001 seconds [static and dynamic dependencies]. Details - ImportResultOutputID=524188fec6420562d812811536dd2e64 DependenciesID=d251868fdb6a8ffa2e15a57b1a02c197 StaticDependenciesID=5b3d35405a183aa581a4f6f8436549c4 
Number of updated asset objects reloaded before import = 0
Number of asset objects unloaded after import = 0
========================================================================
Received Import Request.
  Time of request: 2026-09-10T15:14:42.907439Z
  Time since last request: 0.021607222 seconds.
  importAddress: GUID: dbc2c487f78dac1a18487397889a26f8 - Path: Assets/Scripts/Hub/HubMissionLauncher.cs - Importer: PreviewImporter
Importing 'GUID: dbc2c487f78dac1a18487397889a26f8 - Path: Assets/Scripts/Hub/HubMissionLauncher.cs - Importer: PreviewImporter' with importer (PreviewImporter)
Imported 'GUID: dbc2c487f78dac1a18487397889a26f8' -> (Import Result ID: 'e77de7ff2d23330e6d63d06d38f5f33c') in 0.001 seconds [static and dynamic dependencies]. Details - ImportResultOutputID=524188fec6420562d812811536dd2e64 DependenciesID=d251868fdb6a8ffa2e15a57b1a02c197 StaticDependenciesID=5b3d35405a183aa581a4f6f8436549c4 
Number of updated asset objects reloaded before import = 0
Number of asset objects unloaded after import = 0
========================================================================
Received Import Request.
  Time of request: 2026-09-10T15:14:42.926153Z
  Time since last request: 0.003454473 seconds.
  importAddress: GUID: dbc2c487f78dac1a18487397889a26f8 - Path: Assets/Scripts/Hub/HubMissionLauncher.cs - Importer: PreviewImporter
Importing 'GUID: dbc2c487f78dac1a18487397889a26f8 - Path: Assets/Scripts/Hub/HubMissionLauncher.cs - Importer: PreviewImporter' with importer (PreviewImporter)
Imported 'GUID: dbc2c487f78dac1a18487397889a26f8' -> (Import Result ID: 'e77de7ff2d23330e6d63d06d38f5f33c') in 0.001 seconds [static and dynamic dependencies]. Details - ImportResultOutputID=524188fec6420562d812811536dd2e64 DependenciesID=d251868fdb6a8ffa2e15a57b1a02c197 StaticDependenciesID=5b3d35405a183aa581a4f6f8436549c4 
Number of updated asset objects reloaded before import = 0
Number of asset objects unloaded after import = 0
========================================================================
Received Import Request.
  Time of request: 2026-09-10T15:14:42.943205Z
  Time since last request: 0.002487005 seconds.
  importAddress: GUID: dbc2c487f78dac1a18487397889a26f8 - Path: Assets/Scripts/Hub/HubMissionLauncher.cs - Importer: PreviewImporter
Importing 'GUID: dbc2c487f78dac1a18487397889a26f8 - Path: Assets/Scripts/Hub/HubMissionLauncher.cs - Importer: PreviewImporter' with importer (PreviewImporter)
Imported 'GUID: dbc2c487f78dac1a18487397889a26f8' -> (Import Result ID: 'e77de7ff2d23330e6d63d06d38f5f33c') in 0.000 seconds [static and dynamic dependencies]. Details - ImportResultOutputID=524188fec6420562d812811536dd2e64 DependenciesID=d251868fdb6a8ffa2e15a57b1a02c197 StaticDependenciesID=5b3d35405a183aa581a4f6f8436549c4 
Number of updated asset objects reloaded before import = 0
Number of asset objects unloaded after import = 0
========================================================================
Received Import Request.
  Time of request: 2026-09-10T15:14:42.974258Z
  Time since last request: 0.01897901 seconds.
  importAddress: GUID: dbc2c487f78dac1a18487397889a26f8 - Path: Assets/Scripts/Hub/HubMissionLauncher.cs - Importer: PreviewImporter
Importing 'GUID: dbc2c487f78dac1a18487397889a26f8 - Path: Assets/Scripts/Hub/HubMissionLauncher.cs - Importer: PreviewImporter' with importer (PreviewImporter)
Imported 'GUID: dbc2c487f78dac1a18487397889a26f8' -> (Import Result ID: 'e77de7ff2d23330e6d63d06d38f5f33c') in 0.001 seconds [static and dynamic dependencies]. Details - ImportResultOutputID=524188fec6420562d812811536dd2e64 DependenciesID=d251868fdb6a8ffa2e15a57b1a02c197 StaticDependenciesID=5b3d35405a183aa581a4f6f8436549c4 
Number of updated asset objects reloaded before import = 0
Number of asset objects unloaded after import = 0
========================================================================
Received Import Request.
  Time of request: 2026-09-10T15:14:42.995715Z
  Time since last request: 0.008785657 seconds.
  importAddress: GUID: dbc2c487f78dac1a18487397889a26f8 - Path: Assets/Scripts/Hub/HubMissionLauncher.cs - Importer: PreviewImporter
Importing 'GUID: dbc2c487f78dac1a18487397889a26f8 - Path: Assets/Scripts/Hub/HubMissionLauncher.cs - Importer: PreviewImporter' with importer (PreviewImporter)
Imported 'GUID: dbc2c487f78dac1a18487397889a26f8' -> (Import Result ID: 'e77de7ff2d23330e6d63d06d38f5f33c') in 0.000 seconds [static and dynamic dependencies]. Details - ImportResultOutputID=524188fec6420562d812811536dd2e64 DependenciesID=d251868fdb6a8ffa2e15a57b1a02c197 StaticDependenciesID=5b3d35405a183aa581a4f6f8436549c4 
Number of updated asset objects reloaded before import = 0
Number of asset objects unloaded after import = 0
========================================================================
Received Import Request.
  Time of request: 2026-09-10T15:14:43.016177Z
  Time since last request: 0.008392378 seconds.
  importAddress: GUID: dbc2c487f78dac1a18487397889a26f8 - Path: Assets/Scripts/Hub/HubMissionLauncher.cs - Importer: PreviewImporter
Importing 'GUID: dbc2c487f78dac1a18487397889a26f8 - Path: Assets/Scripts/Hub/HubMissionLauncher.cs - Importer: PreviewImporter' with importer (PreviewImporter)
Imported 'GUID: dbc2c487f78dac1a18487397889a26f8' -> (Import Result ID: 'e77de7ff2d23330e6d63d06d38f5f33c') in 0.001 seconds [static and dynamic dependencies]. Details - ImportResultOutputID=524188fec6420562d812811536dd2e64 DependenciesID=d251868fdb6a8ffa2e15a57b1a02c197 StaticDependenciesID=5b3d35405a183aa581a4f6f8436549c4 
Number of updated asset objects reloaded before import = 0
Number of asset objects unloaded after import = 0
========================================================================
Received Import Request.
  Time of request: 2026-09-10T15:14:43.032708Z
  Time since last request: 0.004463804 seconds.
  importAddress: GUID: dbc2c487f78dac1a18487397889a26f8 - Path: Assets/Scripts/Hub/HubMissionLauncher.cs - Importer: PreviewImporter
Importing 'GUID: dbc2c487f78dac1a18487397889a26f8 - Path: Assets/Scripts/Hub/HubMissionLauncher.cs - Importer: PreviewImporter' with importer (PreviewImporter)
Imported 'GUID: dbc2c487f78dac1a18487397889a26f8' -> (Import Result ID: 'e77de7ff2d23330e6d63d06d38f5f33c') in 0.001 seconds [static and dynamic dependencies]. Details - ImportResultOutputID=524188fec6420562d812811536dd2e64 DependenciesID=d251868fdb6a8ffa2e15a57b1a02c197 StaticDependenciesID=5b3d35405a183aa581a4f6f8436549c4 
Number of updated asset objects reloaded before import = 0
Number of asset objects unloaded after import = 0
========================================================================
Received Import Request.
  Time of request: 2026-09-10T15:14:43.048213Z
  Time since last request: 0.0039341 seconds.
  importAddress: GUID: dbc2c487f78dac1a18487397889a26f8 - Path: Assets/Scripts/Hub/HubMissionLauncher.cs - Importer: PreviewImporter
Importing 'GUID: dbc2c487f78dac1a18487397889a26f8 - Path: Assets/Scripts/Hub/HubMissionLauncher.cs - Importer: PreviewImporter' with importer (PreviewImporter)
Imported 'GUID: dbc2c487f78dac1a18487397889a26f8' -> (Import Result ID: 'e77de7ff2d23330e6d63d06d38f5f33c') in 0.001 seconds [static and dynamic dependencies]. Details - ImportResultOutputID=524188fec6420562d812811536dd2e64 DependenciesID=d251868fdb6a8ffa2e15a57b1a02c197 StaticDependenciesID=5b3d35405a183aa581a4f6f8436549c4 
Number of updated asset objects reloaded before import = 0
Number of asset objects unloaded after import = 0
========================================================================
Received Import Request.
  Time of request: 2026-09-10T15:14:43.065888Z
  Time since last request: 0.002624258 seconds.
  importAddress: GUID: dbc2c487f78dac1a18487397889a26f8 - Path: Assets/Scripts/Hub/HubMissionLauncher.cs - Importer: PreviewImporter
Importing 'GUID: dbc2c487f78dac1a18487397889a26f8 - Path: Assets/Scripts/Hub/HubMissionLauncher.cs - Importer: PreviewImporter' with importer (PreviewImporter)
Imported 'GUID: dbc2c487f78dac1a18487397889a26f8' -> (Import Result ID: 'e77de7ff2d23330e6d63d06d38f5f33c') in 0.001 seconds [static and dynamic dependencies]. Details - ImportResultOutputID=524188fec6420562d812811536dd2e64 DependenciesID=d251868fdb6a8ffa2e15a57b1a02c197 StaticDependenciesID=5b3d35405a183aa581a4f6f8436549c4 
Number of updated asset objects reloaded before import = 0
Number of asset objects unloaded after import = 0
========================================================================
Received Import Request.
  Time of request: 2026-09-10T15:14:43.092743Z
  Time since last request: 0.009988318 seconds.
  importAddress: GUID: dbc2c487f78dac1a18487397889a26f8 - Path: Assets/Scripts/Hub/HubMissionLauncher.cs - Importer: PreviewImporter
Importing 'GUID: dbc2c487f78dac1a18487397889a26f8 - Path: Assets/Scripts/Hub/HubMissionLauncher.cs - Importer: PreviewImporter' with importer (PreviewImporter)
Imported 'GUID: dbc2c487f78dac1a18487397889a26f8' -> (Import Result ID: 'e77de7ff2d23330e6d63d06d38f5f33c') in 0.001 seconds [static and dynamic dependencies]. Details - ImportResultOutputID=524188fec6420562d812811536dd2e64 DependenciesID=d251868fdb6a8ffa2e15a57b1a02c197 StaticDependenciesID=5b3d35405a183aa581a4f6f8436549c4 
Number of updated asset objects reloaded before import = 0
Number of asset objects unloaded after import = 0
========================================================================
Received Import Request.
  Time of request: 2026-09-10T15:14:43.107119Z
  Time since last request: 0.00059279 seconds.
  importAddress: GUID: dbc2c487f78dac1a18487397889a26f8 - Path: Assets/Scripts/Hub/HubMissionLauncher.cs - Importer: PreviewImporter
Importing 'GUID: dbc2c487f78dac1a18487397889a26f8 - Path: Assets/Scripts/Hub/HubMissionLauncher.cs - Importer: PreviewImporter' with importer (PreviewImporter)
Imported 'GUID: dbc2c487f78dac1a18487397889a26f8' -> (Import Result ID: 'e77de7ff2d23330e6d63d06d38f5f33c') in 0.000 seconds [static and dynamic dependencies]. Details - ImportResultOutputID=524188fec6420562d812811536dd2e64 DependenciesID=d251868fdb6a8ffa2e15a57b1a02c197 StaticDependenciesID=5b3d35405a183aa581a4f6f8436549c4 
Number of updated asset objects reloaded before import = 0
Number of asset objects unloaded after import = 0
========================================================================
Received Import Request.
  Time of request: 2026-09-10T15:14:43.143872Z
  Time since last request: 0.024642624 seconds.
  importAddress: GUID: dbc2c487f78dac1a18487397889a26f8 - Path: Assets/Scripts/Hub/HubMissionLauncher.cs - Importer: PreviewImporter
Importing 'GUID: dbc2c487f78dac1a18487397889a26f8 - Path: Assets/Scripts/Hub/HubMissionLauncher.cs - Importer: PreviewImporter' with importer (PreviewImporter)
Imported 'GUID: dbc2c487f78dac1a18487397889a26f8' -> (Import Result ID: 'e77de7ff2d23330e6d63d06d38f5f33c') in 0.001 seconds [static and dynamic dependencies]. Details - ImportResultOutputID=524188fec6420562d812811536dd2e64 DependenciesID=d251868fdb6a8ffa2e15a57b1a02c197 StaticDependenciesID=5b3d35405a183aa581a4f6f8436549c4 
Number of updated asset objects reloaded before import = 0
Number of asset objects unloaded after import = 0
========================================================================
Received Import Request.
  Time of request: 2026-09-10T15:14:43.162049Z
  Time since last request: 0.001508068 seconds.
  importAddress: GUID: dbc2c487f78dac1a18487397889a26f8 - Path: Assets/Scripts/Hub/HubMissionLauncher.cs - Importer: PreviewImporter
Importing 'GUID: dbc2c487f78dac1a18487397889a26f8 - Path: Assets/Scripts/Hub/HubMissionLauncher.cs - Importer: PreviewImporter' with importer (PreviewImporter)
Imported 'GUID: dbc2c487f78dac1a18487397889a26f8' -> (Import Result ID: 'e77de7ff2d23330e6d63d06d38f5f33c') in 0.002 seconds [static and dynamic dependencies]. Details - ImportResultOutputID=524188fec6420562d812811536dd2e64 DependenciesID=d251868fdb6a8ffa2e15a57b1a02c197 StaticDependenciesID=5b3d35405a183aa581a4f6f8436549c4 
Number of updated asset objects reloaded before import = 0
Number of asset objects unloaded after import = 0
========================================================================
Received Import Request.
  Time of request: 2026-09-10T15:14:43.200928Z
  Time since last request: 0.021637834 seconds.
  importAddress: GUID: dbc2c487f78dac1a18487397889a26f8 - Path: Assets/Scripts/Hub/HubMissionLauncher.cs - Importer: PreviewImporter
Importing 'GUID: dbc2c487f78dac1a18487397889a26f8 - Path: Assets/Scripts/Hub/HubMissionLauncher.cs - Importer: PreviewImporter' with importer (PreviewImporter)
Imported 'GUID: dbc2c487f78dac1a18487397889a26f8' -> (Import Result ID: 'e77de7ff2d23330e6d63d06d38f5f33c') in 0.001 seconds [static and dynamic dependencies]. Details - ImportResultOutputID=524188fec6420562d812811536dd2e64 DependenciesID=d251868fdb6a8ffa2e15a57b1a02c197 StaticDependenciesID=5b3d35405a183aa581a4f6f8436549c4 
Number of updated asset objects reloaded before import = 0
Number of asset objects unloaded after import = 0
========================================================================
Received Import Request.
  Time of request: 2026-09-10T15:14:43.237325Z
  Time since last request: 0.02245148 seconds.
  importAddress: GUID: dbc2c487f78dac1a18487397889a26f8 - Path: Assets/Scripts/Hub/HubMissionLauncher.cs - Importer: PreviewImporter
Importing 'GUID: dbc2c487f78dac1a18487397889a26f8 - Path: Assets/Scripts/Hub/HubMissionLauncher.cs - Importer: PreviewImporter' with importer (PreviewImporter)
Imported 'GUID: dbc2c487f78dac1a18487397889a26f8' -> (Import Result ID: 'e77de7ff2d23330e6d63d06d38f5f33c') in 0.001 seconds [static and dynamic dependencies]. Details - ImportResultOutputID=524188fec6420562d812811536dd2e64 DependenciesID=d251868fdb6a8ffa2e15a57b1a02c197 StaticDependenciesID=5b3d35405a183aa581a4f6f8436549c4 
Number of updated asset objects reloaded before import = 0
Number of asset objects unloaded after import = 0
========================================================================
Received Import Request.
  Time of request: 2026-09-10T15:14:43.261526Z
  Time since last request: 0.011004078 seconds.
  importAddress: GUID: dbc2c487f78dac1a18487397889a26f8 - Path: Assets/Scripts/Hub/HubMissionLauncher.cs - Importer: PreviewImporter
Importing 'GUID: dbc2c487f78dac1a18487397889a26f8 - Path: Assets/Scripts/Hub/HubMissionLauncher.cs - Importer: PreviewImporter' with importer (PreviewImporter)
Imported 'GUID: dbc2c487f78dac1a18487397889a26f8' -> (Import Result ID: 'e77de7ff2d23330e6d63d06d38f5f33c') in 0.001 seconds [static and dynamic dependencies]. Details - ImportResultOutputID=524188fec6420562d812811536dd2e64 DependenciesID=d251868fdb6a8ffa2e15a57b1a02c197 StaticDependenciesID=5b3d35405a183aa581a4f6f8436549c4 
Number of updated asset objects reloaded before import = 0
Number of asset objects unloaded after import = 0
========================================================================
Received Import Request.
  Time of request: 2026-09-10T15:14:43.280645Z
  Time since last request: 0.004972647 seconds.
  importAddress: GUID: dbc2c487f78dac1a18487397889a26f8 - Path: Assets/Scripts/Hub/HubMissionLauncher.cs - Importer: PreviewImporter
Importing 'GUID: dbc2c487f78dac1a18487397889a26f8 - Path: Assets/Scripts/Hub/HubMissionLauncher.cs - Importer: PreviewImporter' with importer (PreviewImporter)
Imported 'GUID: dbc2c487f78dac1a18487397889a26f8' -> (Import Result ID: 'e77de7ff2d23330e6d63d06d38f5f33c') in 0.001 seconds [static and dynamic dependencies]. Details - ImportResultOutputID=524188fec6420562d812811536dd2e64 DependenciesID=d251868fdb6a8ffa2e15a57b1a02c197 StaticDependenciesID=5b3d35405a183aa581a4f6f8436549c4 
Number of updated asset objects reloaded before import = 0
Number of asset objects unloaded after import = 0
========================================================================
Received Import Request.
  Time of request: 2026-09-10T15:14:43.2984Z
  Time since last request: 0.005472314 seconds.
  importAddress: GUID: dbc2c487f78dac1a18487397889a26f8 - Path: Assets/Scripts/Hub/HubMissionLauncher.cs - Importer: PreviewImporter
Importing 'GUID: dbc2c487f78dac1a18487397889a26f8 - Path: Assets/Scripts/Hub/HubMissionLauncher.cs - Importer: PreviewImporter' with importer (PreviewImporter)
Imported 'GUID: dbc2c487f78dac1a18487397889a26f8' -> (Import Result ID: 'e77de7ff2d23330e6d63d06d38f5f33c') in 0.001 seconds [static and dynamic dependencies]. Details - ImportResultOutputID=524188fec6420562d812811536dd2e64 DependenciesID=d251868fdb6a8ffa2e15a57b1a02c197 StaticDependenciesID=5b3d35405a183aa581a4f6f8436549c4 
Number of updated asset objects reloaded before import = 0
Number of asset objects unloaded after import = 0
========================================================================
Received Import Request.
  Time of request: 2026-09-10T15:14:43.320735Z
  Time since last request: 0.010189721 seconds.
  importAddress: GUID: dbc2c487f78dac1a18487397889a26f8 - Path: Assets/Scripts/Hub/HubMissionLauncher.cs - Importer: PreviewImporter
Importing 'GUID: dbc2c487f78dac1a18487397889a26f8 - Path: Assets/Scripts/Hub/HubMissionLauncher.cs - Importer: PreviewImporter' with importer (PreviewImporter)
Imported 'GUID: dbc2c487f78dac1a18487397889a26f8' -> (Import Result ID: 'e77de7ff2d23330e6d63d06d38f5f33c') in 0.001 seconds [static and dynamic dependencies]. Details - ImportResultOutputID=524188fec6420562d812811536dd2e64 DependenciesID=d251868fdb6a8ffa2e15a57b1a02c197 StaticDependenciesID=5b3d35405a183aa581a4f6f8436549c4 
Number of updated asset objects reloaded before import = 0
Number of asset objects unloaded after import = 0
========================================================================
Received Import Request.
  Time of request: 2026-09-10T15:14:43.343795Z
  Time since last request: 0.006629465 seconds.
  importAddress: GUID: dbc2c487f78dac1a18487397889a26f8 - Path: Assets/Scripts/Hub/HubMissionLauncher.cs - Importer: PreviewImporter
Importing 'GUID: dbc2c487f78dac1a18487397889a26f8 - Path: Assets/Scripts/Hub/HubMissionLauncher.cs - Importer: PreviewImporter' with importer (PreviewImporter)
Imported 'GUID: dbc2c487f78dac1a18487397889a26f8' -> (Import Result ID: 'e77de7ff2d23330e6d63d06d38f5f33c') in 0.001 seconds [static and dynamic dependencies]. Details - ImportResultOutputID=524188fec6420562d812811536dd2e64 DependenciesID=d251868fdb6a8ffa2e15a57b1a02c197 StaticDependenciesID=5b3d35405a183aa581a4f6f8436549c4 
Number of updated asset objects reloaded before import = 0
Number of asset objects unloaded after import = 0
========================================================================
Received Import Request.
  Time of request: 2026-09-10T15:14:43.361009Z
  Time since last request: 0.001414661 seconds.
  importAddress: GUID: dbc2c487f78dac1a18487397889a26f8 - Path: Assets/Scripts/Hub/HubMissionLauncher.cs - Importer: PreviewImporter
Importing 'GUID: dbc2c487f78dac1a18487397889a26f8 - Path: Assets/Scripts/Hub/HubMissionLauncher.cs - Importer: PreviewImporter' with importer (PreviewImporter)
Imported 'GUID: dbc2c487f78dac1a18487397889a26f8' -> (Import Result ID: 'e77de7ff2d23330e6d63d06d38f5f33c') in 0.000 seconds [static and dynamic dependencies]. Details - ImportResultOutputID=524188fec6420562d812811536dd2e64 DependenciesID=d251868fdb6a8ffa2e15a57b1a02c197 StaticDependenciesID=5b3d35405a183aa581a4f6f8436549c4 
Number of updated asset objects reloaded before import = 0
Number of asset objects unloaded after import = 0
========================================================================
Received Import Request.
  Time of request: 2026-09-10T15:14:43.395586Z
  Time since last request: 0.02288627 seconds.
  importAddress: GUID: dbc2c487f78dac1a18487397889a26f8 - Path: Assets/Scripts/Hub/HubMissionLauncher.cs - Importer: PreviewImporter
Importing 'GUID: dbc2c487f78dac1a18487397889a26f8 - Path: Assets/Scripts/Hub/HubMissionLauncher.cs - Importer: PreviewImporter' with importer (PreviewImporter)
Imported 'GUID: dbc2c487f78dac1a18487397889a26f8' -> (Import Result ID: 'e77de7ff2d23330e6d63d06d38f5f33c') in 0.001 seconds [static and dynamic dependencies]. Details - ImportResultOutputID=524188fec6420562d812811536dd2e64 DependenciesID=d251868fdb6a8ffa2e15a57b1a02c197 StaticDependenciesID=5b3d35405a183aa581a4f6f8436549c4 
Number of updated asset objects reloaded before import = 0
Number of asset objects unloaded after import = 0
========================================================================
Received Import Request.
  Time of request: 2026-09-10T15:14:43.423392Z
  Time since last request: 0.005640604 seconds.
  importAddress: GUID: dbc2c487f78dac1a18487397889a26f8 - Path: Assets/Scripts/Hub/HubMissionLauncher.cs - Importer: PreviewImporter
Importing 'GUID: dbc2c487f78dac1a18487397889a26f8 - Path: Assets/Scripts/Hub/HubMissionLauncher.cs - Importer: PreviewImporter' with importer (PreviewImporter)
Imported 'GUID: dbc2c487f78dac1a18487397889a26f8' -> (Import Result ID: 'e77de7ff2d23330e6d63d06d38f5f33c') in 0.001 seconds [static and dynamic dependencies]. Details - ImportResultOutputID=524188fec6420562d812811536dd2e64 DependenciesID=d251868fdb6a8ffa2e15a57b1a02c197 StaticDependenciesID=5b3d35405a183aa581a4f6f8436549c4 
Number of updated asset objects reloaded before import = 0
Number of asset objects unloaded after import = 0
========================================================================
Received Import Request.
  Time of request: 2026-09-10T15:14:43.446431Z
  Time since last request: 0.004830585 seconds.
  importAddress: GUID: dbc2c487f78dac1a18487397889a26f8 - Path: Assets/Scripts/Hub/HubMissionLauncher.cs - Importer: PreviewImporter
Importing 'GUID: dbc2c487f78dac1a18487397889a26f8 - Path: Assets/Scripts/Hub/HubMissionLauncher.cs - Importer: PreviewImporter' with importer (PreviewImporter)
Imported 'GUID: dbc2c487f78dac1a18487397889a26f8' -> (Import Result ID: 'e77de7ff2d23330e6d63d06d38f5f33c') in 0.001 seconds [static and dynamic dependencies]. Details - ImportResultOutputID=524188fec6420562d812811536dd2e64 DependenciesID=d251868fdb6a8ffa2e15a57b1a02c197 StaticDependenciesID=5b3d35405a183aa581a4f6f8436549c4 
Number of updated asset objects reloaded before import = 0
Number of asset objects unloaded after import = 0
========================================================================
Received Import Request.
  Time of request: 2026-09-10T15:14:43.461985Z
  Time since last request: 0.001126226 seconds.
  importAddress: GUID: dbc2c487f78dac1a18487397889a26f8 - Path: Assets/Scripts/Hub/HubMissionLauncher.cs - Importer: PreviewImporter
Importing 'GUID: dbc2c487f78dac1a18487397889a26f8 - Path: Assets/Scripts/Hub/HubMissionLauncher.cs - Importer: PreviewImporter' with importer (PreviewImporter)
Imported 'GUID: dbc2c487f78dac1a18487397889a26f8' -> (Import Result ID: 'e77de7ff2d23330e6d63d06d38f5f33c') in 0.001 seconds [static and dynamic dependencies]. Details - ImportResultOutputID=524188fec6420562d812811536dd2e64 DependenciesID=d251868fdb6a8ffa2e15a57b1a02c197 StaticDependenciesID=5b3d35405a183aa581a4f6f8436549c4 
Number of updated asset objects reloaded before import = 0
Number of asset objects unloaded after import = 0
========================================================================
Received Import Request.
  Time of request: 2026-09-10T15:14:43.498231Z
  Time since last request: 0.02235784 seconds.
  importAddress: GUID: dbc2c487f78dac1a18487397889a26f8 - Path: Assets/Scripts/Hub/HubMissionLauncher.cs - Importer: PreviewImporter
Importing 'GUID: dbc2c487f78dac1a18487397889a26f8 - Path: Assets/Scripts/Hub/HubMissionLauncher.cs - Importer: PreviewImporter' with importer (PreviewImporter)
Imported 'GUID: dbc2c487f78dac1a18487397889a26f8' -> (Import Result ID: 'e77de7ff2d23330e6d63d06d38f5f33c') in 0.001 seconds [static and dynamic dependencies]. Details - ImportResultOutputID=524188fec6420562d812811536dd2e64 DependenciesID=d251868fdb6a8ffa2e15a57b1a02c197 StaticDependenciesID=5b3d35405a183aa581a4f6f8436549c4 
Number of updated asset objects reloaded before import = 0
Number of asset objects unloaded after import = 0
========================================================================
Received Import Request.
  Time of request: 2026-09-10T15:14:43.521724Z
  Time since last request: 0.010608891 seconds.
  importAddress: GUID: dbc2c487f78dac1a18487397889a26f8 - Path: Assets/Scripts/Hub/HubMissionLauncher.cs - Importer: PreviewImporter
Importing 'GUID: dbc2c487f78dac1a18487397889a26f8 - Path: Assets/Scripts/Hub/HubMissionLauncher.cs - Importer: PreviewImporter' with importer (PreviewImporter)
Imported 'GUID: dbc2c487f78dac1a18487397889a26f8' -> (Import Result ID: 'e77de7ff2d23330e6d63d06d38f5f33c') in 0.001 seconds [static and dynamic dependencies]. Details - ImportResultOutputID=524188fec6420562d812811536dd2e64 DependenciesID=d251868fdb6a8ffa2e15a57b1a02c197 StaticDependenciesID=5b3d35405a183aa581a4f6f8436549c4 
Number of updated asset objects reloaded before import = 0
Number of asset objects unloaded after import = 0
========================================================================
Received Import Request.
  Time of request: 2026-09-10T15:14:43.541001Z
  Time since last request: 0.007176722 seconds.
  importAddress: GUID: dbc2c487f78dac1a18487397889a26f8 - Path: Assets/Scripts/Hub/HubMissionLauncher.cs - Importer: PreviewImporter
Importing 'GUID: dbc2c487f78dac1a18487397889a26f8 - Path: Assets/Scripts/Hub/HubMissionLauncher.cs - Importer: PreviewImporter' with importer (PreviewImporter)
Imported 'GUID: dbc2c487f78dac1a18487397889a26f8' -> (Import Result ID: 'e77de7ff2d23330e6d63d06d38f5f33c') in 0.000 seconds [static and dynamic dependencies]. Details - ImportResultOutputID=524188fec6420562d812811536dd2e64 DependenciesID=d251868fdb6a8ffa2e15a57b1a02c197 StaticDependenciesID=5b3d35405a183aa581a4f6f8436549c4 
Number of updated asset objects reloaded before import = 0
Number of asset objects unloaded after import = 0
========================================================================
Received Import Request.
  Time of request: 2026-09-10T15:14:43.556089Z
  Time since last request: 0.000961501 seconds.
  importAddress: GUID: dbc2c487f78dac1a18487397889a26f8 - Path: Assets/Scripts/Hub/HubMissionLauncher.cs - Importer: PreviewImporter
Importing 'GUID: dbc2c487f78dac1a18487397889a26f8 - Path: Assets/Scripts/Hub/HubMissionLauncher.cs - Importer: PreviewImporter' with importer (PreviewImporter)
Imported 'GUID: dbc2c487f78dac1a18487397889a26f8' -> (Import Result ID: 'e77de7ff2d23330e6d63d06d38f5f33c') in 0.000 seconds [static and dynamic dependencies]. Details - ImportResultOutputID=524188fec6420562d812811536dd2e64 DependenciesID=d251868fdb6a8ffa2e15a57b1a02c197 StaticDependenciesID=5b3d35405a183aa581a4f6f8436549c4 
Number of updated asset objects reloaded before import = 0
Number of asset objects unloaded after import = 0
========================================================================
Received Import Request.
  Time of request: 2026-09-10T15:14:43.576441Z
  Time since last request: 0.00582301 seconds.
  importAddress: GUID: dbc2c487f78dac1a18487397889a26f8 - Path: Assets/Scripts/Hub/HubMissionLauncher.cs - Importer: PreviewImporter
Importing 'GUID: dbc2c487f78dac1a18487397889a26f8 - Path: Assets/Scripts/Hub/HubMissionLauncher.cs - Importer: PreviewImporter' with importer (PreviewImporter)
Imported 'GUID: dbc2c487f78dac1a18487397889a26f8' -> (Import Result ID: 'e77de7ff2d23330e6d63d06d38f5f33c') in 0.002 seconds [static and dynamic dependencies]. Details - ImportResultOutputID=524188fec6420562d812811536dd2e64 DependenciesID=d251868fdb6a8ffa2e15a57b1a02c197 StaticDependenciesID=5b3d35405a183aa581a4f6f8436549c4 
Number of updated asset objects reloaded before import = 0
Number of asset objects unloaded after import = 0
========================================================================
Received Import Request.
  Time of request: 2026-09-10T15:14:43.59715Z
  Time since last request: 0.00199944 seconds.
  importAddress: GUID: dbc2c487f78dac1a18487397889a26f8 - Path: Assets/Scripts/Hub/HubMissionLauncher.cs - Importer: PreviewImporter
Importing 'GUID: dbc2c487f78dac1a18487397889a26f8 - Path: Assets/Scripts/Hub/HubMissionLauncher.cs - Importer: PreviewImporter' with importer (PreviewImporter)
Imported 'GUID: dbc2c487f78dac1a18487397889a26f8' -> (Import Result ID: 'e77de7ff2d23330e6d63d06d38f5f33c') in 0.001 seconds [static and dynamic dependencies]. Details - ImportResultOutputID=524188fec6420562d812811536dd2e64 DependenciesID=d251868fdb6a8ffa2e15a57b1a02c197 StaticDependenciesID=5b3d35405a183aa581a4f6f8436549c4 
Number of updated asset objects reloaded before import = 0
Number of asset objects unloaded after import = 0
========================================================================
Received Import Request.
  Time of request: 2026-09-10T15:14:43.613728Z
  Time since last request: 0.002161793 seconds.
  importAddress: GUID: dbc2c487f78dac1a18487397889a26f8 - Path: Assets/Scripts/Hub/HubMissionLauncher.cs - Importer: PreviewImporter
Importing 'GUID: dbc2c487f78dac1a18487397889a26f8 - Path: Assets/Scripts/Hub/HubMissionLauncher.cs - Importer: PreviewImporter' with importer (PreviewImporter)
Imported 'GUID: dbc2c487f78dac1a18487397889a26f8' -> (Import Result ID: 'e77de7ff2d23330e6d63d06d38f5f33c') in 0.000 seconds [static and dynamic dependencies]. Details - ImportResultOutputID=524188fec6420562d812811536dd2e64 DependenciesID=d251868fdb6a8ffa2e15a57b1a02c197 StaticDependenciesID=5b3d35405a183aa581a4f6f8436549c4 
Number of updated asset objects reloaded before import = 0
Number of asset objects unloaded after import = 0
========================================================================
Received Import Request.
  Time of request: 2026-09-10T15:14:43.647017Z
  Time since last request: 0.023083294 seconds.
  importAddress: GUID: dbc2c487f78dac1a18487397889a26f8 - Path: Assets/Scripts/Hub/HubMissionLauncher.cs - Importer: PreviewImporter
Importing 'GUID: dbc2c487f78dac1a18487397889a26f8 - Path: Assets/Scripts/Hub/HubMissionLauncher.cs - Importer: PreviewImporter' with importer (PreviewImporter)
Imported 'GUID: dbc2c487f78dac1a18487397889a26f8' -> (Import Result ID: 'e77de7ff2d23330e6d63d06d38f5f33c') in 0.001 seconds [static and dynamic dependencies]. Details - ImportResultOutputID=524188fec6420562d812811536dd2e64 DependenciesID=d251868fdb6a8ffa2e15a57b1a02c197 StaticDependenciesID=5b3d35405a183aa581a4f6f8436549c4 
Number of updated asset objects reloaded before import = 0
Number of asset objects unloaded after import = 0
========================================================================
Received Import Request.
  Time of request: 2026-09-10T15:14:43.667769Z
  Time since last request: 0.006926517 seconds.
  importAddress: GUID: dbc2c487f78dac1a18487397889a26f8 - Path: Assets/Scripts/Hub/HubMissionLauncher.cs - Importer: PreviewImporter
Importing 'GUID: dbc2c487f78dac1a18487397889a26f8 - Path: Assets/Scripts/Hub/HubMissionLauncher.cs - Importer: PreviewImporter' with importer (PreviewImporter)
Imported 'GUID: dbc2c487f78dac1a18487397889a26f8' -> (Import Result ID: 'e77de7ff2d23330e6d63d06d38f5f33c') in 0.001 seconds [static and dynamic dependencies]. Details - ImportResultOutputID=524188fec6420562d812811536dd2e64 DependenciesID=d251868fdb6a8ffa2e15a57b1a02c197 StaticDependenciesID=5b3d35405a183aa581a4f6f8436549c4 
Number of updated asset objects reloaded before import = 0
Number of asset objects unloaded after import = 0
========================================================================
Received Import Request.
  Time of request: 2026-09-10T15:14:43.68756Z
  Time since last request: 0.007687887 seconds.
  importAddress: GUID: dbc2c487f78dac1a18487397889a26f8 - Path: Assets/Scripts/Hub/HubMissionLauncher.cs - Importer: PreviewImporter
Importing 'GUID: dbc2c487f78dac1a18487397889a26f8 - Path: Assets/Scripts/Hub/HubMissionLauncher.cs - Importer: PreviewImporter' with importer (PreviewImporter)
Imported 'GUID: dbc2c487f78dac1a18487397889a26f8' -> (Import Result ID: 'e77de7ff2d23330e6d63d06d38f5f33c') in 0.001 seconds [static and dynamic dependencies]. Details - ImportResultOutputID=524188fec6420562d812811536dd2e64 DependenciesID=d251868fdb6a8ffa2e15a57b1a02c197 StaticDependenciesID=5b3d35405a183aa581a4f6f8436549c4 
Number of updated asset objects reloaded before import = 0
Number of asset objects unloaded after import = 0
========================================================================
Received Import Request.
  Time of request: 2026-09-10T15:14:43.704128Z
  Time since last request: 0.004252804 seconds.
  importAddress: GUID: dbc2c487f78dac1a18487397889a26f8 - Path: Assets/Scripts/Hub/HubMissionLauncher.cs - Importer: PreviewImporter
Importing 'GUID: dbc2c487f78dac1a18487397889a26f8 - Path: Assets/Scripts/Hub/HubMissionLauncher.cs - Importer: PreviewImporter' with importer (PreviewImporter)
Imported 'GUID: dbc2c487f78dac1a18487397889a26f8' -> (Import Result ID: 'e77de7ff2d23330e6d63d06d38f5f33c') in 0.001 seconds [static and dynamic dependencies]. Details - ImportResultOutputID=524188fec6420562d812811536dd2e64 DependenciesID=d251868fdb6a8ffa2e15a57b1a02c197 StaticDependenciesID=5b3d35405a183aa581a4f6f8436549c4 
Number of updated asset objects reloaded before import = 0
Number of asset objects unloaded after import = 0
========================================================================
Received Import Request.
  Time of request: 2026-09-10T15:14:43.720835Z
  Time since last request: 0.003276273 seconds.
  importAddress: GUID: dbc2c487f78dac1a18487397889a26f8 - Path: Assets/Scripts/Hub/HubMissionLauncher.cs - Importer: PreviewImporter
Importing 'GUID: dbc2c487f78dac1a18487397889a26f8 - Path: Assets/Scripts/Hub/HubMissionLauncher.cs - Importer: PreviewImporter' with importer (PreviewImporter)
Imported 'GUID: dbc2c487f78dac1a18487397889a26f8' -> (Import Result ID: 'e77de7ff2d23330e6d63d06d38f5f33c') in 0.001 seconds [static and dynamic dependencies]. Details - ImportResultOutputID=524188fec6420562d812811536dd2e64 DependenciesID=d251868fdb6a8ffa2e15a57b1a02c197 StaticDependenciesID=5b3d35405a183aa581a4f6f8436549c4 
Number of updated asset objects reloaded before import = 0
Number of asset objects unloaded after import = 0
========================================================================
Received Import Request.
  Time of request: 2026-09-10T15:14:43.736564Z
  Time since last request: 0.002851898 seconds.
  importAddress: GUID: dbc2c487f78dac1a18487397889a26f8 - Path: Assets/Scripts/Hub/HubMissionLauncher.cs - Importer: PreviewImporter
Importing 'GUID: dbc2c487f78dac1a18487397889a26f8 - Path: Assets/Scripts/Hub/HubMissionLauncher.cs - Importer: PreviewImporter' with importer (PreviewImporter)
Imported 'GUID: dbc2c487f78dac1a18487397889a26f8' -> (Import Result ID: 'e77de7ff2d23330e6d63d06d38f5f33c') in 0.001 seconds [static and dynamic dependencies]. Details - ImportResultOutputID=524188fec6420562d812811536dd2e64 DependenciesID=d251868fdb6a8ffa2e15a57b1a02c197 StaticDependenciesID=5b3d35405a183aa581a4f6f8436549c4 
Number of updated asset objects reloaded before import = 0
Number of asset objects unloaded after import = 0
========================================================================
Received Import Request.
  Time of request: 2026-09-10T15:14:43.759352Z
  Time since last request: 0.00811696 seconds.
  importAddress: GUID: dbc2c487f78dac1a18487397889a26f8 - Path: Assets/Scripts/Hub/HubMissionLauncher.cs - Importer: PreviewImporter
Importing 'GUID: dbc2c487f78dac1a18487397889a26f8 - Path: Assets/Scripts/Hub/HubMissionLauncher.cs - Importer: PreviewImporter' with importer (PreviewImporter)
Imported 'GUID: dbc2c487f78dac1a18487397889a26f8' -> (Import Result ID: 'e77de7ff2d23330e6d63d06d38f5f33c') in 0.001 seconds [static and dynamic dependencies]. Details - ImportResultOutputID=524188fec6420562d812811536dd2e64 DependenciesID=d251868fdb6a8ffa2e15a57b1a02c197 StaticDependenciesID=5b3d35405a183aa581a4f6f8436549c4 
Number of updated asset objects reloaded before import = 0
Number of asset objects unloaded after import = 0
========================================================================
Received Import Request.
  Time of request: 2026-09-10T15:14:43.777169Z
  Time since last request: 0.004940274 seconds.
  importAddress: GUID: dbc2c487f78dac1a18487397889a26f8 - Path: Assets/Scripts/Hub/HubMissionLauncher.cs - Importer: PreviewImporter
Importing 'GUID: dbc2c487f78dac1a18487397889a26f8 - Path: Assets/Scripts/Hub/HubMissionLauncher.cs - Importer: PreviewImporter' with importer (PreviewImporter)
Imported 'GUID: dbc2c487f78dac1a18487397889a26f8' -> (Import Result ID: 'e77de7ff2d23330e6d63d06d38f5f33c') in 0.000 seconds [static and dynamic dependencies]. Details - ImportResultOutputID=524188fec6420562d812811536dd2e64 DependenciesID=d251868fdb6a8ffa2e15a57b1a02c197 StaticDependenciesID=5b3d35405a183aa581a4f6f8436549c4 
Number of updated asset objects reloaded before import = 0
Number of asset objects unloaded after import = 0
========================================================================
Received Import Request.
  Time of request: 2026-09-10T15:14:43.797504Z
  Time since last request: 0.008369199 seconds.
  importAddress: GUID: dbc2c487f78dac1a18487397889a26f8 - Path: Assets/Scripts/Hub/HubMissionLauncher.cs - Importer: PreviewImporter
Importing 'GUID: dbc2c487f78dac1a18487397889a26f8 - Path: Assets/Scripts/Hub/HubMissionLauncher.cs - Importer: PreviewImporter' with importer (PreviewImporter)
Imported 'GUID: dbc2c487f78dac1a18487397889a26f8' -> (Import Result ID: 'e77de7ff2d23330e6d63d06d38f5f33c') in 0.001 seconds [static and dynamic dependencies]. Details - ImportResultOutputID=524188fec6420562d812811536dd2e64 DependenciesID=d251868fdb6a8ffa2e15a57b1a02c197 StaticDependenciesID=5b3d35405a183aa581a4f6f8436549c4 
Number of updated asset objects reloaded before import = 0
Number of asset objects unloaded after import = 0
========================================================================
Received Import Request.
  Time of request: 2026-09-10T15:14:43.819211Z
  Time since last request: 0.006244254 seconds.
  importAddress: GUID: dbc2c487f78dac1a18487397889a26f8 - Path: Assets/Scripts/Hub/HubMissionLauncher.cs - Importer: PreviewImporter
Importing 'GUID: dbc2c487f78dac1a18487397889a26f8 - Path: Assets/Scripts/Hub/HubMissionLauncher.cs - Importer: PreviewImporter' with importer (PreviewImporter)
Imported 'GUID: dbc2c487f78dac1a18487397889a26f8' -> (Import Result ID: 'e77de7ff2d23330e6d63d06d38f5f33c') in 0.001 seconds [static and dynamic dependencies]. Details - ImportResultOutputID=524188fec6420562d812811536dd2e64 DependenciesID=d251868fdb6a8ffa2e15a57b1a02c197 StaticDependenciesID=5b3d35405a183aa581a4f6f8436549c4 
Number of updated asset objects reloaded before import = 0
Number of asset objects unloaded after import = 0
========================================================================
Received Import Request.
  Time of request: 2026-09-10T15:14:43.841732Z
  Time since last request: 0.005492947 seconds.
  importAddress: GUID: dbc2c487f78dac1a18487397889a26f8 - Path: Assets/Scripts/Hub/HubMissionLauncher.cs - Importer: PreviewImporter
Importing 'GUID: dbc2c487f78dac1a18487397889a26f8 - Path: Assets/Scripts/Hub/HubMissionLauncher.cs - Importer: PreviewImporter' with importer (PreviewImporter)
Imported 'GUID: dbc2c487f78dac1a18487397889a26f8' -> (Import Result ID: 'e77de7ff2d23330e6d63d06d38f5f33c') in 0.001 seconds [static and dynamic dependencies]. Details - ImportResultOutputID=524188fec6420562d812811536dd2e64 DependenciesID=d251868fdb6a8ffa2e15a57b1a02c197 StaticDependenciesID=5b3d35405a183aa581a4f6f8436549c4 
Number of updated asset objects reloaded before import = 0
Number of asset objects unloaded after import = 0
========================================================================
Received Import Request.
  Time of request: 2026-09-10T15:14:43.862858Z
  Time since last request: 0.003445186 seconds.
  importAddress: GUID: dbc2c487f78dac1a18487397889a26f8 - Path: Assets/Scripts/Hub/HubMissionLauncher.cs - Importer: PreviewImporter
Importing 'GUID: dbc2c487f78dac1a18487397889a26f8 - Path: Assets/Scripts/Hub/HubMissionLauncher.cs - Importer: PreviewImporter' with importer (PreviewImporter)
Imported 'GUID: dbc2c487f78dac1a18487397889a26f8' -> (Import Result ID: 'e77de7ff2d23330e6d63d06d38f5f33c') in 0.001 seconds [static and dynamic dependencies]. Details - ImportResultOutputID=524188fec6420562d812811536dd2e64 DependenciesID=d251868fdb6a8ffa2e15a57b1a02c197 StaticDependenciesID=5b3d35405a183aa581a4f6f8436549c4 
Number of updated asset objects reloaded before import = 0
Number of asset objects unloaded after import = 0
========================================================================
Received Import Request.
  Time of request: 2026-09-10T15:14:43.898562Z
  Time since last request: 0.018999941 seconds.
  importAddress: GUID: dbc2c487f78dac1a18487397889a26f8 - Path: Assets/Scripts/Hub/HubMissionLauncher.cs - Importer: PreviewImporter
Importing 'GUID: dbc2c487f78dac1a18487397889a26f8 - Path: Assets/Scripts/Hub/HubMissionLauncher.cs - Importer: PreviewImporter' with importer (PreviewImporter)
Imported 'GUID: dbc2c487f78dac1a18487397889a26f8' -> (Import Result ID: 'e77de7ff2d23330e6d63d06d38f5f33c') in 0.000 seconds [static and dynamic dependencies]. Details - ImportResultOutputID=524188fec6420562d812811536dd2e64 DependenciesID=d251868fdb6a8ffa2e15a57b1a02c197 StaticDependenciesID=5b3d35405a183aa581a4f6f8436549c4 
Number of updated asset objects reloaded before import = 0
Number of asset objects unloaded after import = 0
========================================================================
Received Import Request.
  Time of request: 2026-09-10T15:14:43.920281Z
  Time since last request: 0.010569427 seconds.
  importAddress: GUID: dbc2c487f78dac1a18487397889a26f8 - Path: Assets/Scripts/Hub/HubMissionLauncher.cs - Importer: PreviewImporter
Importing 'GUID: dbc2c487f78dac1a18487397889a26f8 - Path: Assets/Scripts/Hub/HubMissionLauncher.cs - Importer: PreviewImporter' with importer (PreviewImporter)
Imported 'GUID: dbc2c487f78dac1a18487397889a26f8' -> (Import Result ID: 'e77de7ff2d23330e6d63d06d38f5f33c') in 0.002 seconds [static and dynamic dependencies]. Details - ImportResultOutputID=524188fec6420562d812811536dd2e64 DependenciesID=d251868fdb6a8ffa2e15a57b1a02c197 StaticDependenciesID=5b3d35405a183aa581a4f6f8436549c4 
Number of updated asset objects reloaded before import = 0
Number of asset objects unloaded after import = 0
========================================================================
Received Import Request.
  Time of request: 2026-09-10T15:14:43.964365Z
  Time since last request: 0.017493257 seconds.
  importAddress: GUID: dbc2c487f78dac1a18487397889a26f8 - Path: Assets/Scripts/Hub/HubMissionLauncher.cs - Importer: PreviewImporter
Importing 'GUID: dbc2c487f78dac1a18487397889a26f8 - Path: Assets/Scripts/Hub/HubMissionLauncher.cs - Importer: PreviewImporter' with importer (PreviewImporter)
Imported 'GUID: dbc2c487f78dac1a18487397889a26f8' -> (Import Result ID: 'e77de7ff2d23330e6d63d06d38f5f33c') in 0.001 seconds [static and dynamic dependencies]. Details - ImportResultOutputID=524188fec6420562d812811536dd2e64 DependenciesID=d251868fdb6a8ffa2e15a57b1a02c197 StaticDependenciesID=5b3d35405a183aa581a4f6f8436549c4 
Number of updated asset objects reloaded before import = 0
Number of asset objects unloaded after import = 0
========================================================================
Received Import Request.
  Time of request: 2026-09-10T15:14:44.067263Z
  Time since last request: 0.062400999 seconds.
  importAddress: GUID: dbc2c487f78dac1a18487397889a26f8 - Path: Assets/Scripts/Hub/HubMissionLauncher.cs - Importer: PreviewImporter
Importing 'GUID: dbc2c487f78dac1a18487397889a26f8 - Path: Assets/Scripts/Hub/HubMissionLauncher.cs - Importer: PreviewImporter' with importer (PreviewImporter)
Imported 'GUID: dbc2c487f78dac1a18487397889a26f8' -> (Import Result ID: 'e77de7ff2d23330e6d63d06d38f5f33c') in 0.001 seconds [static and dynamic dependencies]. Details - ImportResultOutputID=524188fec6420562d812811536dd2e64 DependenciesID=d251868fdb6a8ffa2e15a57b1a02c197 StaticDependenciesID=5b3d35405a183aa581a4f6f8436549c4 
Number of updated asset objects reloaded before import = 0
Number of asset objects unloaded after import = 0
========================================================================
Received Import Request.
  Time of request: 2026-09-10T15:14:44.197979Z
  Time since last request: 0.109773874 seconds.
  importAddress: GUID: dbc2c487f78dac1a18487397889a26f8 - Path: Assets/Scripts/Hub/HubMissionLauncher.cs - Importer: PreviewImporter
Importing 'GUID: dbc2c487f78dac1a18487397889a26f8 - Path: Assets/Scripts/Hub/HubMissionLauncher.cs - Importer: PreviewImporter' with importer (PreviewImporter)
Imported 'GUID: dbc2c487f78dac1a18487397889a26f8' -> (Import Result ID: 'e77de7ff2d23330e6d63d06d38f5f33c') in 0.001 seconds [static and dynamic dependencies]. Details - ImportResultOutputID=524188fec6420562d812811536dd2e64 DependenciesID=d251868fdb6a8ffa2e15a57b1a02c197 StaticDependenciesID=5b3d35405a183aa581a4f6f8436549c4 
Number of updated asset objects reloaded before import = 0
Number of asset objects unloaded after import = 0
========================================================================
Received Import Request.
  Time of request: 2026-09-10T15:14:44.297172Z
  Time since last request: 0.077403289 seconds.
  importAddress: GUID: dbc2c487f78dac1a18487397889a26f8 - Path: Assets/Scripts/Hub/HubMissionLauncher.cs - Importer: PreviewImporter
Importing 'GUID: dbc2c487f78dac1a18487397889a26f8 - Path: Assets/Scripts/Hub/HubMissionLauncher.cs - Importer: PreviewImporter' with importer (PreviewImporter)
Imported 'GUID: dbc2c487f78dac1a18487397889a26f8' -> (Import Result ID: 'e77de7ff2d23330e6d63d06d38f5f33c') in 0.001 seconds [static and dynamic dependencies]. Details - ImportResultOutputID=524188fec6420562d812811536dd2e64 DependenciesID=d251868fdb6a8ffa2e15a57b1a02c197 StaticDependenciesID=5b3d35405a183aa581a4f6f8436549c4 
Number of updated asset objects reloaded before import = 0
Number of asset objects unloaded after import = 0
========================================================================
Received Import Request.
  Time of request: 2026-09-10T15:14:44.401031Z
  Time since last request: 0.081638521 seconds.
  importAddress: GUID: dbc2c487f78dac1a18487397889a26f8 - Path: Assets/Scripts/Hub/HubMissionLauncher.cs - Importer: PreviewImporter
Importing 'GUID: dbc2c487f78dac1a18487397889a26f8 - Path: Assets/Scripts/Hub/HubMissionLauncher.cs - Importer: PreviewImporter' with importer (PreviewImporter)
Imported 'GUID: dbc2c487f78dac1a18487397889a26f8' -> (Import Result ID: 'e77de7ff2d23330e6d63d06d38f5f33c') in 0.001 seconds [static and dynamic dependencies]. Details - ImportResultOutputID=524188fec6420562d812811536dd2e64 DependenciesID=d251868fdb6a8ffa2e15a57b1a02c197 StaticDependenciesID=5b3d35405a183aa581a4f6f8436549c4 
Number of updated asset objects reloaded before import = 0
Number of asset objects unloaded after import = 0
========================================================================
Received Import Request.
  Time of request: 2026-09-10T15:14:44.497536Z
  Time since last request: 0.062931685 seconds.
  importAddress: GUID: dbc2c487f78dac1a18487397889a26f8 - Path: Assets/Scripts/Hub/HubMissionLauncher.cs - Importer: PreviewImporter
Importing 'GUID: dbc2c487f78dac1a18487397889a26f8 - Path: Assets/Scripts/Hub/HubMissionLauncher.cs - Importer: PreviewImporter' with importer (PreviewImporter)
Imported 'GUID: dbc2c487f78dac1a18487397889a26f8' -> (Import Result ID: 'e77de7ff2d23330e6d63d06d38f5f33c') in 0.001 seconds [static and dynamic dependencies]. Details - ImportResultOutputID=524188fec6420562d812811536dd2e64 DependenciesID=d251868fdb6a8ffa2e15a57b1a02c197 StaticDependenciesID=5b3d35405a183aa581a4f6f8436549c4 
Number of updated asset objects reloaded before import = 0
Number of asset objects unloaded after import = 0
========================================================================
Received Import Request.
  Time of request: 2026-09-10T15:14:44.596411Z
  Time since last request: 0.083480162 seconds.
  importAddress: GUID: dbc2c487f78dac1a18487397889a26f8 - Path: Assets/Scripts/Hub/HubMissionLauncher.cs - Importer: PreviewImporter
Importing 'GUID: dbc2c487f78dac1a18487397889a26f8 - Path: Assets/Scripts/Hub/HubMissionLauncher.cs - Importer: PreviewImporter' with importer (PreviewImporter)
Imported 'GUID: dbc2c487f78dac1a18487397889a26f8' -> (Import Result ID: 'e77de7ff2d23330e6d63d06d38f5f33c') in 0.003 seconds [static and dynamic dependencies]. Details - ImportResultOutputID=524188fec6420562d812811536dd2e64 DependenciesID=d251868fdb6a8ffa2e15a57b1a02c197 StaticDependenciesID=5b3d35405a183aa581a4f6f8436549c4 
Number of updated asset objects reloaded before import = 0
Number of asset objects unloaded after import = 0
========================================================================
Received Import Request.
  Time of request: 2026-09-10T15:14:44.708055Z
  Time since last request: 0.093868917 seconds.
  importAddress: GUID: dbc2c487f78dac1a18487397889a26f8 - Path: Assets/Scripts/Hub/HubMissionLauncher.cs - Importer: PreviewImporter
Importing 'GUID: dbc2c487f78dac1a18487397889a26f8 - Path: Assets/Scripts/Hub/HubMissionLauncher.cs - Importer: PreviewImporter' with importer (PreviewImporter)
Imported 'GUID: dbc2c487f78dac1a18487397889a26f8' -> (Import Result ID: 'e77de7ff2d23330e6d63d06d38f5f33c') in 0.001 seconds [static and dynamic dependencies]. Details - ImportResultOutputID=524188fec6420562d812811536dd2e64 DependenciesID=d251868fdb6a8ffa2e15a57b1a02c197 StaticDependenciesID=5b3d35405a183aa581a4f6f8436549c4 
Number of updated asset objects reloaded before import = 0
Number of asset objects unloaded after import = 0
========================================================================
Received Import Request.
  Time of request: 2026-09-10T15:14:44.807713Z
  Time since last request: 0.061301211 seconds.
  importAddress: GUID: dbc2c487f78dac1a18487397889a26f8 - Path: Assets/Scripts/Hub/HubMissionLauncher.cs - Importer: PreviewImporter
Importing 'GUID: dbc2c487f78dac1a18487397889a26f8 - Path: Assets/Scripts/Hub/HubMissionLauncher.cs - Importer: PreviewImporter' with importer (PreviewImporter)
Imported 'GUID: dbc2c487f78dac1a18487397889a26f8' -> (Import Result ID: 'e77de7ff2d23330e6d63d06d38f5f33c') in 0.001 seconds [static and dynamic dependencies]. Details - ImportResultOutputID=524188fec6420562d812811536dd2e64 DependenciesID=d251868fdb6a8ffa2e15a57b1a02c197 StaticDependenciesID=5b3d35405a183aa581a4f6f8436549c4 
Number of updated asset objects reloaded before import = 0
Number of asset objects unloaded after import = 0
========================================================================
Received Import Request.
  Time of request: 2026-09-10T15:14:44.904446Z
  Time since last request: 0.08102594 seconds.
  importAddress: GUID: dbc2c487f78dac1a18487397889a26f8 - Path: Assets/Scripts/Hub/HubMissionLauncher.cs - Importer: PreviewImporter
Importing 'GUID: dbc2c487f78dac1a18487397889a26f8 - Path: Assets/Scripts/Hub/HubMissionLauncher.cs - Importer: PreviewImporter' with importer (PreviewImporter)
Imported 'GUID: dbc2c487f78dac1a18487397889a26f8' -> (Import Result ID: 'e77de7ff2d23330e6d63d06d38f5f33c') in 0.001 seconds [static and dynamic dependencies]. Details - ImportResultOutputID=524188fec6420562d812811536dd2e64 DependenciesID=d251868fdb6a8ffa2e15a57b1a02c197 StaticDependenciesID=5b3d35405a183aa581a4f6f8436549c4 
Number of updated asset objects reloaded before import = 0
Number of asset objects unloaded after import = 0
========================================================================
Received Import Request.
  Time of request: 2026-09-10T15:14:45.00215Z
  Time since last request: 0.075327573 seconds.
  importAddress: GUID: dbc2c487f78dac1a18487397889a26f8 - Path: Assets/Scripts/Hub/HubMissionLauncher.cs - Importer: PreviewImporter
Importing 'GUID: dbc2c487f78dac1a18487397889a26f8 - Path: Assets/Scripts/Hub/HubMissionLauncher.cs - Importer: PreviewImporter' with importer (PreviewImporter)
Imported 'GUID: dbc2c487f78dac1a18487397889a26f8' -> (Import Result ID: 'e77de7ff2d23330e6d63d06d38f5f33c') in 0.001 seconds [static and dynamic dependencies]. Details - ImportResultOutputID=524188fec6420562d812811536dd2e64 DependenciesID=d251868fdb6a8ffa2e15a57b1a02c197 StaticDependenciesID=5b3d35405a183aa581a4f6f8436549c4 
Number of updated asset objects reloaded before import = 0
Number of asset objects unloaded after import = 0
========================================================================
Received Import Request.
  Time of request: 2026-09-10T15:14:45.107306Z
  Time since last request: 0.077703547 seconds.
  importAddress: GUID: dbc2c487f78dac1a18487397889a26f8 - Path: Assets/Scripts/Hub/HubMissionLauncher.cs - Importer: PreviewImporter
Importing 'GUID: dbc2c487f78dac1a18487397889a26f8 - Path: Assets/Scripts/Hub/HubMissionLauncher.cs - Importer: PreviewImporter' with importer (PreviewImporter)
Imported 'GUID: dbc2c487f78dac1a18487397889a26f8' -> (Import Result ID: 'e77de7ff2d23330e6d63d06d38f5f33c') in 0.001 seconds [static and dynamic dependencies]. Details - ImportResultOutputID=524188fec6420562d812811536dd2e64 DependenciesID=d251868fdb6a8ffa2e15a57b1a02c197 StaticDependenciesID=5b3d35405a183aa581a4f6f8436549c4 
Number of updated asset objects reloaded before import = 0
Number of asset objects unloaded after import = 0
========================================================================
Received Import Request.
  Time of request: 2026-09-10T15:14:45.201819Z
  Time since last request: 0.069704943 seconds.
  importAddress: GUID: dbc2c487f78dac1a18487397889a26f8 - Path: Assets/Scripts/Hub/HubMissionLauncher.cs - Importer: PreviewImporter
Importing 'GUID: dbc2c487f78dac1a18487397889a26f8 - Path: Assets/Scripts/Hub/HubMissionLauncher.cs - Importer: PreviewImporter' with importer (PreviewImporter)
Imported 'GUID: dbc2c487f78dac1a18487397889a26f8' -> (Import Result ID: 'e77de7ff2d23330e6d63d06d38f5f33c') in 0.001 seconds [static and dynamic dependencies]. Details - ImportResultOutputID=524188fec6420562d812811536dd2e64 DependenciesID=d251868fdb6a8ffa2e15a57b1a02c197 StaticDependenciesID=5b3d35405a183aa581a4f6f8436549c4 
Number of updated asset objects reloaded before import = 0
Number of asset objects unloaded after import = 0
========================================================================
Received Import Request.
  Time of request: 2026-09-10T15:14:45.30515Z
  Time since last request: 0.087070231 seconds.
  importAddress: GUID: dbc2c487f78dac1a18487397889a26f8 - Path: Assets/Scripts/Hub/HubMissionLauncher.cs - Importer: PreviewImporter
Importing 'GUID: dbc2c487f78dac1a18487397889a26f8 - Path: Assets/Scripts/Hub/HubMissionLauncher.cs - Importer: PreviewImporter' with importer (PreviewImporter)
Imported 'GUID: dbc2c487f78dac1a18487397889a26f8' -> (Import Result ID: 'e77de7ff2d23330e6d63d06d38f5f33c') in 0.001 seconds [static and dynamic dependencies]. Details - ImportResultOutputID=524188fec6420562d812811536dd2e64 DependenciesID=d251868fdb6a8ffa2e15a57b1a02c197 StaticDependenciesID=5b3d35405a183aa581a4f6f8436549c4 
Number of updated asset objects reloaded before import = 0
Number of asset objects unloaded after import = 0
========================================================================
Received Import Request.
  Time of request: 2026-09-10T15:14:45.436505Z
  Time since last request: 0.110840209 seconds.
  importAddress: GUID: dbc2c487f78dac1a18487397889a26f8 - Path: Assets/Scripts/Hub/HubMissionLauncher.cs - Importer: PreviewImporter
Importing 'GUID: dbc2c487f78dac1a18487397889a26f8 - Path: Assets/Scripts/Hub/HubMissionLauncher.cs - Importer: PreviewImporter' with importer (PreviewImporter)
Imported 'GUID: dbc2c487f78dac1a18487397889a26f8' -> (Import Result ID: 'e77de7ff2d23330e6d63d06d38f5f33c') in 0.001 seconds [static and dynamic dependencies]. Details - ImportResultOutputID=524188fec6420562d812811536dd2e64 DependenciesID=d251868fdb6a8ffa2e15a57b1a02c197 StaticDependenciesID=5b3d35405a183aa581a4f6f8436549c4 
Number of updated asset objects reloaded before import = 0
Number of asset objects unloaded after import = 0
========================================================================
Received Import Request.
  Time of request: 2026-09-10T15:14:45.531315Z
  Time since last request: 0.08052125 seconds.
  importAddress: GUID: dbc2c487f78dac1a18487397889a26f8 - Path: Assets/Scripts/Hub/HubMissionLauncher.cs - Importer: PreviewImporter
Importing 'GUID: dbc2c487f78dac1a18487397889a26f8 - Path: Assets/Scripts/Hub/HubMissionLauncher.cs - Importer: PreviewImporter' with importer (PreviewImporter)
Imported 'GUID: dbc2c487f78dac1a18487397889a26f8' -> (Import Result ID: 'e77de7ff2d23330e6d63d06d38f5f33c') in 0.001 seconds [static and dynamic dependencies]. Details - ImportResultOutputID=524188fec6420562d812811536dd2e64 DependenciesID=d251868fdb6a8ffa2e15a57b1a02c197 StaticDependenciesID=5b3d35405a183aa581a4f6f8436549c4 
Number of updated asset objects reloaded before import = 0
Number of asset objects unloaded after import = 0
========================================================================
Received Import Request.
  Time of request: 2026-09-10T15:14:45.631429Z
  Time since last request: 0.08611606 seconds.
  importAddress: GUID: dbc2c487f78dac1a18487397889a26f8 - Path: Assets/Scripts/Hub/HubMissionLauncher.cs - Importer: PreviewImporter
Importing 'GUID: dbc2c487f78dac1a18487397889a26f8 - Path: Assets/Scripts/Hub/HubMissionLauncher.cs - Importer: PreviewImporter' with importer (PreviewImporter)
Imported 'GUID: dbc2c487f78dac1a18487397889a26f8' -> (Import Result ID: 'e77de7ff2d23330e6d63d06d38f5f33c') in 0.001 seconds [static and dynamic dependencies]. Details - ImportResultOutputID=524188fec6420562d812811536dd2e64 DependenciesID=d251868fdb6a8ffa2e15a57b1a02c197 StaticDependenciesID=5b3d35405a183aa581a4f6f8436549c4 
Number of updated asset objects reloaded before import = 0
Number of asset objects unloaded after import = 0
========================================================================
Received Import Request.
  Time of request: 2026-09-10T15:14:45.732841Z
  Time since last request: 0.085748303 seconds.
  importAddress: GUID: dbc2c487f78dac1a18487397889a26f8 - Path: Assets/Scripts/Hub/HubMissionLauncher.cs - Importer: PreviewImporter
Importing 'GUID: dbc2c487f78dac1a18487397889a26f8 - Path: Assets/Scripts/Hub/HubMissionLauncher.cs - Importer: PreviewImporter' with importer (PreviewImporter)
Imported 'GUID: dbc2c487f78dac1a18487397889a26f8' -> (Import Result ID: 'e77de7ff2d23330e6d63d06d38f5f33c') in 0.001 seconds [static and dynamic dependencies]. Details - ImportResultOutputID=524188fec6420562d812811536dd2e64 DependenciesID=d251868fdb6a8ffa2e15a57b1a02c197 StaticDependenciesID=5b3d35405a183aa581a4f6f8436549c4 
Number of updated asset objects reloaded before import = 0
Number of asset objects unloaded after import = 0
========================================================================
Received Import Request.
  Time of request: 2026-09-10T15:14:45.830593Z
  Time since last request: 0.085110948 seconds.
  importAddress: GUID: dbc2c487f78dac1a18487397889a26f8 - Path: Assets/Scripts/Hub/HubMissionLauncher.cs - Importer: PreviewImporter
Importing 'GUID: dbc2c487f78dac1a18487397889a26f8 - Path: Assets/Scripts/Hub/HubMissionLauncher.cs - Importer: PreviewImporter' with importer (PreviewImporter)
Imported 'GUID: dbc2c487f78dac1a18487397889a26f8' -> (Import Result ID: 'e77de7ff2d23330e6d63d06d38f5f33c') in 0.000 seconds [static and dynamic dependencies]. Details - ImportResultOutputID=524188fec6420562d812811536dd2e64 DependenciesID=d251868fdb6a8ffa2e15a57b1a02c197 StaticDependenciesID=5b3d35405a183aa581a4f6f8436549c4 
Number of updated asset objects reloaded before import = 0
Number of asset objects unloaded after import = 0
========================================================================
Received Import Request.
  Time of request: 2026-09-10T15:14:45.929612Z
  Time since last request: 0.082923458 seconds.
  importAddress: GUID: dbc2c487f78dac1a18487397889a26f8 - Path: Assets/Scripts/Hub/HubMissionLauncher.cs - Importer: PreviewImporter
Importing 'GUID: dbc2c487f78dac1a18487397889a26f8 - Path: Assets/Scripts/Hub/HubMissionLauncher.cs - Importer: PreviewImporter' with importer (PreviewImporter)
Imported 'GUID: dbc2c487f78dac1a18487397889a26f8' -> (Import Result ID: 'e77de7ff2d23330e6d63d06d38f5f33c') in 0.001 seconds [static and dynamic dependencies]. Details - ImportResultOutputID=524188fec6420562d812811536dd2e64 DependenciesID=d251868fdb6a8ffa2e15a57b1a02c197 StaticDependenciesID=5b3d35405a183aa581a4f6f8436549c4 
Number of updated asset objects reloaded before import = 0
Number of asset objects unloaded after import = 0
========================================================================
Received Import Request.
  Time of request: 2026-09-10T15:14:46.034072Z
  Time since last request: 0.072400983 seconds.
  importAddress: GUID: dbc2c487f78dac1a18487397889a26f8 - Path: Assets/Scripts/Hub/HubMissionLauncher.cs - Importer: PreviewImporter
Importing 'GUID: dbc2c487f78dac1a18487397889a26f8 - Path: Assets/Scripts/Hub/HubMissionLauncher.cs - Importer: PreviewImporter' with importer (PreviewImporter)
Imported 'GUID: dbc2c487f78dac1a18487397889a26f8' -> (Import Result ID: 'e77de7ff2d23330e6d63d06d38f5f33c') in 0.001 seconds [static and dynamic dependencies]. Details - ImportResultOutputID=524188fec6420562d812811536dd2e64 DependenciesID=d251868fdb6a8ffa2e15a57b1a02c197 StaticDependenciesID=5b3d35405a183aa581a4f6f8436549c4 
Number of updated asset objects reloaded before import = 0
Number of asset objects unloaded after import = 0
========================================================================
Received Import Request.
  Time of request: 2026-09-10T15:14:46.128889Z
  Time since last request: 0.058420946 seconds.
  importAddress: GUID: dbc2c487f78dac1a18487397889a26f8 - Path: Assets/Scripts/Hub/HubMissionLauncher.cs - Importer: PreviewImporter
Importing 'GUID: dbc2c487f78dac1a18487397889a26f8 - Path: Assets/Scripts/Hub/HubMissionLauncher.cs - Importer: PreviewImporter' with importer (PreviewImporter)
Imported 'GUID: dbc2c487f78dac1a18487397889a26f8' -> (Import Result ID: 'e77de7ff2d23330e6d63d06d38f5f33c') in 0.001 seconds [static and dynamic dependencies]. Details - ImportResultOutputID=524188fec6420562d812811536dd2e64 DependenciesID=d251868fdb6a8ffa2e15a57b1a02c197 StaticDependenciesID=5b3d35405a183aa581a4f6f8436549c4 
Number of updated asset objects reloaded before import = 0
Number of asset objects unloaded after import = 0
========================================================================
Received Import Request.
  Time of request: 2026-09-10T15:14:46.229297Z
  Time since last request: 0.086262845 seconds.
  importAddress: GUID: dbc2c487f78dac1a18487397889a26f8 - Path: Assets/Scripts/Hub/HubMissionLauncher.cs - Importer: PreviewImporter
Importing 'GUID: dbc2c487f78dac1a18487397889a26f8 - Path: Assets/Scripts/Hub/HubMissionLauncher.cs - Importer: PreviewImporter' with importer (PreviewImporter)
Imported 'GUID: dbc2c487f78dac1a18487397889a26f8' -> (Import Result ID: 'e77de7ff2d23330e6d63d06d38f5f33c') in 0.001 seconds [static and dynamic dependencies]. Details - ImportResultOutputID=524188fec6420562d812811536dd2e64 DependenciesID=d251868fdb6a8ffa2e15a57b1a02c197 StaticDependenciesID=5b3d35405a183aa581a4f6f8436549c4 
Number of updated asset objects reloaded before import = 0
Number of asset objects unloaded after import = 0
========================================================================
Received Import Request.
  Time of request: 2026-09-10T15:14:46.338929Z
  Time since last request: 0.093585349 seconds.
  importAddress: GUID: dbc2c487f78dac1a18487397889a26f8 - Path: Assets/Scripts/Hub/HubMissionLauncher.cs - Importer: PreviewImporter
Importing 'GUID: dbc2c487f78dac1a18487397889a26f8 - Path: Assets/Scripts/Hub/HubMissionLauncher.cs - Importer: PreviewImporter' with importer (PreviewImporter)
Imported 'GUID: dbc2c487f78dac1a18487397889a26f8' -> (Import Result ID: 'e77de7ff2d23330e6d63d06d38f5f33c') in 0.001 seconds [static and dynamic dependencies]. Details - ImportResultOutputID=524188fec6420562d812811536dd2e64 DependenciesID=d251868fdb6a8ffa2e15a57b1a02c197 StaticDependenciesID=5b3d35405a183aa581a4f6f8436549c4 
Number of updated asset objects reloaded before import = 0
Number of asset objects unloaded after import = 0
========================================================================
Received Import Request.
  Time of request: 2026-09-10T15:14:46.43093Z
  Time since last request: 0.062341731 seconds.
  importAddress: GUID: dbc2c487f78dac1a18487397889a26f8 - Path: Assets/Scripts/Hub/HubMissionLauncher.cs - Importer: PreviewImporter
Importing 'GUID: dbc2c487f78dac1a18487397889a26f8 - Path: Assets/Scripts/Hub/HubMissionLauncher.cs - Importer: PreviewImporter' with importer (PreviewImporter)
Imported 'GUID: dbc2c487f78dac1a18487397889a26f8' -> (Import Result ID: 'e77de7ff2d23330e6d63d06d38f5f33c') in 0.001 seconds [static and dynamic dependencies]. Details - ImportResultOutputID=524188fec6420562d812811536dd2e64 DependenciesID=d251868fdb6a8ffa2e15a57b1a02c197 StaticDependenciesID=5b3d35405a183aa581a4f6f8436549c4 
Number of updated asset objects reloaded before import = 0
Number of asset objects unloaded after import = 0
========================================================================
Received Import Request.
  Time of request: 2026-09-10T15:14:46.531052Z
  Time since last request: 0.080963622 seconds.
  importAddress: GUID: dbc2c487f78dac1a18487397889a26f8 - Path: Assets/Scripts/Hub/HubMissionLauncher.cs - Importer: PreviewImporter
Importing 'GUID: dbc2c487f78dac1a18487397889a26f8 - Path: Assets/Scripts/Hub/HubMissionLauncher.cs - Importer: PreviewImporter' with importer (PreviewImporter)
Imported 'GUID: dbc2c487f78dac1a18487397889a26f8' -> (Import Result ID: 'e77de7ff2d23330e6d63d06d38f5f33c') in 0.000 seconds [static and dynamic dependencies]. Details - ImportResultOutputID=524188fec6420562d812811536dd2e64 DependenciesID=d251868fdb6a8ffa2e15a57b1a02c197 StaticDependenciesID=5b3d35405a183aa581a4f6f8436549c4 
Number of updated asset objects reloaded before import = 0
Number of asset objects unloaded after import = 0
========================================================================
Received Import Request.
  Time of request: 2026-09-10T15:14:46.635667Z
  Time since last request: 0.091410337 seconds.
  importAddress: GUID: dbc2c487f78dac1a18487397889a26f8 - Path: Assets/Scripts/Hub/HubMissionLauncher.cs - Importer: PreviewImporter
Importing 'GUID: dbc2c487f78dac1a18487397889a26f8 - Path: Assets/Scripts/Hub/HubMissionLauncher.cs - Importer: PreviewImporter' with importer (PreviewImporter)
Imported 'GUID: dbc2c487f78dac1a18487397889a26f8' -> (Import Result ID: 'e77de7ff2d23330e6d63d06d38f5f33c') in 0.001 seconds [static and dynamic dependencies]. Details - ImportResultOutputID=524188fec6420562d812811536dd2e64 DependenciesID=d251868fdb6a8ffa2e15a57b1a02c197 StaticDependenciesID=5b3d35405a183aa581a4f6f8436549c4 
Number of updated asset objects reloaded before import = 0
Number of asset objects unloaded after import = 0
========================================================================
Received Import Request.
  Time of request: 2026-09-10T15:14:46.730251Z
  Time since last request: 0.08160906 seconds.
  importAddress: GUID: dbc2c487f78dac1a18487397889a26f8 - Path: Assets/Scripts/Hub/HubMissionLauncher.cs - Importer: PreviewImporter
Importing 'GUID: dbc2c487f78dac1a18487397889a26f8 - Path: Assets/Scripts/Hub/HubMissionLauncher.cs - Importer: PreviewImporter' with importer (PreviewImporter)
Imported 'GUID: dbc2c487f78dac1a18487397889a26f8' -> (Import Result ID: 'e77de7ff2d23330e6d63d06d38f5f33c') in 0.000 seconds [static and dynamic dependencies]. Details - ImportResultOutputID=524188fec6420562d812811536dd2e64 DependenciesID=d251868fdb6a8ffa2e15a57b1a02c197 StaticDependenciesID=5b3d35405a183aa581a4f6f8436549c4 
Number of updated asset objects reloaded before import = 0
Number of asset objects unloaded after import = 0
========================================================================
Received Import Request.
  Time of request: 2026-09-10T15:14:46.827883Z
  Time since last request: 0.086713145 seconds.
  importAddress: GUID: dbc2c487f78dac1a18487397889a26f8 - Path: Assets/Scripts/Hub/HubMissionLauncher.cs - Importer: PreviewImporter
Importing 'GUID: dbc2c487f78dac1a18487397889a26f8 - Path: Assets/Scripts/Hub/HubMissionLauncher.cs - Importer: PreviewImporter' with importer (PreviewImporter)
Imported 'GUID: dbc2c487f78dac1a18487397889a26f8' -> (Import Result ID: 'e77de7ff2d23330e6d63d06d38f5f33c') in 0.001 seconds [static and dynamic dependencies]. Details - ImportResultOutputID=524188fec6420562d812811536dd2e64 DependenciesID=d251868fdb6a8ffa2e15a57b1a02c197 StaticDependenciesID=5b3d35405a183aa581a4f6f8436549c4 
Number of updated asset objects reloaded before import = 0
Number of asset objects unloaded after import = 0
========================================================================
Received Import Request.
  Time of request: 2026-09-10T15:14:46.929625Z
  Time since last request: 0.086508002 seconds.
  importAddress: GUID: dbc2c487f78dac1a18487397889a26f8 - Path: Assets/Scripts/Hub/HubMissionLauncher.cs - Importer: PreviewImporter
Importing 'GUID: dbc2c487f78dac1a18487397889a26f8 - Path: Assets/Scripts/Hub/HubMissionLauncher.cs - Importer: PreviewImporter' with importer (PreviewImporter)
Imported 'GUID: dbc2c487f78dac1a18487397889a26f8' -> (Import Result ID: 'e77de7ff2d23330e6d63d06d38f5f33c') in 0.001 seconds [static and dynamic dependencies]. Details - ImportResultOutputID=524188fec6420562d812811536dd2e64 DependenciesID=d251868fdb6a8ffa2e15a57b1a02c197 StaticDependenciesID=5b3d35405a183aa581a4f6f8436549c4 
Number of updated asset objects reloaded before import = 0
Number of asset objects unloaded after import = 0
========================================================================
Received Import Request.
  Time of request: 2026-09-10T15:14:47.0325Z
  Time since last request: 0.087782083 seconds.
  importAddress: GUID: dbc2c487f78dac1a18487397889a26f8 - Path: Assets/Scripts/Hub/HubMissionLauncher.cs - Importer: PreviewImporter
Importing 'GUID: dbc2c487f78dac1a18487397889a26f8 - Path: Assets/Scripts/Hub/HubMissionLauncher.cs - Importer: PreviewImporter' with importer (PreviewImporter)
Imported 'GUID: dbc2c487f78dac1a18487397889a26f8' -> (Import Result ID: 'e77de7ff2d23330e6d63d06d38f5f33c') in 0.001 seconds [static and dynamic dependencies]. Details - ImportResultOutputID=524188fec6420562d812811536dd2e64 DependenciesID=d251868fdb6a8ffa2e15a57b1a02c197 StaticDependenciesID=5b3d35405a183aa581a4f6f8436549c4 
Number of updated asset objects reloaded before import = 0
Number of asset objects unloaded after import = 0
========================================================================
Received Import Request.
  Time of request: 2026-09-10T15:14:47.130284Z
  Time since last request: 0.08154979 seconds.
  importAddress: GUID: dbc2c487f78dac1a18487397889a26f8 - Path: Assets/Scripts/Hub/HubMissionLauncher.cs - Importer: PreviewImporter
Importing 'GUID: dbc2c487f78dac1a18487397889a26f8 - Path: Assets/Scripts/Hub/HubMissionLauncher.cs - Importer: PreviewImporter' with importer (PreviewImporter)
Imported 'GUID: dbc2c487f78dac1a18487397889a26f8' -> (Import Result ID: 'e77de7ff2d23330e6d63d06d38f5f33c') in 0.001 seconds [static and dynamic dependencies]. Details - ImportResultOutputID=524188fec6420562d812811536dd2e64 DependenciesID=d251868fdb6a8ffa2e15a57b1a02c197 StaticDependenciesID=5b3d35405a183aa581a4f6f8436549c4 
Number of updated asset objects reloaded before import = 0
Number of asset objects unloaded after import = 0
========================================================================
Received Import Request.
  Time of request: 2026-09-10T15:14:47.229368Z
  Time since last request: 0.087559021 seconds.
  importAddress: GUID: dbc2c487f78dac1a18487397889a26f8 - Path: Assets/Scripts/Hub/HubMissionLauncher.cs - Importer: PreviewImporter
Importing 'GUID: dbc2c487f78dac1a18487397889a26f8 - Path: Assets/Scripts/Hub/HubMissionLauncher.cs - Importer: PreviewImporter' with importer (PreviewImporter)
Imported 'GUID: dbc2c487f78dac1a18487397889a26f8' -> (Import Result ID: 'e77de7ff2d23330e6d63d06d38f5f33c') in 0.000 seconds [static and dynamic dependencies]. Details - ImportResultOutputID=524188fec6420562d812811536dd2e64 DependenciesID=d251868fdb6a8ffa2e15a57b1a02c197 StaticDependenciesID=5b3d35405a183aa581a4f6f8436549c4 
Number of updated asset objects reloaded before import = 0
Number of asset objects unloaded after import = 0
========================================================================
Received Import Request.
  Time of request: 2026-09-10T15:14:47.329515Z
  Time since last request: 0.0871555 seconds.
  importAddress: GUID: dbc2c487f78dac1a18487397889a26f8 - Path: Assets/Scripts/Hub/HubMissionLauncher.cs - Importer: PreviewImporter
Importing 'GUID: dbc2c487f78dac1a18487397889a26f8 - Path: Assets/Scripts/Hub/HubMissionLauncher.cs - Importer: PreviewImporter' with importer (PreviewImporter)
Imported 'GUID: dbc2c487f78dac1a18487397889a26f8' -> (Import Result ID: 'e77de7ff2d23330e6d63d06d38f5f33c') in 0.001 seconds [static and dynamic dependencies]. Details - ImportResultOutputID=524188fec6420562d812811536dd2e64 DependenciesID=d251868fdb6a8ffa2e15a57b1a02c197 StaticDependenciesID=5b3d35405a183aa581a4f6f8436549c4 
Number of updated asset objects reloaded before import = 0
Number of asset objects unloaded after import = 0
========================================================================
Received Import Request.
  Time of request: 2026-09-10T15:14:47.428484Z
  Time since last request: 0.086122097 seconds.
  importAddress: GUID: dbc2c487f78dac1a18487397889a26f8 - Path: Assets/Scripts/Hub/HubMissionLauncher.cs - Importer: PreviewImporter
Importing 'GUID: dbc2c487f78dac1a18487397889a26f8 - Path: Assets/Scripts/Hub/HubMissionLauncher.cs - Importer: PreviewImporter' with importer (PreviewImporter)
Imported 'GUID: dbc2c487f78dac1a18487397889a26f8' -> (Import Result ID: 'e77de7ff2d23330e6d63d06d38f5f33c') in 0.000 seconds [static and dynamic dependencies]. Details - ImportResultOutputID=524188fec6420562d812811536dd2e64 DependenciesID=d251868fdb6a8ffa2e15a57b1a02c197 StaticDependenciesID=5b3d35405a183aa581a4f6f8436549c4 
Number of updated asset objects reloaded before import = 0
Number of asset objects unloaded after import = 0
========================================================================
Received Import Request.
  Time of request: 2026-09-10T15:14:47.529342Z
  Time since last request: 0.088733139 seconds.
  importAddress: GUID: dbc2c487f78dac1a18487397889a26f8 - Path: Assets/Scripts/Hub/HubMissionLauncher.cs - Importer: PreviewImporter
Importing 'GUID: dbc2c487f78dac1a18487397889a26f8 - Path: Assets/Scripts/Hub/HubMissionLauncher.cs - Importer: PreviewImporter' with importer (PreviewImporter)
Imported 'GUID: dbc2c487f78dac1a18487397889a26f8' -> (Import Result ID: 'e77de7ff2d23330e6d63d06d38f5f33c') in 0.001 seconds [static and dynamic dependencies]. Details - ImportResultOutputID=524188fec6420562d812811536dd2e64 DependenciesID=d251868fdb6a8ffa2e15a57b1a02c197 StaticDependenciesID=5b3d35405a183aa581a4f6f8436549c4 
Number of updated asset objects reloaded before import = 0
Number of asset objects unloaded after import = 0
========================================================================
Received Import Request.
  Time of request: 2026-09-10T15:14:47.635506Z
  Time since last request: 0.093764941 seconds.
  importAddress: GUID: dbc2c487f78dac1a18487397889a26f8 - Path: Assets/Scripts/Hub/HubMissionLauncher.cs - Importer: PreviewImporter
Importing 'GUID: dbc2c487f78dac1a18487397889a26f8 - Path: Assets/Scripts/Hub/HubMissionLauncher.cs - Importer: PreviewImporter' with importer (PreviewImporter)
Imported 'GUID: dbc2c487f78dac1a18487397889a26f8' -> (Import Result ID: 'e77de7ff2d23330e6d63d06d38f5f33c') in 0.001 seconds [static and dynamic dependencies]. Details - ImportResultOutputID=524188fec6420562d812811536dd2e64 DependenciesID=d251868fdb6a8ffa2e15a57b1a02c197 StaticDependenciesID=5b3d35405a183aa581a4f6f8436549c4 
Number of updated asset objects reloaded before import = 0
Number of asset objects unloaded after import = 0
========================================================================
Received Prepare
AcceleratorClientConnectionCallback - disconnected - :0
Assembly reference Packages/com.unity.cinemachine/Editor/Samples/ExposeHDRPInternals/HDRP-Editor-ref.asmref has no target assembly definition
Assembly reference Packages/com.unity.cinemachine/Editor/Samples/ExposeHDRPInternals/HDRP-Editor-ref.asmref has no target assembly definition
Begin MonoManager ReloadAssembly
Assembly reference Packages/com.unity.cinemachine/Editor/Samples/ExposeHDRPInternals/HDRP-Editor-ref.asmref has no target assembly definition
Assembly reference Packages/com.unity.cinemachine/Editor/Samples/ExposeHDRPInternals/HDRP-Editor-ref.asmref has no target assembly definition
'Packages/com.unity.cinemachine/Editor/Obsolete/CinemachineVirtualCameraBaseEditor.cs' contains partial class of Unity.Object, exactly 1 of the partial classes needs to be in a file with the same filename. This is to know the one that can be referenced from ie. GameObjects
'Packages/com.unity.cinemachine/Editor/Editors/CinemachineVirtualCameraBaseEditor.cs' contains partial class of Unity.Object, exactly 1 of the partial classes needs to be in a file with the same filename. This is to know the one that can be referenced from ie. GameObjects
Refreshing native plugins compatible for Editor in 3.35 ms, found 0 plugins.
Native extension for LinuxStandalone target not found
[Package Manager] Failed to launch server process. Reason: Unity was launched with the -noUpm command-line argument
[Package Manager] Unable to send message (not connected to server process).
[Package Manager] Cannot connect to Unity Package Manager local server
[Package Manager] Failed to launch server process. Reason: Unity was launched with the -noUpm command-line argument
[Package Manager] Unable to send message (not connected to server process).
[Package Manager] Cannot connect to Unity Package Manager local server
[Package Manager] Failed to launch server process. Reason: Unity was launched with the -noUpm command-line argument
[Package Manager] Unable to send message (not connected to server process).
[Package Manager] Cannot connect to Unity Package Manager local server
Refreshing native plugins compatible for Editor in 2.66 ms, found 0 plugins.
ScheduleIndexationOnStartup MainProcess:False IndexOnStartup:True
Mono: successfully reloaded assembly
- Finished resetting the current domain, in  1.195 seconds
Domain Reload Profiling: 3847ms
	BeginReloadAssembly (1028ms)
		ExecutionOrderSort (3ms)
		DisableScriptedObjects (99ms)
		CreateAndSetChildDomain (265ms)
	RebuildCommonClasses (12ms)
	RebuildNativeTypeToScriptingClass (14ms)
	initialDomainReloadingComplete (200ms)
	LoadAllAssembliesAndSetupDomain (1398ms)
		LoadAssemblies (1187ms)
		AnalyzeDomain (367ms)
			TypeCache.Refresh (40ms)
			BuildScriptInfoCaches (307ms)
			ResolveRequiredComponents (7ms)
	FinalizeReload (1196ms)
		SetupLoadedEditorAssemblies (0ms)
			InitializePlatformSupportModulesInManaged (4ms)
			BeforeProcessingInitializeOnLoad (168ms)
			ProcessInitializeOnLoadAttributes (467ms)
			ProcessInitializeOnLoadMethodAttributes (148ms)
			AfterProcessingInitializeOnLoad (3ms)
		AwakeInstancesAfterBackupRestoration (25ms)
Shader Hidden/ChartRasterizerHardware is not supported: GPU does not support conservative rasterization
Unloading 24 Unused Serialized files (Serialized files now loaded: 0)
Unloading 7071 unused Assets / (9.7 MB). Loaded Objects now: 8309.
Memory consumption went from 237.6 MB to 228.0 MB.
Total: 24.248491 ms (FindLiveObjects: 1.104288 ms CreateObjectMapping: 4.899561 ms MarkObjects: 8.946968 ms  DeleteObjects: 9.295731 ms)

Prepare: number of updated asset objects reloaded= 0
========================================================================
Received Import Request.
  Time of request: 2026-09-10T15:15:01.081001Z
  Time since last request: 13.389035368 seconds.
  importAddress: GUID: dbc2c487f78dac1a18487397889a26f8 - Path: Assets/Scripts/Hub/HubMissionLauncher.cs - Importer: PreviewImporter
Importing 'GUID: dbc2c487f78dac1a18487397889a26f8 - Path: Assets/Scripts/Hub/HubMissionLauncher.cs - Importer: PreviewImporter' with importer (PreviewImporter)
Imported 'GUID: dbc2c487f78dac1a18487397889a26f8' -> (Import Result ID: '29444951ca06b2e4107d13b6527455d5') in 0.005 seconds [static and dynamic dependencies]. Details - ImportResultOutputID=524188fec6420562d812811536dd2e64 DependenciesID=fb2fd1fbe1961d3de2cbe29d20f4f64b StaticDependenciesID=5b3d35405a183aa581a4f6f8436549c4 
Number of updated asset objects reloaded before import = 0
Number of asset objects unloaded after import = 0
========================================================================
Received Prepare
AcceleratorClientConnectionCallback - disconnected - :0
Assembly reference Packages/com.unity.cinemachine/Editor/Samples/ExposeHDRPInternals/HDRP-Editor-ref.asmref has no target assembly definition
Assembly reference Packages/com.unity.cinemachine/Editor/Samples/ExposeHDRPInternals/HDRP-Editor-ref.asmref has no target assembly definition
[Licensing::Client] Successfully resolved entitlement details
[Licensing::Module] License group:
  Id: F4-M77M-HXW8-HJ67-XE8W-XXXX
  Product: Unity Personal
  Type: ULF
  Expiration: Unlimited
[Licensing::Module] License group:
  Id: 10170777712478-UnityPersXXXX
  Product: Unity Personal
  Type: Assigned
  Expiration: Unlimited
Begin MonoManager ReloadAssembly
Assembly reference Packages/com.unity.cinemachine/Editor/Samples/ExposeHDRPInternals/HDRP-Editor-ref.asmref has no target assembly definition
Assembly reference Packages/com.unity.cinemachine/Editor/Samples/ExposeHDRPInternals/HDRP-Editor-ref.asmref has no target assembly definition
'Packages/com.unity.cinemachine/Editor/Obsolete/CinemachineVirtualCameraBaseEditor.cs' contains partial class of Unity.Object, exactly 1 of the partial classes needs to be in a file with the same filename. This is to know the one that can be referenced from ie. GameObjects
'Packages/com.unity.cinemachine/Editor/Editors/CinemachineVirtualCameraBaseEditor.cs' contains partial class of Unity.Object, exactly 1 of the partial classes needs to be in a file with the same filename. This is to know the one that can be referenced from ie. GameObjects
Native extension for LinuxStandalone target not found
[Package Manager] Failed to launch server process. Reason: Unity was launched with the -noUpm command-line argument
[Package Manager] Unable to send message (not connected to server process).
[Package Manager] Cannot connect to Unity Package Manager local server
[Package Manager] Failed to launch server process. Reason: Unity was launched with the -noUpm command-line argument
[Package Manager] Unable to send message (not connected to server process).
[Package Manager] Cannot connect to Unity Package Manager local server
[Package Manager] Failed to launch server process. Reason: Unity was launched with the -noUpm command-line argument
[Package Manager] Unable to send message (not connected to server process).
[Package Manager] Cannot connect to Unity Package Manager local server
ScheduleIndexationOnStartup MainProcess:False IndexOnStartup:True
Mono: successfully reloaded assembly
- Finished resetting the current domain, in  0.691 seconds
Domain Reload Profiling: 3392ms
	BeginReloadAssembly (1298ms)
		DisableScriptedObjects (139ms)
		CreateAndSetChildDomain (232ms)
	RebuildCommonClasses (9ms)
	RebuildNativeTypeToScriptingClass (10ms)
	initialDomainReloadingComplete (120ms)
	LoadAllAssembliesAndSetupDomain (1264ms)
		LoadAssemblies (1539ms)
		AnalyzeDomain (301ms)
			TypeCache.Refresh (36ms)
			BuildScriptInfoCaches (251ms)
			ResolveRequiredComponents (5ms)
	FinalizeReload (692ms)
		SetupLoadedEditorAssemblies (0ms)
			BeforeProcessingInitializeOnLoad (74ms)
			ProcessInitializeOnLoadAttributes (285ms)
			ProcessInitializeOnLoadMethodAttributes (96ms)
		AwakeInstancesAfterBackupRestoration (22ms)
Shader Hidden/ChartRasterizerHardware is not supported: GPU does not support conservative rasterization
Unloading 24 Unused Serialized files (Serialized files now loaded: 0)
Unloading 7071 unused Assets / (6.6 MB). Loaded Objects now: 8312.
Memory consumption went from 237.9 MB to 231.2 MB.
Total: 14.018758 ms (FindLiveObjects: 1.407578 ms CreateObjectMapping: 2.560012 ms MarkObjects: 6.792851 ms  DeleteObjects: 3.257049 ms)

Prepare: number of updated asset objects reloaded= 0
========================================================================
Received Import Request.
  Time of request: 2026-09-10T15:17:11.972327Z
  Time since last request: 130.73078320499999 seconds.
  importAddress: GUID: dbc2c487f78dac1a18487397889a26f8 - Path: Assets/Scripts/Hub/HubMissionLauncher.cs - Importer: PreviewImporter
Importing 'GUID: dbc2c487f78dac1a18487397889a26f8 - Path: Assets/Scripts/Hub/HubMissionLauncher.cs - Importer: PreviewImporter' with importer (PreviewImporter)
Imported 'GUID: dbc2c487f78dac1a18487397889a26f8' -> (Import Result ID: '0329fbf13297923dd392492585810218') in 0.001 seconds [static and dynamic dependencies]. Details - ImportResultOutputID=524188fec6420562d812811536dd2e64 DependenciesID=694037f11a7c79a6d67089681f763110 StaticDependenciesID=948bb1afacc5f1076ff62a5ec8118337 
Number of updated asset objects reloaded before import = 0
Number of asset objects unloaded after import = 0
========================================================================
Received Prepare
AcceleratorClientConnectionCallback - disconnected - :0
Assembly reference Packages/com.unity.cinemachine/Editor/Samples/ExposeHDRPInternals/HDRP-Editor-ref.asmref has no target assembly definition
Assembly reference Packages/com.unity.cinemachine/Editor/Samples/ExposeHDRPInternals/HDRP-Editor-ref.asmref has no target assembly definition
Begin MonoManager ReloadAssembly
Assembly reference Packages/com.unity.cinemachine/Editor/Samples/ExposeHDRPInternals/HDRP-Editor-ref.asmref has no target assembly definition
Assembly reference Packages/com.unity.cinemachine/Editor/Samples/ExposeHDRPInternals/HDRP-Editor-ref.asmref has no target assembly definition
'Packages/com.unity.cinemachine/Editor/Obsolete/CinemachineVirtualCameraBaseEditor.cs' contains partial class of Unity.Object, exactly 1 of the partial classes needs to be in a file with the same filename. This is to know the one that can be referenced from ie. GameObjects
'Packages/com.unity.cinemachine/Editor/Editors/CinemachineVirtualCameraBaseEditor.cs' contains partial class of Unity.Object, exactly 1 of the partial classes needs to be in a file with the same filename. This is to know the one that can be referenced from ie. GameObjects
Native extension for LinuxStandalone target not found
[Package Manager] Failed to launch server process. Reason: Unity was launched with the -noUpm command-line argument
[Package Manager] Unable to send message (not connected to server process).
[Package Manager] Cannot connect to Unity Package Manager local server
[Package Manager] Failed to launch server process. Reason: Unity was launched with the -noUpm command-line argument
[Package Manager] Unable to send message (not connected to server process).
[Package Manager] Cannot connect to Unity Package Manager local server
[Package Manager] Failed to launch server process. Reason: Unity was launched with the -noUpm command-line argument
[Package Manager] Unable to send message (not connected to server process).
[Package Manager] Cannot connect to Unity Package Manager local server
Refreshing native plugins compatible for Editor in 2.51 ms, found 0 plugins.
ScheduleIndexationOnStartup MainProcess:False IndexOnStartup:True
Mono: successfully reloaded assembly
- Finished resetting the current domain, in  0.891 seconds
Domain Reload Profiling: 2192ms
	BeginReloadAssembly (469ms)
		DisableScriptedObjects (40ms)
		CreateAndSetChildDomain (121ms)
	RebuildCommonClasses (9ms)
	RebuildNativeTypeToScriptingClass (9ms)
	initialDomainReloadingComplete (75ms)
	LoadAllAssembliesAndSetupDomain (737ms)
		LoadAssemblies (794ms)
		AnalyzeDomain (41ms)
			TypeCache.Refresh (18ms)
			ResolveRequiredComponents (7ms)
	FinalizeReload (892ms)
		SetupLoadedEditorAssemblies (0ms)
			BeforeProcessingInitializeOnLoad (76ms)
			ProcessInitializeOnLoadAttributes (351ms)
			ProcessInitializeOnLoadMethodAttributes (180ms)
			AfterProcessingInitializeOnLoad (6ms)
		AwakeInstancesAfterBackupRestoration (36ms)
Shader Hidden/ChartRasterizerHardware is not supported: GPU does not support conservative rasterization
Unloading 24 Unused Serialized files (Serialized files now loaded: 0)
Unloading 7071 unused Assets / (6.9 MB). Loaded Objects now: 8315.
Memory consumption went from 238.1 MB to 231.2 MB.
Total: 29.635607 ms (FindLiveObjects: 1.435832 ms CreateObjectMapping: 5.768476 ms MarkObjects: 16.193507 ms  DeleteObjects: 6.227662 ms)

Prepare: number of updated asset objects reloaded= 0
========================================================================
Received Prepare
AcceleratorClientConnectionCallback - disconnected - :0
Shader Hidden/ChartRasterizerHardware is not supported: GPU does not support conservative rasterization
Unloading 24 Unused Serialized files (Serialized files now loaded: 0)
Unloading 24 unused Assets / (2.7 MB). Loaded Objects now: 8315.
Memory consumption went from 234.2 MB to 231.5 MB.
Total: 9.993600 ms (FindLiveObjects: 0.491461 ms CreateObjectMapping: 1.289438 ms MarkObjects: 7.577793 ms  DeleteObjects: 0.632610 ms)

Prepare: number of updated asset objects reloaded= 0
========================================================================
Received Prepare
AcceleratorClientConnectionCallback - disconnected - :0
Assembly reference Packages/com.unity.cinemachine/Editor/Samples/ExposeHDRPInternals/HDRP-Editor-ref.asmref has no target assembly definition
Assembly reference Packages/com.unity.cinemachine/Editor/Samples/ExposeHDRPInternals/HDRP-Editor-ref.asmref has no target assembly definition
[Licensing::Client] Successfully resolved entitlement details
[Licensing::Module] License group:
  Id: F4-M77M-HXW8-HJ67-XE8W-XXXX
  Product: Unity Personal
  Type: ULF
  Expiration: Unlimited
[Licensing::Module] License group:
  Id: 10170777712478-UnityPersXXXX
  Product: Unity Personal
  Type: Assigned
  Expiration: Unlimited
Begin MonoManager ReloadAssembly
Assembly reference Packages/com.unity.cinemachine/Editor/Samples/ExposeHDRPInternals/HDRP-Editor-ref.asmref has no target assembly definition
Assembly reference Packages/com.unity.cinemachine/Editor/Samples/ExposeHDRPInternals/HDRP-Editor-ref.asmref has no target assembly definition
'Packages/com.unity.cinemachine/Editor/Obsolete/CinemachineVirtualCameraBaseEditor.cs' contains partial class of Unity.Object, exactly 1 of the partial classes needs to be in a file with the same filename. This is to know the one that can be referenced from ie. GameObjects
'Packages/com.unity.cinemachine/Editor/Editors/CinemachineVirtualCameraBaseEditor.cs' contains partial class of Unity.Object, exactly 1 of the partial classes needs to be in a file with the same filename. This is to know the one that can be referenced from ie. GameObjects
Native extension for LinuxStandalone target not found
[Package Manager] Failed to launch server process. Reason: Unity was launched with the -noUpm command-line argument
[Package Manager] Unable to send message (not connected to server process).
[Package Manager] Cannot connect to Unity Package Manager local server
[Package Manager] Failed to launch server process. Reason: Unity was launched with the -noUpm command-line argument
[Package Manager] Unable to send message (not connected to server process).
[Package Manager] Cannot connect to Unity Package Manager local server
[Package Manager] Failed to launch server process. Reason: Unity was launched with the -noUpm command-line argument
[Package Manager] Unable to send message (not connected to server process).
[Package Manager] Cannot connect to Unity Package Manager local server
ScheduleIndexationOnStartup MainProcess:False IndexOnStartup:True
Mono: successfully reloaded assembly
- Finished resetting the current domain, in  0.844 seconds
Domain Reload Profiling: 2080ms
	BeginReloadAssembly (654ms)
		DisableScriptedObjects (12ms)
		ReleaseScriptingObjects (3ms)
		CreateAndSetChildDomain (80ms)
	RebuildCommonClasses (11ms)
	RebuildNativeTypeToScriptingClass (11ms)
	initialDomainReloadingComplete (53ms)
	LoadAllAssembliesAndSetupDomain (507ms)
		LoadAssemblies (847ms)
		AnalyzeDomain (33ms)
			TypeCache.Refresh (14ms)
			ResolveRequiredComponents (8ms)
	FinalizeReload (844ms)
		SetupLoadedEditorAssemblies (0ms)
			InitializePlatformSupportModulesInManaged (4ms)
			BeforeProcessingInitializeOnLoad (108ms)
			ProcessInitializeOnLoadAttributes (384ms)
			ProcessInitializeOnLoadMethodAttributes (99ms)
		AwakeInstancesAfterBackupRestoration (23ms)
Shader Hidden/ChartRasterizerHardware is not supported: GPU does not support conservative rasterization
Unloading 24 Unused Serialized files (Serialized files now loaded: 0)
Unloading 7071 unused Assets / (6.4 MB). Loaded Objects now: 8318.
Memory consumption went from 238.4 MB to 232.0 MB.
Total: 15.321909 ms (FindLiveObjects: 1.184664 ms CreateObjectMapping: 4.497019 ms MarkObjects: 6.029812 ms  DeleteObjects: 3.608447 ms)

Prepare: number of updated asset objects reloaded= 0
========================================================================
Received Import Request.
  Time of request: 2026-09-10T15:19:08.031679Z
  Time since last request: 116.032027203 seconds.
  importAddress: GUID: 636fd7ce37982e928b10697c2093c264 - Path: Assets/Scenes/Hub.unity - Importer: PreviewImporter
Importing 'GUID: 636fd7ce37982e928b10697c2093c264 - Path: Assets/Scenes/Hub.unity - Importer: PreviewImporter' with importer (PreviewImporter)
Imported 'GUID: 636fd7ce37982e928b10697c2093c264' -> (Import Result ID: 'b22379d665265f329e7008b35bfb512a') in 0.008 seconds [static and dynamic dependencies]. Details - ImportResultOutputID=542dc6b22163d64718c5af8de1d6205c DependenciesID=96bcf2fd85484dd6c1614f831770a1b4 StaticDependenciesID=c0e3eaa91772f18f71a723fa04e4f4b9 
Number of updated asset objects reloaded before import = 0
Number of asset objects unloaded after import = 0
========================================================================
Received Prepare
AcceleratorClientConnectionCallback - disconnected - :0
Assembly reference Packages/com.unity.cinemachine/Editor/Samples/ExposeHDRPInternals/HDRP-Editor-ref.asmref has no target assembly definition
Assembly reference Packages/com.unity.cinemachine/Editor/Samples/ExposeHDRPInternals/HDRP-Editor-ref.asmref has no target assembly definition
Begin MonoManager ReloadAssembly
Assembly reference Packages/com.unity.cinemachine/Editor/Samples/ExposeHDRPInternals/HDRP-Editor-ref.asmref has no target assembly definition
Assembly reference Packages/com.unity.cinemachine/Editor/Samples/ExposeHDRPInternals/HDRP-Editor-ref.asmref has no target assembly definition
'Packages/com.unity.cinemachine/Editor/Obsolete/CinemachineVirtualCameraBaseEditor.cs' contains partial class of Unity.Object, exactly 1 of the partial classes needs to be in a file with the same filename. This is to know the one that can be referenced from ie. GameObjects
'Packages/com.unity.cinemachine/Editor/Editors/CinemachineVirtualCameraBaseEditor.cs' contains partial class of Unity.Object, exactly 1 of the partial classes needs to be in a file with the same filename. This is to know the one that can be referenced from ie. GameObjects
Native extension for LinuxStandalone target not found
[Package Manager] Failed to launch server process. Reason: Unity was launched with the -noUpm command-line argument
[Package Manager] Unable to send message (not connected to server process).
[Package Manager] Cannot connect to Unity Package Manager local server
[Package Manager] Failed to launch server process. Reason: Unity was launched with the -noUpm command-line argument
[Package Manager] Unable to send message (not connected to server process).
[Package Manager] Cannot connect to Unity Package Manager local server
[Package Manager] Failed to launch server process. Reason: Unity was launched with the -noUpm command-line argument
[Package Manager] Unable to send message (not connected to server process).
[Package Manager] Cannot connect to Unity Package Manager local server
ScheduleIndexationOnStartup MainProcess:False IndexOnStartup:True
Mono: successfully reloaded assembly
- Finished resetting the current domain, in  0.726 seconds
Domain Reload Profiling: 1510ms
	BeginReloadAssembly (350ms)
		DisableScriptedObjects (9ms)
		CreateAndSetChildDomain (50ms)
	RebuildCommonClasses (8ms)
	RebuildNativeTypeToScriptingClass (10ms)
	initialDomainReloadingComplete (41ms)
	LoadAllAssembliesAndSetupDomain (376ms)
		LoadAssemblies (499ms)
		AnalyzeDomain (17ms)
			TypeCache.Refresh (9ms)
			ResolveRequiredComponents (5ms)
	FinalizeReload (726ms)
		SetupLoadedEditorAssemblies (0ms)
			BeforeProcessingInitializeOnLoad (114ms)
			ProcessInitializeOnLoadAttributes (278ms)
			ProcessInitializeOnLoadMethodAttributes (88ms)
		AwakeInstancesAfterBackupRestoration (24ms)
Shader Hidden/ChartRasterizerHardware is not supported: GPU does not support conservative rasterization
Unloading 24 Unused Serialized files (Serialized files now loaded: 0)
Unloading 7071 unused Assets / (7.7 MB). Loaded Objects now: 8321.
Memory consumption went from 238.6 MB to 230.9 MB.
Total: 28.181824 ms (FindLiveObjects: 1.180851 ms CreateObjectMapping: 4.978900 ms MarkObjects: 15.427936 ms  DeleteObjects: 6.591076 ms)

Prepare: number of updated asset objects reloaded= 0
========================================================================
Received Import Request.
  Time of request: 2026-09-10T15:19:52.320661Z
  Time since last request: 44.273150771 seconds.
  importAddress: GUID: dbc2c487f78dac1a18487397889a26f8 - Path: Assets/Scripts/Hub/HubMissionLauncher.cs - Importer: ScriptedImporter/UnityEditor.QuickSearchModule:UnityEditor.Search:ASIAI0B
Importing 'GUID: dbc2c487f78dac1a18487397889a26f8 - Path: Assets/Scripts/Hub/HubMissionLauncher.cs - Importer: ScriptedImporter/UnityEditor.QuickSearchModule:UnityEditor.Search:ASIAI0B' with importer (ScriptedImporter : UnityEditor.QuickSearchModule:UnityEditor.Search:ASIAI0B)
Imported 'GUID: dbc2c487f78dac1a18487397889a26f8' -> (Import Result ID: 'c10a35fc5f9a5d797fec2e3cb3d247a5') in 0.148 seconds [static and dynamic dependencies]. Details - ImportResultOutputID=6b75460c99cae2af7f314f05c2432589 DependenciesID=f3df032e98da7763c5767d36ce147409 StaticDependenciesID=53462c39d97aa82c08a5d27e18d01586 
Number of updated asset objects reloaded before import = 0
Number of asset objects unloaded after import = 0
========================================================================
Received Prepare
AcceleratorClientConnectionCallback - disconnected - :0
'Packages/com.unity.cinemachine/Editor/Obsolete/CinemachineVirtualCameraBaseEditor.cs' contains partial class of Unity.Object, exactly 1 of the partial classes needs to be in a file with the same filename. This is to know the one that can be referenced from ie. GameObjects
'Packages/com.unity.cinemachine/Editor/Editors/CinemachineVirtualCameraBaseEditor.cs' contains partial class of Unity.Object, exactly 1 of the partial classes needs to be in a file with the same filename. This is to know the one that can be referenced from ie. GameObjects
Shader Hidden/ChartRasterizerHardware is not supported: GPU does not support conservative rasterization
Unloading 24 Unused Serialized files (Serialized files now loaded: 0)
Unloading 7059 unused Assets / (7.2 MB). Loaded Objects now: 8322.
Memory consumption went from 238.9 MB to 231.8 MB.
Total: 19.367853 ms (FindLiveObjects: 1.217427 ms CreateObjectMapping: 5.659749 ms MarkObjects: 7.210969 ms  DeleteObjects: 5.277666 ms)

Prepare: number of updated asset objects reloaded= 0
========================================================================
Received Import Request.
  Time of request: 2026-09-10T15:20:01.104739Z
  Time since last request: 8.60553093 seconds.
  importAddress: GUID: 477aaa5f3fb956d8e83b6c141fea7ebb - Path: Assets/Scripts/Hub/MissionInitializer.cs - Importer: PreviewImporter
Importing 'GUID: 477aaa5f3fb956d8e83b6c141fea7ebb - Path: Assets/Scripts/Hub/MissionInitializer.cs - Importer: PreviewImporter' with importer (PreviewImporter)
Imported 'GUID: 477aaa5f3fb956d8e83b6c141fea7ebb' -> (Import Result ID: 'b02c67424dabeee98a8a6c66fe420b77') in 0.034 seconds [static and dynamic dependencies]. Details - ImportResultOutputID=ed69dfc0ef38e105f8d9ad260185c279 DependenciesID=0ec44a8c74ef2db47bca018f037c8007 StaticDependenciesID=90cf9e996364e04c96a99db2b97eb061 
Number of updated asset objects reloaded before import = 0
Number of asset objects unloaded after import = 0
========================================================================
Received Import Request.
  Time of request: 2026-09-10T15:20:01.183369Z
  Time since last request: 0.031266475 seconds.
  importAddress: GUID: 477aaa5f3fb956d8e83b6c141fea7ebb - Path: Assets/Scripts/Hub/MissionInitializer.cs - Importer: ScriptedImporter/UnityEditor.QuickSearchModule:UnityEditor.Search:ASIAI0B
Importing 'GUID: 477aaa5f3fb956d8e83b6c141fea7ebb - Path: Assets/Scripts/Hub/MissionInitializer.cs - Importer: ScriptedImporter/UnityEditor.QuickSearchModule:UnityEditor.Search:ASIAI0B' with importer (ScriptedImporter : UnityEditor.QuickSearchModule:UnityEditor.Search:ASIAI0B)
Imported 'GUID: 477aaa5f3fb956d8e83b6c141fea7ebb' -> (Import Result ID: '3c82bd630dbde7fc395591ea26e97ff6') in 0.004 seconds [static and dynamic dependencies]. Details - ImportResultOutputID=c4091a0c5dd729b7329e8e2dd5bd303c DependenciesID=86c105fd5ec6fa7404576f8a57c6506a StaticDependenciesID=8929806fce24fa5baa37138b9f69ea02 
Number of updated asset objects reloaded before import = 0
Number of asset objects unloaded after import = 0
========================================================================
Received Prepare
AcceleratorClientConnectionCallback - disconnected - :0
Assembly reference Packages/com.unity.cinemachine/Editor/Samples/ExposeHDRPInternals/HDRP-Editor-ref.asmref has no target assembly definition
Assembly reference Packages/com.unity.cinemachine/Editor/Samples/ExposeHDRPInternals/HDRP-Editor-ref.asmref has no target assembly definition
[Licensing::Client] Successfully resolved entitlement details
[Licensing::Module] License group:
  Id: F4-M77M-HXW8-HJ67-XE8W-XXXX
  Product: Unity Personal
  Type: ULF
  Expiration: Unlimited
[Licensing::Module] License group:
  Id: 10170777712478-UnityPersXXXX
  Product: Unity Personal
  Type: Assigned
  Expiration: Unlimited
Begin MonoManager ReloadAssembly
Assembly reference Packages/com.unity.cinemachine/Editor/Samples/ExposeHDRPInternals/HDRP-Editor-ref.asmref has no target assembly definition
Assembly reference Packages/com.unity.cinemachine/Editor/Samples/ExposeHDRPInternals/HDRP-Editor-ref.asmref has no target assembly definition
'Packages/com.unity.cinemachine/Editor/Obsolete/CinemachineVirtualCameraBaseEditor.cs' contains partial class of Unity.Object, exactly 1 of the partial classes needs to be in a file with the same filename. This is to know the one that can be referenced from ie. GameObjects
'Packages/com.unity.cinemachine/Editor/Editors/CinemachineVirtualCameraBaseEditor.cs' contains partial class of Unity.Object, exactly 1 of the partial classes needs to be in a file with the same filename. This is to know the one that can be referenced from ie. GameObjects
Refreshing native plugins compatible for Editor in 42.93 ms, found 0 plugins.
Native extension for LinuxStandalone target not found
[Package Manager] Failed to launch server process. Reason: Unity was launched with the -noUpm command-line argument
[Package Manager] Unable to send message (not connected to server process).
[Package Manager] Cannot connect to Unity Package Manager local server
[Package Manager] Failed to launch server process. Reason: Unity was launched with the -noUpm command-line argument
[Package Manager] Unable to send message (not connected to server process).
[Package Manager] Cannot connect to Unity Package Manager local server
[Package Manager] Failed to launch server process. Reason: Unity was launched with the -noUpm command-line argument
[Package Manager] Unable to send message (not connected to server process).
[Package Manager] Cannot connect to Unity Package Manager local server
ScheduleIndexationOnStartup MainProcess:False IndexOnStartup:True
Mono: successfully reloaded assembly
- Finished resetting the current domain, in  1.075 seconds
Domain Reload Profiling: 3271ms
	BeginReloadAssembly (453ms)
		DisableScriptedObjects (35ms)
		CreateAndSetChildDomain (108ms)
	RebuildCommonClasses (8ms)
	RebuildNativeTypeToScriptingClass (12ms)
	initialDomainReloadingComplete (62ms)
	LoadAllAssembliesAndSetupDomain (1661ms)
		LoadAssemblies (997ms)
		AnalyzeDomain (687ms)
			TypeCache.Refresh (28ms)
			BuildScriptInfoCaches (640ms)
			ResolveRequiredComponents (7ms)
	FinalizeReload (1076ms)
		SetupLoadedEditorAssemblies (0ms)
			BeforeProcessingInitializeOnLoad (94ms)
			ProcessInitializeOnLoadAttributes (488ms)
			ProcessInitializeOnLoadMethodAttributes (216ms)
		AwakeInstancesAfterBackupRestoration (23ms)
Shader Hidden/ChartRasterizerHardware is not supported: GPU does not support conservative rasterization
Unloading 24 Unused Serialized files (Serialized files now loaded: 0)
Unloading 7072 unused Assets / (7.7 MB). Loaded Objects now: 8325.
Memory consumption went from 239.0 MB to 231.3 MB.
Total: 16.756172 ms (FindLiveObjects: 0.752128 ms CreateObjectMapping: 3.276203 ms MarkObjects: 8.359006 ms  DeleteObjects: 4.366857 ms)

Prepare: number of updated asset objects reloaded= 0
========================================================================
Received Import Request.
  Time of request: 2026-09-10T15:20:18.033371Z
  Time since last request: 16.839324033 seconds.
  importAddress: GUID: 477aaa5f3fb956d8e83b6c141fea7ebb - Path: Assets/Scripts/Hub/MissionInitializer.cs - Importer: PreviewImporter
Importing 'GUID: 477aaa5f3fb956d8e83b6c141fea7ebb - Path: Assets/Scripts/Hub/MissionInitializer.cs - Importer: PreviewImporter' with importer (PreviewImporter)
Imported 'GUID: 477aaa5f3fb956d8e83b6c141fea7ebb' -> (Import Result ID: '69c0f1b0b2d6563dcc4611caf58ecf71') in 0.003 seconds [static and dynamic dependencies]. Details - ImportResultOutputID=ed69dfc0ef38e105f8d9ad260185c279 DependenciesID=14d8f2aadf3142a34259d6599bdece4c StaticDependenciesID=90cf9e996364e04c96a99db2b97eb061 
Number of updated asset objects reloaded before import = 0
Number of asset objects unloaded after import = 0
========================================================================
Received Prepare
AcceleratorClientConnectionCallback - disconnected - :0
Assembly reference Packages/com.unity.cinemachine/Editor/Samples/ExposeHDRPInternals/HDRP-Editor-ref.asmref has no target assembly definition
Assembly reference Packages/com.unity.cinemachine/Editor/Samples/ExposeHDRPInternals/HDRP-Editor-ref.asmref has no target assembly definition
Begin MonoManager ReloadAssembly
Assembly reference Packages/com.unity.cinemachine/Editor/Samples/ExposeHDRPInternals/HDRP-Editor-ref.asmref has no target assembly definition
Assembly reference Packages/com.unity.cinemachine/Editor/Samples/ExposeHDRPInternals/HDRP-Editor-ref.asmref has no target assembly definition
'Packages/com.unity.cinemachine/Editor/Obsolete/CinemachineVirtualCameraBaseEditor.cs' contains partial class of Unity.Object, exactly 1 of the partial classes needs to be in a file with the same filename. This is to know the one that can be referenced from ie. GameObjects
'Packages/com.unity.cinemachine/Editor/Editors/CinemachineVirtualCameraBaseEditor.cs' contains partial class of Unity.Object, exactly 1 of the partial classes needs to be in a file with the same filename. This is to know the one that can be referenced from ie. GameObjects
Refreshing native plugins compatible for Editor in 2.50 ms, found 0 plugins.
Native extension for LinuxStandalone target not found
[Package Manager] Failed to launch server process. Reason: Unity was launched with the -noUpm command-line argument
[Package Manager] Unable to send message (not connected to server process).
[Package Manager] Cannot connect to Unity Package Manager local server
[Package Manager] Failed to launch server process. Reason: Unity was launched with the -noUpm command-line argument
[Package Manager] Unable to send message (not connected to server process).
[Package Manager] Cannot connect to Unity Package Manager local server
[Package Manager] Failed to launch server process. Reason: Unity was launched with the -noUpm command-line argument
[Package Manager] Unable to send message (not connected to server process).
[Package Manager] Cannot connect to Unity Package Manager local server
ScheduleIndexationOnStartup MainProcess:False IndexOnStartup:True
Mono: successfully reloaded assembly
- Finished resetting the current domain, in  0.795 seconds
Domain Reload Profiling: 2479ms
	BeginReloadAssembly (500ms)
		DisableScriptedObjects (48ms)
		CreateAndSetChildDomain (124ms)
	RebuildCommonClasses (8ms)
	RebuildNativeTypeToScriptingClass (9ms)
	initialDomainReloadingComplete (71ms)
	LoadAllAssembliesAndSetupDomain (1094ms)
		LoadAssemblies (922ms)
		AnalyzeDomain (248ms)
			TypeCache.Refresh (31ms)
			BuildScriptInfoCaches (206ms)
			ResolveRequiredComponents (5ms)
	FinalizeReload (796ms)
		SetupLoadedEditorAssemblies (0ms)
			BeforeProcessingInitializeOnLoad (96ms)
			ProcessInitializeOnLoadAttributes (332ms)
			ProcessInitializeOnLoadMethodAttributes (96ms)
		AwakeInstancesAfterBackupRestoration (38ms)
Shader Hidden/ChartRasterizerHardware is not supported: GPU does not support conservative rasterization
Unloading 24 Unused Serialized files (Serialized files now loaded: 0)
Unloading 7072 unused Assets / (6.5 MB). Loaded Objects now: 8328.
Memory consumption went from 239.3 MB to 232.7 MB.
Total: 12.634544 ms (FindLiveObjects: 0.631400 ms CreateObjectMapping: 2.487732 ms MarkObjects: 6.389784 ms  DeleteObjects: 3.124056 ms)

Prepare: number of updated asset objects reloaded= 0
========================================================================
Received Prepare
AcceleratorClientConnectionCallback - disconnected - :0
Assembly reference Packages/com.unity.cinemachine/Editor/Samples/ExposeHDRPInternals/HDRP-Editor-ref.asmref has no target assembly definition
Assembly reference Packages/com.unity.cinemachine/Editor/Samples/ExposeHDRPInternals/HDRP-Editor-ref.asmref has no target assembly definition
[Licensing::Client] Successfully resolved entitlement details
[Licensing::Module] License group:
  Id: F4-M77M-HXW8-HJ67-XE8W-XXXX
  Product: Unity Personal
  Type: ULF
  Expiration: Unlimited
[Licensing::Module] License group:
  Id: 10170777712478-UnityPersXXXX
  Product: Unity Personal
  Type: Assigned
  Expiration: Unlimited
Begin MonoManager ReloadAssembly
Assembly reference Packages/com.unity.cinemachine/Editor/Samples/ExposeHDRPInternals/HDRP-Editor-ref.asmref has no target assembly definition
Assembly reference Packages/com.unity.cinemachine/Editor/Samples/ExposeHDRPInternals/HDRP-Editor-ref.asmref has no target assembly definition
'Packages/com.unity.cinemachine/Editor/Obsolete/CinemachineVirtualCameraBaseEditor.cs' contains partial class of Unity.Object, exactly 1 of the partial classes needs to be in a file with the same filename. This is to know the one that can be referenced from ie. GameObjects
'Packages/com.unity.cinemachine/Editor/Editors/CinemachineVirtualCameraBaseEditor.cs' contains partial class of Unity.Object, exactly 1 of the partial classes needs to be in a file with the same filename. This is to know the one that can be referenced from ie. GameObjects
Native extension for LinuxStandalone target not found
[Package Manager] Failed to launch server process. Reason: Unity was launched with the -noUpm command-line argument
[Package Manager] Unable to send message (not connected to server process).
[Package Manager] Cannot connect to Unity Package Manager local server
[Package Manager] Failed to launch server process. Reason: Unity was launched with the -noUpm command-line argument
[Package Manager] Unable to send message (not connected to server process).
[Package Manager] Cannot connect to Unity Package Manager local server
[Package Manager] Failed to launch server process. Reason: Unity was launched with the -noUpm command-line argument
[Package Manager] Unable to send message (not connected to server process).
[Package Manager] Cannot connect to Unity Package Manager local server
ScheduleIndexationOnStartup MainProcess:False IndexOnStartup:True
Mono: successfully reloaded assembly
- Finished resetting the current domain, in  0.775 seconds
Domain Reload Profiling: 3018ms
	BeginReloadAssembly (835ms)
		DisableScriptedObjects (115ms)
		CreateAndSetChildDomain (194ms)
	RebuildCommonClasses (10ms)
	RebuildNativeTypeToScriptingClass (12ms)
	initialDomainReloadingComplete (99ms)
	LoadAllAssembliesAndSetupDomain (1286ms)
		LoadAssemblies (1132ms)
		AnalyzeDomain (319ms)
			TypeCache.Refresh (31ms)
			BuildScriptInfoCaches (274ms)
			ResolveRequiredComponents (5ms)
	FinalizeReload (776ms)
		SetupLoadedEditorAssemblies (0ms)
			BeforeProcessingInitializeOnLoad (84ms)
			ProcessInitializeOnLoadAttributes (322ms)
			ProcessInitializeOnLoadMethodAttributes (103ms)
		AwakeInstancesAfterBackupRestoration (23ms)
Shader Hidden/ChartRasterizerHardware is not supported: GPU does not support conservative rasterization
Unloading 24 Unused Serialized files (Serialized files now loaded: 0)
Unloading 7072 unused Assets / (6.8 MB). Loaded Objects now: 8331.
Memory consumption went from 239.5 MB to 232.7 MB.
Total: 32.733856 ms (FindLiveObjects: 1.396065 ms CreateObjectMapping: 6.618769 ms MarkObjects: 17.138357 ms  DeleteObjects: 7.577721 ms)

Prepare: number of updated asset objects reloaded= 0
========================================================================
Received Prepare
AcceleratorClientConnectionCallback - disconnected - :0
Shader Hidden/ChartRasterizerHardware is not supported: GPU does not support conservative rasterization
Unloading 24 Unused Serialized files (Serialized files now loaded: 0)
Unloading 24 unused Assets / (2.7 MB). Loaded Objects now: 8331.
Memory consumption went from 235.6 MB to 232.9 MB.
Total: 8.442011 ms (FindLiveObjects: 0.388973 ms CreateObjectMapping: 1.212310 ms MarkObjects: 6.208469 ms  DeleteObjects: 0.630412 ms)

Prepare: number of updated asset objects reloaded= 0
========================================================================
Received Prepare
AcceleratorClientConnectionCallback - disconnected - :0
Assembly reference Packages/com.unity.cinemachine/Editor/Samples/ExposeHDRPInternals/HDRP-Editor-ref.asmref has no target assembly definition
Assembly reference Packages/com.unity.cinemachine/Editor/Samples/ExposeHDRPInternals/HDRP-Editor-ref.asmref has no target assembly definition
Begin MonoManager ReloadAssembly
Assembly reference Packages/com.unity.cinemachine/Editor/Samples/ExposeHDRPInternals/HDRP-Editor-ref.asmref has no target assembly definition
Assembly reference Packages/com.unity.cinemachine/Editor/Samples/ExposeHDRPInternals/HDRP-Editor-ref.asmref has no target assembly definition
'Packages/com.unity.cinemachine/Editor/Obsolete/CinemachineVirtualCameraBaseEditor.cs' contains partial class of Unity.Object, exactly 1 of the partial classes needs to be in a file with the same filename. This is to know the one that can be referenced from ie. GameObjects
'Packages/com.unity.cinemachine/Editor/Editors/CinemachineVirtualCameraBaseEditor.cs' contains partial class of Unity.Object, exactly 1 of the partial classes needs to be in a file with the same filename. This is to know the one that can be referenced from ie. GameObjects
Refreshing native plugins compatible for Editor in 3.62 ms, found 0 plugins.
Native extension for LinuxStandalone target not found
[Package Manager] Failed to launch server process. Reason: Unity was launched with the -noUpm command-line argument
[Package Manager] Unable to send message (not connected to server process).
[Package Manager] Cannot connect to Unity Package Manager local server
[Package Manager] Failed to launch server process. Reason: Unity was launched with the -noUpm command-line argument
[Package Manager] Unable to send message (not connected to server process).
[Package Manager] Cannot connect to Unity Package Manager local server
[Package Manager] Failed to launch server process. Reason: Unity was launched with the -noUpm command-line argument
[Package Manager] Unable to send message (not connected to server process).
[Package Manager] Cannot connect to Unity Package Manager local server
ScheduleIndexationOnStartup MainProcess:False IndexOnStartup:True
Mono: successfully reloaded assembly
- Finished resetting the current domain, in  0.711 seconds
Domain Reload Profiling: 1655ms
	BeginReloadAssembly (359ms)
		DisableScriptedObjects (25ms)
		CreateAndSetChildDomain (91ms)
	RebuildCommonClasses (9ms)
	RebuildNativeTypeToScriptingClass (9ms)
	initialDomainReloadingComplete (61ms)
	LoadAllAssembliesAndSetupDomain (505ms)
		LoadAssemblies (529ms)
		AnalyzeDomain (21ms)
			TypeCache.Refresh (11ms)
			ResolveRequiredComponents (5ms)
	FinalizeReload (712ms)
		SetupLoadedEditorAssemblies (0ms)
			BeforeProcessingInitializeOnLoad (79ms)
			ProcessInitializeOnLoadAttributes (262ms)
			ProcessInitializeOnLoadMethodAttributes (90ms)
		AwakeInstancesAfterBackupRestoration (23ms)
Shader Hidden/ChartRasterizerHardware is not supported: GPU does not support conservative rasterization
Unloading 24 Unused Serialized files (Serialized files now loaded: 0)
Unloading 7072 unused Assets / (8.7 MB). Loaded Objects now: 8334.
Memory consumption went from 239.8 MB to 231.2 MB.
Total: 31.033810 ms (FindLiveObjects: 1.228201 ms CreateObjectMapping: 5.862105 ms MarkObjects: 9.735845 ms  DeleteObjects: 14.205386 ms)

Prepare: number of updated asset objects reloaded= 0
========================================================================
Received Import Request.
  Time of request: 2026-09-10T15:26:21.739742Z
  Time since last request: 363.71924842599998 seconds.
  importAddress: GUID: fd4b11fce37687cb3b98679e08f4f41a - Path: Assets/Scenes/MissionTest.unity - Importer: PreviewImporter
Importing 'GUID: fd4b11fce37687cb3b98679e08f4f41a - Path: Assets/Scenes/MissionTest.unity - Importer: PreviewImporter' with importer (PreviewImporter)
Imported 'GUID: fd4b11fce37687cb3b98679e08f4f41a' -> (Import Result ID: 'c3b86da5d1d3ee9d7f394c6f16930d13') in 0.016 seconds [static and dynamic dependencies]. Details - ImportResultOutputID=ed8adafebd6df17feb96a021290fb710 DependenciesID=bb34cf2c842f670597eb0ca867bdb260 StaticDependenciesID=ee80cfacab43ea6b8d55a602cf475d39 
Number of updated asset objects reloaded before import = 0
Number of asset objects unloaded after import = 0
Editor requested this worker to shutdown with reason: Editor is closing down
AcceleratorClientConnectionCallback - disconnected - :0
AssetImportWorker is now disconnected from the server
Process exiting

SDL leaked 2 allocations
Turn on UNITY_SDL_ALLOCATION_TRACKING for detailed information.
Vulkan PSO: data extracted [new size=270796, old size=270796, incomplete=0]
Vulkan PSO: Pipeline cache has not changed skipping save handle[56bacfa0]
Internal: Possible leak. All render target surfaces should be removed from IdMap when destructed using RenderTargetMap::Remove(RenderSurfaceBase* rs).
