[UnityConnectServicesConfig] Local config successfully read: "/usr/share/unity3d/config/services-config.json"
[UnityConnectServicesConfig] Service configuration:
    "servicesConfigBaseUrl": "",
    "disableServicesWindow": false,
    "disableUserLogin": false,
    "entitlementCacheTimeoutInSeconds": 60,
    "clientConnectTimeoutSec": 60,
    "clientHandshakeTimeoutSec": 30,
    "clientResolveEntitlementsTimeoutSec": 30,
    "clientUpdateLicenseTimeoutSec": 30,
    "licensingServiceBaseUrl": "",
    "enableProxyAutoconfig": "false"

Unity Editor version:    6000.5.8f1 (5cb7df797b7d)
Branch:                  6000.5/staging
Build type:              Release
Batch mode:              YES
System name:             Linux
Distro version:          #1 SMP PREEMPT_DYNAMIC Tue, 11 Aug 2026 09:16:08 +0000
Kernel version:          7.1.8-arch1-3
Architecture:            x86_64
Window Protocol:         Wayland (XWayland)
Available memory:        7657 MB
Date:                    2026-08-30T13:28:37Z
[Licensing::Module] Trying to connect to existing licensing client channel...
[Licensing::IpcConnector] Successfully connected to: "LicenseClient-usio" at "2026-08-30T13:28:37.490511Z"
[SignatureVerifier] Application signature verification not supported on this platform.
[Licensing::Client] Error: HandshakeResponse reported an error:
	ResponseCode: 505
	ResponseStatus: Unsupported protocol version '1.18.1'.
[Licensing::Module] Error: Failed to handshake to channel: "LicenseClient-usio"
[Licensing::IpcConnector] LicenseClient-usio channel disconnected successfully.
[Licensing::IpcConnector] Successfully connected to: "LicenseClient-usio-6000.5.8" at "2026-08-30T13:28:37.51067Z"
[SignatureVerifier] Application signature verification not supported on this platform.
[Licensing::Client] Handshaking with LicensingClient:
  Version:                 1.18.1+9fbee8e
  Session Id:              1b70273265544c8c8116254db060424b
  Correlation Id:          82d0c5e51bf04d5e67da73a016b55258
  External correlation Id: 5391542638804631475
  Machine Id:              x91t/QJmnuGXpQYOdGXOE63eCBU=
[Licensing::Module] Successfully connected to LicensingClient on channel: "LicenseClient-usio-6000.5.8" (connect: 0.00s, validation: 0.01s, handshake: 0.00s)
[Licensing::IpcConnector] Successfully connected to: "LicenseClient-usio-6000.5.8-notifications" at "2026-08-30T13:28:37.522252Z"
[Licensing::Module] Licensing Background thread has ended after 0.03s
Selected window backend: (null) 
Desktop is 1920 x 1200 @ 60 Hz
Initialize udev device monitor.

COMMAND LINE ARGUMENTS:
Unity
-adb2
-batchMode
-noUpm
-name
AssetImportWorkerHW1
-projectPath
/home/usio/Titan test
-logFile
Logs/AssetImportWorkerHW1.log
-srvPort
35057
-parentPid
181720
-analyticsCloudUserId
10170777712478
-analyticsCloudProjectId
18cbc4e7-70df-42fb-8c35-eb512f3569bc
-analyticsLocalProjectId
6b54cbc00c90c81a28ca5e3a24d8eca7
-editorAnalyticsEnabled
1
-cbmEditorLicense
97c5bdb552e18202d29b73cff76c1879b5fd3e44
-cbmMachineId
x91t/QJmnuGXpQYOdGXOE63eCBU=
-licensingIpc
LicenseClient-usio
-noDiagnosticSwitchPersistentStore
-job-worker-count
5
-background-job-worker-count
8
-asset-garbage-collectors
1
-force-vulkan
Successfully changed project path to: /home/usio/Titan test
/home/usio/Titan test
[UnityMemory] Configuration Parameters - Can be set up in boot.config
    "memorysetup-temp-allocator-size-gi-baking-worker=262144"
    "memorysetup-temp-allocator-size-gi-baking-worker=262144"
    "memorysetup-temp-allocator-size-gi-baking-worker=262144"
    "memorysetup-temp-allocator-size-gi-baking-worker=262144"
    "memorysetup-temp-allocator-size-gi-baking-worker=262144"
    "memorysetup-temp-allocator-size-nav-mesh-worker=65536"
    "memorysetup-temp-allocator-size-audio-worker=65536"
    "memorysetup-temp-allocator-size-cloud-worker=32768"
    "memorysetup-allocator-temp-initial-block-size-main=262144"
    "memorysetup-allocator-temp-initial-block-size-worker=262144"
    "memorysetup-temp-allocator-size-preload-manager=33554432"
    "memorysetup-temp-allocator-size-gfx=262144"
    "memorysetup-temp-allocator-size-background-worker=32768"
    "memorysetup-temp-allocator-size-job-worker=262144"
    "memorysetup-bucket-allocator-granularity=16"
    "memorysetup-bucket-allocator-bucket-count=8"
    "memorysetup-bucket-allocator-block-size=33554432"
    "memorysetup-bucket-allocator-block-count=8"
    "memorysetup-main-allocator-block-size=16777216"
    "memorysetup-thread-allocator-block-size=16777216"
    "memorysetup-main-allocator-mimalloc-enabled=0"
    "memorysetup-gfx-main-allocator-block-size=16777216"
    "memorysetup-gfx-thread-allocator-block-size=16777216"
    "memorysetup-cache-allocator-block-size=4194304"
    "memorysetup-typetree-allocator-block-size=2097152"
    "memorysetup-profiler-bucket-allocator-granularity=16"
    "memorysetup-profiler-bucket-allocator-bucket-count=8"
    "memorysetup-profiler-bucket-allocator-block-size=33554432"
    "memorysetup-profiler-bucket-allocator-block-count=8"
    "memorysetup-profiler-allocator-block-size=16777216"
    "memorysetup-profiler-editor-allocator-block-size=1048576"
    "memorysetup-temp-allocator-size-main=16777216"
    "memorysetup-job-temp-allocator-block-size=2097152"
    "memorysetup-job-temp-allocator-block-size-background=1048576"
    "memorysetup-job-temp-allocator-reduction-small-platforms=262144"
Player connection [139681730555072]  Target information:

Player connection [139681730555072]  * "[IP] 192.168.1.8 [Port] 0 [Flags] 2 [Guid] 4073321349 [EditorId] 4073321349 [Version] 1048832 [Id] LinuxEditor(16,172.18.0.1) [Debug] 1 [PackageName] LinuxEditor [ProjectName] Editor" 

Player connection [139681730555072]  * "[IP] 172.18.0.1 [Port] 0 [Flags] 2 [Guid] 4073321349 [EditorId] 4073321349 [Version] 1048832 [Id] LinuxEditor(16,172.18.0.1) [Debug] 1 [PackageName] LinuxEditor [ProjectName] Editor" 

Player connection [139681730555072] Host joined multi-casting on [225.0.0.222:54997]...
Player connection [139681730555072] Host joined alternative multi-casting on [225.0.0.222:34997]...
JobSystem: Creating JobQueue using job-worker-count value 5
Input System module state changed to: Initialized.
[Physics::Module] Initialized fallback backend.
[Physics::Module] Id: 0xdecafbad
Library Redirect Path: Library/
[Physics::Module] Selected backend.
[Physics::Module] Name: PhysX
[Physics::Module] Id: 0xf2b8ea05
[Physics::Module] SDK Version: 4.1.2
[Physics::Module] Integration Version: 1.0.0
[Physics::Module] Threading Mode: Multi-Threaded
Refreshing native plugins compatible for Editor in 33,34 ms, found 0 plugins.
Initialize engine version: 6000.5.8f1 (5cb7df797b7d)
[Subsystems] Discovering subsystems at path /home/usio/Unity/Hub/Editor/6000.5.8f1/Data/Resources/UnitySubsystems
[Subsystems] Discovering subsystems at path /home/usio/Titan test/Assets
Forcing GfxDevice: Vulkan
GfxDevice: creating device client; kGfxThreadingModeThreaded
[vulkan] LoadVulkanLibrary libvulkan.so.1[vulkan] Loaded instance function vkGetInstanceProcAddr
[vulkan] Loaded instance function vkGetInstanceProcAddr
[vulkan] Loaded instance function vkCreateInstance
[vulkan] Loaded instance function vkEnumerateInstanceExtensionProperties
[vulkan] Loaded instance function vkEnumerateInstanceLayerProperties
[vulkan] Loaded instance function vkEnumerateInstanceVersion
[Vulkan init] extensions: count=27
[Vulkan init] extensions: name=VK_EXT_acquire_drm_display [enabled=0, external=0]
[Vulkan init] extensions: name=VK_EXT_acquire_xlib_display [enabled=0, external=0]
[Vulkan init] extensions: name=VK_EXT_debug_report [enabled=0, external=0]
[Vulkan init] extensions: name=VK_EXT_debug_utils [enabled=1, external=0]
[Vulkan init] extensions: name=VK_EXT_direct_mode_display [enabled=0, external=0]
[Vulkan init] extensions: name=VK_EXT_display_surface_counter [enabled=0, external=0]
[Vulkan init] extensions: name=VK_EXT_headless_surface [enabled=0, external=0]
[Vulkan init] extensions: name=VK_EXT_layer_settings [enabled=0, external=0]
[Vulkan init] extensions: name=VK_EXT_surface_maintenance1 [enabled=0, external=0]
[Vulkan init] extensions: name=VK_EXT_swapchain_colorspace [enabled=1, external=0]
[Vulkan init] extensions: name=VK_KHR_device_group_creation [enabled=0, external=0]
[Vulkan init] extensions: name=VK_KHR_display [enabled=1, external=0]
[Vulkan init] extensions: name=VK_KHR_external_fence_capabilities [enabled=1, external=0]
[Vulkan init] extensions: name=VK_KHR_external_memory_capabilities [enabled=1, external=0]
[Vulkan init] extensions: name=VK_KHR_external_semaphore_capabilities [enabled=1, external=0]
[Vulkan init] extensions: name=VK_KHR_get_display_properties2 [enabled=0, external=0]
[Vulkan init] extensions: name=VK_KHR_get_physical_device_properties2 [enabled=1, external=0]
[Vulkan init] extensions: name=VK_KHR_get_surface_capabilities2 [enabled=0, external=0]
[Vulkan init] extensions: name=VK_KHR_portability_enumeration [enabled=0, external=0]
[Vulkan init] extensions: name=VK_KHR_surface [enabled=1, external=0]
[Vulkan init] extensions: name=VK_KHR_surface_maintenance1 [enabled=0, external=0]
[Vulkan init] extensions: name=VK_KHR_surface_protected_capabilities [enabled=0, external=0]
[Vulkan init] extensions: name=VK_KHR_wayland_surface [enabled=1, external=0]
[Vulkan init] extensions: name=VK_KHR_xcb_surface [enabled=0, external=0]
[Vulkan init] extensions: name=VK_KHR_xlib_surface [enabled=1, external=0]
[Vulkan init] extensions: name=VK_LUNARG_direct_driver_loading [enabled=0, external=0]
[Vulkan init] extensions: name=VK_NV_display_stereo [enabled=0, external=0]
[vulkan] Loaded instance function vkDestroyInstance
[vulkan] Loaded instance function vkGetPhysicalDeviceProperties
[vulkan] Loaded instance function vkEnumeratePhysicalDevices
[Vulkan init] SelectPhysicalDevice requestedDeviceIndex=-1 xrDevice=(nil)
[Vulkan init] Physical Device 0x560d1fc06cb0 [0]: "Intel(R) Graphics (ADL GT2)" deviceType=1 vendorID=8086 deviceID=46a3
Vulkan detection: 2
[Vulkan init] extensions: count=27
[Vulkan init] extensions: name=VK_EXT_acquire_drm_display [enabled=0, external=0]
[Vulkan init] extensions: name=VK_EXT_acquire_xlib_display [enabled=0, external=0]
[Vulkan init] extensions: name=VK_EXT_debug_report [enabled=0, external=0]
[Vulkan init] extensions: name=VK_EXT_debug_utils [enabled=1, external=0]
[Vulkan init] extensions: name=VK_EXT_direct_mode_display [enabled=0, external=0]
[Vulkan init] extensions: name=VK_EXT_display_surface_counter [enabled=0, external=0]
[Vulkan init] extensions: name=VK_EXT_headless_surface [enabled=0, external=0]
[Vulkan init] extensions: name=VK_EXT_layer_settings [enabled=0, external=0]
[Vulkan init] extensions: name=VK_EXT_surface_maintenance1 [enabled=0, external=0]
[Vulkan init] extensions: name=VK_EXT_swapchain_colorspace [enabled=1, external=0]
[Vulkan init] extensions: name=VK_KHR_device_group_creation [enabled=0, external=0]
[Vulkan init] extensions: name=VK_KHR_display [enabled=1, external=0]
[Vulkan init] extensions: name=VK_KHR_external_fence_capabilities [enabled=1, external=0]
[Vulkan init] extensions: name=VK_KHR_external_memory_capabilities [enabled=1, external=0]
[Vulkan init] extensions: name=VK_KHR_external_semaphore_capabilities [enabled=1, external=0]
[Vulkan init] extensions: name=VK_KHR_get_display_properties2 [enabled=0, external=0]
[Vulkan init] extensions: name=VK_KHR_get_physical_device_properties2 [enabled=1, external=0]
[Vulkan init] extensions: name=VK_KHR_get_surface_capabilities2 [enabled=0, external=0]
[Vulkan init] extensions: name=VK_KHR_portability_enumeration [enabled=0, external=0]
[Vulkan init] extensions: name=VK_KHR_surface [enabled=1, external=0]
[Vulkan init] extensions: name=VK_KHR_surface_maintenance1 [enabled=0, external=0]
[Vulkan init] extensions: name=VK_KHR_surface_protected_capabilities [enabled=0, external=0]
[Vulkan init] extensions: name=VK_KHR_wayland_surface [enabled=1, external=0]
[Vulkan init] extensions: name=VK_KHR_xcb_surface [enabled=0, external=0]
[Vulkan init] extensions: name=VK_KHR_xlib_surface [enabled=1, external=0]
[Vulkan init] extensions: name=VK_LUNARG_direct_driver_loading [enabled=0, external=0]
[Vulkan init] extensions: name=VK_NV_display_stereo [enabled=0, external=0]
[vulkan] Loaded instance function vkDestroyInstance
[vulkan] Loaded instance function vkGetPhysicalDeviceProperties
[vulkan] Loaded instance function vkEnumeratePhysicalDevices
[vulkan] Loaded instance function vkGetDeviceProcAddr
[vulkan] Loaded instance function vkGetPhysicalDeviceFeatures
[vulkan] Loaded instance function vkGetPhysicalDeviceFormatProperties
[vulkan] Loaded instance function vkGetPhysicalDeviceImageFormatProperties
[vulkan] Loaded instance function vkGetPhysicalDeviceQueueFamilyProperties
[vulkan] Loaded instance function vkGetPhysicalDeviceMemoryProperties
[vulkan] Loaded instance function vkCreateDevice
[vulkan] Loaded instance function vkEnumerateDeviceExtensionProperties
[vulkan] Loaded instance function vkEnumerateDeviceLayerProperties
[vulkan] Loaded instance function vkGetPhysicalDeviceSparseImageFormatProperties
[vulkan] Loaded instance function vkDestroySurfaceKHR
[vulkan] Loaded instance function vkGetPhysicalDeviceSurfaceSupportKHR
[vulkan] Loaded instance function vkGetPhysicalDeviceSurfaceCapabilitiesKHR
[vulkan] Loaded instance function vkGetPhysicalDeviceSurfaceFormatsKHR
[vulkan] Loaded instance function vkGetPhysicalDeviceSurfacePresentModesKHR
[vulkan] Loaded instance function vkCreateSwapchainKHR
[vulkan] Loaded instance function vkDestroySwapchainKHR
[vulkan] Loaded instance function vkGetSwapchainImagesKHR
[vulkan] Loaded instance function vkAcquireNextImageKHR
[vulkan] Loaded instance function vkQueuePresentKHR
[vulkan] Loaded instance function vkGetPhysicalDeviceDisplayPropertiesKHR
[vulkan] Loaded instance function vkGetPhysicalDeviceDisplayPlanePropertiesKHR
[vulkan] Loaded instance function vkGetDisplayPlaneSupportedDisplaysKHR
[vulkan] Loaded instance function vkGetDisplayModePropertiesKHR
[vulkan] Loaded instance function vkCreateDisplayModeKHR
[vulkan] Loaded instance function vkGetDisplayPlaneCapabilitiesKHR
[vulkan] Loaded instance function vkCreateDisplayPlaneSurfaceKHR
[vulkan] Loaded instance function vkCreateSharedSwapchainsKHR
[vulkan] Loaded instance function vkCreateXlibSurfaceKHR
[vulkan] Loaded instance function vkGetPhysicalDeviceXlibPresentationSupportKHR
[vulkan] Loaded instance function vkSetHdrMetadataEXT
[vulkan] Loaded instance function vkGetPhysicalDeviceFeatures2KHR
[vulkan] Loaded instance function vkGetPhysicalDeviceProperties2KHR
[vulkan] Loaded instance function vkGetPhysicalDeviceFormatProperties2KHR
[vulkan] Loaded instance function vkGetPhysicalDeviceImageFormatProperties2KHR
[vulkan] Loaded instance function vkGetPhysicalDeviceQueueFamilyProperties2KHR
[vulkan] Loaded instance function vkGetPhysicalDeviceMemoryProperties2KHR
[vulkan] Loaded instance function vkGetPhysicalDeviceSparseImageFormatProperties2KHR
[vulkan] Loaded instance function vkGetSemaphoreFdKHR
[vulkan] Loaded instance function vkImportSemaphoreFdKHR
[vulkan] Loaded instance function vkGetFenceFdKHR
[vulkan] Loaded instance function vkImportFenceFdKHR
[vulkan] Loaded instance function vkCreateSamplerYcbcrConversionKHR
[vulkan] Loaded instance function vkDestroySamplerYcbcrConversionKHR
[vulkan] Loaded instance function vkBindBufferMemory2KHR
[vulkan] Loaded instance function vkBindImageMemory2KHR
[vulkan] Loaded instance function vkWaitForPresentKHR
[vulkan] Loaded instance function vkGetPhysicalDeviceExternalSemaphorePropertiesKHR
[vulkan] Loaded instance function vkGetPhysicalDeviceExternalFencePropertiesKHR
[vulkan] Loaded instance function vkGetPhysicalDeviceFragmentShadingRatesKHR
[vulkan] Loaded instance function vkSetDebugUtilsObjectNameEXT
[vulkan] Loaded instance function vkSetDebugUtilsObjectTagEXT
[vulkan] Loaded instance function vkQueueBeginDebugUtilsLabelEXT
[vulkan] Loaded instance function vkQueueEndDebugUtilsLabelEXT
[vulkan] Loaded instance function vkQueueInsertDebugUtilsLabelEXT
[vulkan] Loaded instance function vkCmdBeginDebugUtilsLabelEXT
[vulkan] Loaded instance function vkCmdEndDebugUtilsLabelEXT
[vulkan] Loaded instance function vkCmdInsertDebugUtilsLabelEXT
[Vulkan init] SelectPhysicalDevice requestedDeviceIndex=-1 xrDevice=(nil)
[Vulkan init] Physical Device 0x560d1fc165f0 [0]: "Intel(R) Graphics (ADL GT2)" deviceType=1 vendorID=8086 deviceID=46a3
[Vulkan init] Selected physical device 0x560d1fc165f0
[Vulkan init] Graphics queue count=1
[Vulkan init] extensions: count=188
[Vulkan init] extensions: name=VK_AMD_buffer_marker [enabled=0, external=0]
[Vulkan init] extensions: name=VK_EXT_4444_formats [enabled=1, external=0]
[Vulkan init] extensions: name=VK_EXT_attachment_feedback_loop_dynamic_state [enabled=0, external=0]
[Vulkan init] extensions: name=VK_EXT_attachment_feedback_loop_layout [enabled=0, external=0]
[Vulkan init] extensions: name=VK_EXT_border_color_swizzle [enabled=0, external=0]
[Vulkan init] extensions: name=VK_EXT_buffer_device_address [enabled=0, external=0]
[Vulkan init] extensions: name=VK_EXT_calibrated_timestamps [enabled=0, external=0]
[Vulkan init] extensions: name=VK_EXT_color_write_enable [enabled=0, external=0]
[Vulkan init] extensions: name=VK_EXT_conditional_rendering [enabled=0, external=0]
[Vulkan init] extensions: name=VK_EXT_conservative_rasterization [enabled=1, external=0]
[Vulkan init] extensions: name=VK_EXT_custom_border_color [enabled=0, external=0]
[Vulkan init] extensions: name=VK_EXT_depth_bias_control [enabled=0, external=0]
[Vulkan init] extensions: name=VK_EXT_depth_clamp_control [enabled=0, external=0]
[Vulkan init] extensions: name=VK_EXT_depth_clamp_zero_one [enabled=0, external=0]
[Vulkan init] extensions: name=VK_EXT_depth_clip_control [enabled=0, external=0]
[Vulkan init] extensions: name=VK_EXT_depth_clip_enable [enabled=0, external=0]
[Vulkan init] extensions: name=VK_EXT_descriptor_buffer [enabled=0, external=0]
[Vulkan init] extensions: name=VK_EXT_descriptor_indexing [enabled=0, external=0]
[Vulkan init] extensions: name=VK_EXT_device_address_binding_report [enabled=0, external=0]
[Vulkan init] extensions: name=VK_EXT_device_memory_report [enabled=0, external=0]
[Vulkan init] extensions: name=VK_EXT_display_control [enabled=0, external=0]
[Vulkan init] extensions: name=VK_EXT_dynamic_rendering_unused_attachments [enabled=0, external=0]
[Vulkan init] extensions: name=VK_EXT_extended_dynamic_state [enabled=0, external=0]
[Vulkan init] extensions: name=VK_EXT_extended_dynamic_state2 [enabled=0, external=0]
[Vulkan init] extensions: name=VK_EXT_extended_dynamic_state3 [enabled=0, external=0]
[Vulkan init] extensions: name=VK_EXT_external_memory_acquire_unmodified [enabled=0, external=0]
[Vulkan init] extensions: name=VK_EXT_external_memory_dma_buf [enabled=0, external=0]
[Vulkan init] extensions: name=VK_EXT_external_memory_host [enabled=1, external=0]
[Vulkan init] extensions: name=VK_EXT_fragment_shader_interlock [enabled=0, external=0]
[Vulkan init] extensions: name=VK_EXT_global_priority [enabled=0, external=0]
[Vulkan init] extensions: name=VK_EXT_global_priority_query [enabled=0, external=0]
[Vulkan init] extensions: name=VK_EXT_graphics_pipeline_library [enabled=0, external=0]
[Vulkan init] extensions: name=VK_EXT_hdr_metadata [enabled=1, external=0]
[Vulkan init] extensions: name=VK_EXT_host_image_copy [enabled=0, external=0]
[Vulkan init] extensions: name=VK_EXT_host_query_reset [enabled=0, external=0]
[Vulkan init] extensions: name=VK_EXT_image_2d_view_of_3d [enabled=0, external=0]
[Vulkan init] extensions: name=VK_EXT_image_drm_format_modifier [enabled=0, external=0]
[Vulkan init] extensions: name=VK_EXT_image_robustness [enabled=0, external=0]
[Vulkan init] extensions: name=VK_EXT_image_sliced_view_of_3d [enabled=0, external=0]
[Vulkan init] extensions: name=VK_EXT_image_view_min_lod [enabled=0, external=0]
[Vulkan init] extensions: name=VK_EXT_index_type_uint8 [enabled=0, external=0]
[Vulkan init] extensions: name=VK_EXT_inline_uniform_block [enabled=0, external=0]
[Vulkan init] extensions: name=VK_EXT_legacy_dithering [enabled=0, external=0]
[Vulkan init] extensions: name=VK_EXT_legacy_vertex_attributes [enabled=0, external=0]
[Vulkan init] extensions: name=VK_EXT_line_rasterization [enabled=0, external=0]
[Vulkan init] extensions: name=VK_EXT_load_store_op_none [enabled=1, external=0]
[Vulkan init] extensions: name=VK_EXT_map_memory_placed [enabled=0, external=0]
[Vulkan init] extensions: name=VK_EXT_memory_budget [enabled=1, external=0]
[Vulkan init] extensions: name=VK_EXT_multi_draw [enabled=0, external=0]
[Vulkan init] extensions: name=VK_EXT_mutable_descriptor_type [enabled=0, external=0]
[Vulkan init] extensions: name=VK_EXT_nested_command_buffer [enabled=0, external=0]
[Vulkan init] extensions: name=VK_EXT_non_seamless_cube_map [enabled=0, external=0]
[Vulkan init] extensions: name=VK_EXT_pci_bus_info [enabled=0, external=0]
[Vulkan init] extensions: name=VK_EXT_physical_device_drm [enabled=0, external=0]
[Vulkan init] extensions: name=VK_EXT_pipeline_creation_cache_control [enabled=0, external=0]
[Vulkan init] extensions: name=VK_EXT_pipeline_creation_feedback [enabled=0, external=0]
[Vulkan init] extensions: name=VK_EXT_pipeline_protected_access [enabled=0, external=0]
[Vulkan init] extensions: name=VK_EXT_pipeline_robustness [enabled=0, external=0]
[Vulkan init] extensions: name=VK_EXT_post_depth_coverage [enabled=0, external=0]
[Vulkan init] extensions: name=VK_EXT_present_timing [enabled=0, external=0]
[Vulkan init] extensions: name=VK_EXT_primitive_topology_list_restart [enabled=0, external=0]
[Vulkan init] extensions: name=VK_EXT_primitives_generated_query [enabled=0, external=0]
[Vulkan init] extensions: name=VK_EXT_private_data [enabled=0, external=0]
[Vulkan init] extensions: name=VK_EXT_provoking_vertex [enabled=0, external=0]
[Vulkan init] extensions: name=VK_EXT_queue_family_foreign [enabled=1, external=0]
[Vulkan init] extensions: name=VK_EXT_robustness2 [enabled=0, external=0]
[Vulkan init] extensions: name=VK_EXT_sample_locations [enabled=0, external=0]
[Vulkan init] extensions: name=VK_EXT_sampler_filter_minmax [enabled=0, external=0]
[Vulkan init] extensions: name=VK_EXT_scalar_block_layout [enabled=1, external=0]
[Vulkan init] extensions: name=VK_EXT_separate_stencil_usage [enabled=0, external=0]
[Vulkan init] extensions: name=VK_EXT_shader_atomic_float [enabled=0, external=0]
[Vulkan init] extensions: name=VK_EXT_shader_atomic_float2 [enabled=0, external=0]
[Vulkan init] extensions: name=VK_EXT_shader_demote_to_helper_invocation [enabled=1, external=0]
[Vulkan init] extensions: name=VK_EXT_shader_image_atomic_int64 [enabled=0, external=0]
[Vulkan init] extensions: name=VK_EXT_shader_module_identifier [enabled=0, external=0]
[Vulkan init] extensions: name=VK_EXT_shader_object [enabled=0, external=0]
[Vulkan init] extensions: name=VK_EXT_shader_replicated_composites [enabled=0, external=0]
[Vulkan init] extensions: name=VK_EXT_shader_stencil_export [enabled=0, external=0]
[Vulkan init] extensions: name=VK_EXT_shader_subgroup_ballot [enabled=0, external=0]
[Vulkan init] extensions: name=VK_EXT_shader_subgroup_vote [enabled=0, external=0]
[Vulkan init] extensions: name=VK_EXT_shader_uniform_buffer_unsized_array [enabled=0, external=0]
[Vulkan init] extensions: name=VK_EXT_shader_viewport_index_layer [enabled=1, external=0]
[Vulkan init] extensions: name=VK_EXT_subgroup_size_control [enabled=0, external=0]
[Vulkan init] extensions: name=VK_EXT_swapchain_maintenance1 [enabled=0, external=0]
[Vulkan init] extensions: name=VK_EXT_texel_buffer_alignment [enabled=0, external=0]
[Vulkan init] extensions: name=VK_EXT_tooling_info [enabled=0, external=0]
[Vulkan init] extensions: name=VK_EXT_transform_feedback [enabled=0, external=0]
[Vulkan init] extensions: name=VK_EXT_vertex_attribute_divisor [enabled=0, external=0]
[Vulkan init] extensions: name=VK_EXT_vertex_input_dynamic_state [enabled=1, external=0]
[Vulkan init] extensions: name=VK_EXT_ycbcr_2plane_444_formats [enabled=0, external=0]
[Vulkan init] extensions: name=VK_EXT_ycbcr_image_arrays [enabled=0, external=0]
[Vulkan init] extensions: name=VK_GOOGLE_decorate_string [enabled=0, external=0]
[Vulkan init] extensions: name=VK_GOOGLE_hlsl_functionality1 [enabled=0, external=0]
[Vulkan init] extensions: name=VK_GOOGLE_user_type [enabled=0, external=0]
[Vulkan init] extensions: name=VK_INTEL_shader_integer_functions2 [enabled=0, external=0]
[Vulkan init] extensions: name=VK_KHR_16bit_storage [enabled=1, external=0]
[Vulkan init] extensions: name=VK_KHR_8bit_storage [enabled=0, external=0]
[Vulkan init] extensions: name=VK_KHR_bind_memory2 [enabled=1, external=0]
[Vulkan init] extensions: name=VK_KHR_buffer_device_address [enabled=0, external=0]
[Vulkan init] extensions: name=VK_KHR_calibrated_timestamps [enabled=0, external=0]
[Vulkan init] extensions: name=VK_KHR_compute_shader_derivatives [enabled=0, external=0]
[Vulkan init] extensions: name=VK_KHR_copy_commands2 [enabled=0, external=0]
[Vulkan init] extensions: name=VK_KHR_create_renderpass2 [enabled=1, external=0]
[Vulkan init] extensions: name=VK_KHR_dedicated_allocation [enabled=1, external=0]
[Vulkan init] extensions: name=VK_KHR_deferred_host_operations [enabled=0, external=0]
[Vulkan init] extensions: name=VK_KHR_depth_clamp_zero_one [enabled=0, external=0]
[Vulkan init] extensions: name=VK_KHR_depth_stencil_resolve [enabled=1, external=0]
[Vulkan init] extensions: name=VK_KHR_descriptor_update_template [enabled=1, external=0]
[Vulkan init] extensions: name=VK_KHR_device_group [enabled=0, external=0]
[Vulkan init] extensions: name=VK_KHR_draw_indirect_count [enabled=0, external=0]
[Vulkan init] extensions: name=VK_KHR_driver_properties [enabled=1, external=0]
[Vulkan init] extensions: name=VK_KHR_dynamic_rendering [enabled=0, external=0]
[Vulkan init] extensions: name=VK_KHR_dynamic_rendering_local_read [enabled=0, external=0]
[Vulkan init] extensions: name=VK_KHR_external_fence [enabled=1, external=0]
[Vulkan init] extensions: name=VK_KHR_external_fence_fd [enabled=1, external=0]
[Vulkan init] extensions: name=VK_KHR_external_memory [enabled=1, external=0]
[Vulkan init] extensions: name=VK_KHR_external_memory_fd [enabled=1, external=0]
[Vulkan init] extensions: name=VK_KHR_external_semaphore [enabled=1, external=0]
[Vulkan init] extensions: name=VK_KHR_external_semaphore_fd [enabled=1, external=0]
[Vulkan init] extensions: name=VK_KHR_format_feature_flags2 [enabled=0, external=0]
[Vulkan init] extensions: name=VK_KHR_fragment_shading_rate [enabled=1, external=0]
[Vulkan init] extensions: name=VK_KHR_get_memory_requirements2 [enabled=1, external=0]
[Vulkan init] extensions: name=VK_KHR_global_priority [enabled=0, external=0]
[Vulkan init] extensions: name=VK_KHR_image_format_list [enabled=1, external=0]
[Vulkan init] extensions: name=VK_KHR_imageless_framebuffer [enabled=0, external=0]
[Vulkan init] extensions: name=VK_KHR_incremental_present [enabled=0, external=0]
[Vulkan init] extensions: name=VK_KHR_index_type_uint8 [enabled=0, external=0]
[Vulkan init] extensions: name=VK_KHR_internally_synchronized_queues [enabled=0, external=0]
[Vulkan init] extensions: name=VK_KHR_line_rasterization [enabled=0, external=0]
[Vulkan init] extensions: name=VK_KHR_load_store_op_none [enabled=0, external=0]
[Vulkan init] extensions: name=VK_KHR_maintenance1 [enabled=1, external=0]
[Vulkan init] extensions: name=VK_KHR_maintenance10 [enabled=0, external=0]
[Vulkan init] extensions: name=VK_KHR_maintenance2 [enabled=1, external=0]
[Vulkan init] extensions: name=VK_KHR_maintenance3 [enabled=0, external=0]
[Vulkan init] extensions: name=VK_KHR_maintenance4 [enabled=0, external=0]
[Vulkan init] extensions: name=VK_KHR_maintenance5 [enabled=0, external=0]
[Vulkan init] extensions: name=VK_KHR_maintenance6 [enabled=0, external=0]
[Vulkan init] extensions: name=VK_KHR_maintenance7 [enabled=0, external=0]
[Vulkan init] extensions: name=VK_KHR_maintenance8 [enabled=0, external=0]
[Vulkan init] extensions: name=VK_KHR_maintenance9 [enabled=0, external=0]
[Vulkan init] extensions: name=VK_KHR_map_memory2 [enabled=0, external=0]
[Vulkan init] extensions: name=VK_KHR_multiview [enabled=1, external=0]
[Vulkan init] extensions: name=VK_KHR_pipeline_binary [enabled=0, external=0]
[Vulkan init] extensions: name=VK_KHR_pipeline_executable_properties [enabled=0, external=0]
[Vulkan init] extensions: name=VK_KHR_pipeline_library [enabled=0, external=0]
[Vulkan init] extensions: name=VK_KHR_present_id [enabled=1, external=0]
[Vulkan init] extensions: name=VK_KHR_present_id2 [enabled=0, external=0]
[Vulkan init] extensions: name=VK_KHR_present_wait [enabled=1, external=0]
[Vulkan init] extensions: name=VK_KHR_present_wait2 [enabled=0, external=0]
[Vulkan init] extensions: name=VK_KHR_push_descriptor [enabled=0, external=0]
[Vulkan init] extensions: name=VK_KHR_relaxed_block_layout [enabled=0, external=0]
[Vulkan init] extensions: name=VK_KHR_robustness2 [enabled=0, external=0]
[Vulkan init] extensions: name=VK_KHR_sampler_mirror_clamp_to_edge [enabled=1, external=0]
[Vulkan init] extensions: name=VK_KHR_sampler_ycbcr_conversion [enabled=1, external=0]
[Vulkan init] extensions: name=VK_KHR_separate_depth_stencil_layouts [enabled=0, external=0]
[Vulkan init] extensions: name=VK_KHR_shader_atomic_int64 [enabled=1, external=0]
[Vulkan init] extensions: name=VK_KHR_shader_clock [enabled=0, external=0]
[Vulkan init] extensions: name=VK_KHR_shader_draw_parameters [enabled=0, external=0]
[Vulkan init] extensions: name=VK_KHR_shader_expect_assume [enabled=0, external=0]
[Vulkan init] extensions: name=VK_KHR_shader_float16_int8 [enabled=1, external=0]
[Vulkan init] extensions: name=VK_KHR_shader_float_controls [enabled=0, external=0]
[Vulkan init] extensions: name=VK_KHR_shader_float_controls2 [enabled=0, external=0]
[Vulkan init] extensions: name=VK_KHR_shader_integer_dot_product [enabled=0, external=0]
[Vulkan init] extensions: name=VK_KHR_shader_maximal_reconvergence [enabled=0, external=0]
[Vulkan init] extensions: name=VK_KHR_shader_non_semantic_info [enabled=1, external=0]
[Vulkan init] extensions: name=VK_KHR_shader_quad_control [enabled=0, external=0]
[Vulkan init] extensions: name=VK_KHR_shader_relaxed_extended_instruction [enabled=0, external=0]
[Vulkan init] extensions: name=VK_KHR_shader_subgroup_extended_types [enabled=0, external=0]
[Vulkan init] extensions: name=VK_KHR_shader_subgroup_rotate [enabled=0, external=0]
[Vulkan init] extensions: name=VK_KHR_shader_subgroup_uniform_control_flow [enabled=0, external=0]
[Vulkan init] extensions: name=VK_KHR_shader_terminate_invocation [enabled=0, external=0]
[Vulkan init] extensions: name=VK_KHR_shader_untyped_pointers [enabled=0, external=0]
[Vulkan init] extensions: name=VK_KHR_spirv_1_4 [enabled=0, external=0]
[Vulkan init] extensions: name=VK_KHR_storage_buffer_storage_class [enabled=1, external=0]
[Vulkan init] extensions: name=VK_KHR_swapchain [enabled=1, external=0]
[Vulkan init] extensions: name=VK_KHR_swapchain_maintenance1 [enabled=0, external=0]
[Vulkan init] extensions: name=VK_KHR_swapchain_mutable_format [enabled=1, external=0]
[Vulkan init] extensions: name=VK_KHR_synchronization2 [enabled=0, external=0]
[Vulkan init] extensions: name=VK_KHR_timeline_semaphore [enabled=0, external=0]
[Vulkan init] extensions: name=VK_KHR_uniform_buffer_standard_layout [enabled=0, external=0]
[Vulkan init] extensions: name=VK_KHR_variable_pointers [enabled=0, external=0]
[Vulkan init] extensions: name=VK_KHR_vertex_attribute_divisor [enabled=0, external=0]
[Vulkan init] extensions: name=VK_KHR_vulkan_memory_model [enabled=0, external=0]
[Vulkan init] extensions: name=VK_KHR_workgroup_memory_explicit_layout [enabled=0, external=0]
[Vulkan init] extensions: name=VK_KHR_zero_initialize_workgroup_memory [enabled=0, external=0]
[Vulkan init] extensions: name=VK_MESA_image_alignment_control [enabled=0, external=0]
[Vulkan init] extensions: name=VK_NV_compute_shader_derivatives [enabled=0, external=0]
[Vulkan init] extensions: name=VK_VALVE_mutable_descriptor_type [enabled=0, external=0]
[vulkan] Loaded device function vkDestroyDevice
[vulkan] Loaded device function vkGetDeviceQueue
[vulkan] Loaded device function vkQueueSubmit
[vulkan] Loaded device function vkQueueWaitIdle
[vulkan] Loaded device function vkDeviceWaitIdle
[vulkan] Loaded device function vkAllocateMemory
[vulkan] Loaded device function vkFreeMemory
[vulkan] Loaded device function vkMapMemory
[vulkan] Loaded device function vkUnmapMemory
[vulkan] Loaded device function vkFlushMappedMemoryRanges
[vulkan] Loaded device function vkInvalidateMappedMemoryRanges
[vulkan] Loaded device function vkGetDeviceMemoryCommitment
[vulkan] Loaded device function vkBindBufferMemory
[vulkan] Loaded device function vkBindImageMemory
[vulkan] Loaded device function vkGetBufferMemoryRequirements
[vulkan] Loaded device function vkGetImageMemoryRequirements
[vulkan] Loaded device function vkGetImageSparseMemoryRequirements
[vulkan] Loaded device function vkQueueBindSparse
[vulkan] Loaded device function vkCreateFence
[vulkan] Loaded device function vkDestroyFence
[vulkan] Loaded device function vkResetFences
[vulkan] Loaded device function vkGetFenceStatus
[vulkan] Loaded device function vkWaitForFences
[vulkan] Loaded device function vkCreateSemaphore
[vulkan] Loaded device function vkDestroySemaphore
[vulkan] Loaded device function vkCreateEvent
[vulkan] Loaded device function vkDestroyEvent
[vulkan] Loaded device function vkGetEventStatus
[vulkan] Loaded device function vkSetEvent
[vulkan] Loaded device function vkResetEvent
[vulkan] Loaded device function vkCreateQueryPool
[vulkan] Loaded device function vkDestroyQueryPool
[vulkan] Loaded device function vkGetQueryPoolResults
[vulkan] Loaded device function vkCreateBuffer
[vulkan] Loaded device function vkDestroyBuffer
[vulkan] Loaded device function vkCreateBufferView
[vulkan] Loaded device function vkDestroyBufferView
[vulkan] Loaded device function vkCreateImage
[vulkan] Loaded device function vkDestroyImage
[vulkan] Loaded device function vkGetImageSubresourceLayout
[vulkan] Loaded device function vkCreateImageView
[vulkan] Loaded device function vkDestroyImageView
[vulkan] Loaded device function vkCreateShaderModule
[vulkan] Loaded device function vkDestroyShaderModule
[vulkan] Loaded device function vkCreatePipelineCache
[vulkan] Loaded device function vkDestroyPipelineCache
[vulkan] Loaded device function vkGetPipelineCacheData
[vulkan] Loaded device function vkMergePipelineCaches
[vulkan] Loaded device function vkCreateGraphicsPipelines
[vulkan] Loaded device function vkCreateComputePipelines
[vulkan] Loaded device function vkDestroyPipeline
[vulkan] Loaded device function vkCreatePipelineLayout
[vulkan] Loaded device function vkDestroyPipelineLayout
[vulkan] Loaded device function vkCreateSampler
[vulkan] Loaded device function vkDestroySampler
[vulkan] Loaded device function vkCreateDescriptorSetLayout
[vulkan] Loaded device function vkDestroyDescriptorSetLayout
[vulkan] Loaded device function vkCreateDescriptorPool
[vulkan] Loaded device function vkDestroyDescriptorPool
[vulkan] Loaded device function vkResetDescriptorPool
[vulkan] Loaded device function vkAllocateDescriptorSets
[vulkan] Loaded device function vkFreeDescriptorSets
[vulkan] Loaded device function vkUpdateDescriptorSets
[vulkan] Loaded device function vkCreateFramebuffer
[vulkan] Loaded device function vkDestroyFramebuffer
[vulkan] Loaded device function vkCreateRenderPass
[vulkan] Loaded device function vkDestroyRenderPass
[vulkan] Loaded device function vkGetRenderAreaGranularity
[vulkan] Loaded device function vkCreateCommandPool
[vulkan] Loaded device function vkDestroyCommandPool
[vulkan] Loaded device function vkResetCommandPool
[vulkan] Loaded device function vkAllocateCommandBuffers
[vulkan] Loaded device function vkFreeCommandBuffers
[vulkan] Loaded device function vkBeginCommandBuffer
[vulkan] Loaded device function vkEndCommandBuffer
[vulkan] Loaded device function vkResetCommandBuffer
[vulkan] Loaded device function vkCmdBindPipeline
[vulkan] Loaded device function vkCmdSetViewport
[vulkan] Loaded device function vkCmdSetScissor
[vulkan] Loaded device function vkCmdSetLineWidth
[vulkan] Loaded device function vkCmdSetDepthBias
[vulkan] Loaded device function vkCmdSetBlendConstants
[vulkan] Loaded device function vkCmdSetDepthBounds
[vulkan] Loaded device function vkCmdSetStencilCompareMask
[vulkan] Loaded device function vkCmdSetStencilWriteMask
[vulkan] Loaded device function vkCmdSetStencilReference
[vulkan] Loaded device function vkCmdBindDescriptorSets
[vulkan] Loaded device function vkCmdBindIndexBuffer
[vulkan] Loaded device function vkCmdBindVertexBuffers
[vulkan] Loaded device function vkCmdDraw
[vulkan] Loaded device function vkCmdDrawIndexed
[vulkan] Loaded device function vkCmdDrawIndirect
[vulkan] Loaded device function vkCmdDrawIndexedIndirect
[vulkan] Loaded device function vkCmdDispatch
[vulkan] Loaded device function vkCmdDispatchIndirect
[vulkan] Loaded device function vkCmdCopyBuffer
[vulkan] Loaded device function vkCmdCopyImage
[vulkan] Loaded device function vkCmdBlitImage
[vulkan] Loaded device function vkCmdCopyBufferToImage
[vulkan] Loaded device function vkCmdCopyImageToBuffer
[vulkan] Loaded device function vkCmdUpdateBuffer
[vulkan] Loaded device function vkCmdFillBuffer
[vulkan] Loaded device function vkCmdClearColorImage
[vulkan] Loaded device function vkCmdClearDepthStencilImage
[vulkan] Loaded device function vkCmdClearAttachments
[vulkan] Loaded device function vkCmdResolveImage
[vulkan] Loaded device function vkCmdSetEvent
[vulkan] Loaded device function vkCmdResetEvent
[vulkan] Loaded device function vkCmdWaitEvents
[vulkan] Loaded device function vkCmdPipelineBarrier
[vulkan] Loaded device function vkCmdBeginQuery
[vulkan] Loaded device function vkCmdEndQuery
[vulkan] Loaded device function vkCmdResetQueryPool
[vulkan] Loaded device function vkCmdWriteTimestamp
[vulkan] Loaded device function vkCmdCopyQueryPoolResults
[vulkan] Loaded device function vkCmdPushConstants
[vulkan] Loaded device function vkCmdBeginRenderPass
[vulkan] Loaded device function vkCmdNextSubpass
[vulkan] Loaded device function vkCmdEndRenderPass
[vulkan] Loaded device function vkCmdExecuteCommands
[vulkan] Loaded device function vkGetImageMemoryRequirements2KHR
[vulkan] Loaded device function vkGetBufferMemoryRequirements2KHR
[vulkan] Loaded device function vkGetImageSparseMemoryRequirements2KHR
[vulkan] Loaded device function vkCreateDescriptorUpdateTemplateKHR
[vulkan] Loaded device function vkDestroyDescriptorUpdateTemplateKHR
[vulkan] Loaded device function vkUpdateDescriptorSetWithTemplateKHR
[vulkan] Loaded device function vkCmdBeginRenderPass2KHR
[vulkan] Loaded device function vkCmdEndRenderPass2KHR
[vulkan] Loaded device function vkCmdNextSubpass2KHR
[vulkan] Loaded device function vkCreateRenderPass2KHR
[vulkan] Loaded device function vkCmdSetVertexInputEXT
[vulkan] Loaded device function vkCmdSetFragmentShadingRateKHR
[vulkan] Failed to load device function vkGetFramebufferTilePropertiesQCOM
[vulkan] Loaded instance function vkGetFramebufferTilePropertiesQCOM
[vulkan] Failed to load device function vkDebugMarkerSetObjectTagEXT
[vulkan] Loaded instance function vkDebugMarkerSetObjectTagEXT
[vulkan] Failed to load device function vkDebugMarkerSetObjectNameEXT
[vulkan] Loaded instance function vkDebugMarkerSetObjectNameEXT
[vulkan] Failed to load device function vkCmdDebugMarkerBeginEXT
[vulkan] Loaded instance function vkCmdDebugMarkerBeginEXT
[vulkan] Failed to load device function vkCmdDebugMarkerEndEXT
[vulkan] Loaded instance function vkCmdDebugMarkerEndEXT
[vulkan] Failed to load device function vkCmdDebugMarkerInsertEXT
[vulkan] Loaded instance function vkCmdDebugMarkerInsertEXT
Vulkan API version 1.1.0 (1.4.354 supported by driver, 1.1.0 requested)
Vulkan vendor=[Intel] id=[8086]
Vulkan renderer=[Intel(R) Graphics (ADL GT2)] id=[46a3]
Vulkan device type 1
Vulkan driverversion=[26.1.8 (0x06801008)] uint=[109056008]
Vulkan driverLibraryString=[Intel open-source Mesa driver (6), Mesa 26.1.8-arch1.1]
Vulkan PSO: cache data not found [path=/tmp/DefaultCompany/Titan test/vulkan_pso_cache.bin]
Initialize mono
Mono path[0] = '/home/usio/Unity/Hub/Editor/6000.5.8f1/Data/Managed'
Mono path[1] = '/home/usio/Unity/Hub/Editor/6000.5.8f1/Data/BCLExtensions/runtime/netstandard2.1'
Mono path[2] = '/home/usio/Unity/Hub/Editor/6000.5.8f1/Data/MonoBleedingEdge/lib/mono/unityjit-linux'
Mono config path = '/home/usio/Unity/Hub/Editor/6000.5.8f1/Data/MonoBleedingEdge/etc'
Using monoOptions --debugger-agent=transport=dt_socket,embedding=1,server=y,suspend=n,address=127.0.0.1:56501
CodeReloadManager initialized
Begin MonoManager ReloadAssembly
Registering precompiled unity dll's ...
Register platform support module: /home/usio/Unity/Hub/Editor/6000.5.8f1/Data/PlaybackEngines/LinuxStandaloneSupport/UnityEditor.LinuxStandalone.Extensions.dll
Registered in 0,001305 seconds.
Native extension for LinuxStandalone target not found
Package Manager log level set to [2]
[Package Manager] Failed to launch server process. Reason: Unity was launched with the -noUpm command-line argument
[Package Manager] Unable to send message (not connected to server process).
[Package Manager] Cannot connect to Unity Package Manager local server
[Package Manager] Failed to launch server process. Reason: Unity was launched with the -noUpm command-line argument
[Package Manager] Unable to send message (not connected to server process).
[Package Manager] Cannot connect to Unity Package Manager local server
ScheduleIndexationOnStartup MainProcess:False IndexOnStartup:True
Mono: successfully reloaded assembly
- Finished resetting the current domain, in  3,415 seconds
Domain Reload Profiling: 4520ms
	BeginReloadAssembly (356ms)
	RebuildCommonClasses (7ms)
	RebuildNativeTypeToScriptingClass (33ms)
	initialDomainReloadingComplete (152ms)
	LoadAllAssembliesAndSetupDomain (555ms)
		LoadAssemblies (357ms)
		AnalyzeDomain (426ms)
			TypeCache.Refresh (425ms)
				TypeCache.ScanAssembly (405ms)
	FinalizeReload (3417ms)
		SetupLoadedEditorAssemblies (0ms)
			InitializePlatformSupportModulesInManaged (3ms)
			BeforeProcessingInitializeOnLoad (139ms)
			ProcessInitializeOnLoadAttributes (157ms)
			ProcessInitializeOnLoadMethodAttributes (2952ms)
Assembly reference Packages/com.unity.cinemachine/Editor/Samples/ExposeHDRPInternals/HDRP-Editor-ref.asmref has no target assembly definition
Initializing Unity extensions:
[Licensing::Client] Successfully resolved entitlement details
[Licensing::Module] License group:
  Id: F4-M77M-HXW8-HJ67-XE8W-XXXX
  Product: Unity Personal
  Type: ULF
  Expiration: Unlimited
[Licensing::Module] License group:
  Id: 10170777712478-UnityPersXXXX
  Product: Unity Personal
  Type: Assigned
  Expiration: Unlimited
========================================================================
Worker process is ready to serve import requests
Import Worker Mode flag is 0x00
Assembly reference Packages/com.unity.cinemachine/Editor/Samples/ExposeHDRPInternals/HDRP-Editor-ref.asmref has no target assembly definition
Assembly reference Packages/com.unity.cinemachine/Editor/Samples/ExposeHDRPInternals/HDRP-Editor-ref.asmref has no target assembly definition
Begin MonoManager ReloadAssembly
Assembly reference Packages/com.unity.cinemachine/Editor/Samples/ExposeHDRPInternals/HDRP-Editor-ref.asmref has no target assembly definition
Assembly reference Packages/com.unity.cinemachine/Editor/Samples/ExposeHDRPInternals/HDRP-Editor-ref.asmref has no target assembly definition
'Packages/com.unity.cinemachine/Editor/Obsolete/CinemachineVirtualCameraBaseEditor.cs' contains partial class of Unity.Object, exactly 1 of the partial classes needs to be in a file with the same filename. This is to know the one that can be referenced from ie. GameObjects
'Packages/com.unity.cinemachine/Editor/Editors/CinemachineVirtualCameraBaseEditor.cs' contains partial class of Unity.Object, exactly 1 of the partial classes needs to be in a file with the same filename. This is to know the one that can be referenced from ie. GameObjects
Native extension for LinuxStandalone target not found
[Package Manager] Failed to launch server process. Reason: Unity was launched with the -noUpm command-line argument
[Package Manager] Unable to send message (not connected to server process).
[Package Manager] Cannot connect to Unity Package Manager local server
[Package Manager] Failed to launch server process. Reason: Unity was launched with the -noUpm command-line argument
[Package Manager] Unable to send message (not connected to server process).
[Package Manager] Cannot connect to Unity Package Manager local server
[Package Manager] Failed to launch server process. Reason: Unity was launched with the -noUpm command-line argument
[Package Manager] Unable to send message (not connected to server process).
[Package Manager] Cannot connect to Unity Package Manager local server
ScheduleIndexationOnStartup MainProcess:False IndexOnStartup:True
Mono: successfully reloaded assembly
- Finished resetting the current domain, in  1,177 seconds
Domain Reload Profiling: 2411ms
	BeginReloadAssembly (266ms)
		DisableScriptedObjects (13ms)
		CreateAndSetChildDomain (44ms)
	RebuildCommonClasses (13ms)
	RebuildNativeTypeToScriptingClass (13ms)
	initialDomainReloadingComplete (53ms)
	LoadAllAssembliesAndSetupDomain (887ms)
		LoadAssemblies (551ms)
		AnalyzeDomain (331ms)
			TypeCache.Refresh (246ms)
				TypeCache.ScanAssembly (225ms)
			BuildScriptInfoCaches (75ms)
			ResolveRequiredComponents (7ms)
	FinalizeReload (1178ms)
		SetupLoadedEditorAssemblies (0ms)
			InitializePlatformSupportModulesInManaged (3ms)
			BeforeProcessingInitializeOnLoad (161ms)
			ProcessInitializeOnLoadAttributes (455ms)
			ProcessInitializeOnLoadMethodAttributes (143ms)
			AfterProcessingInitializeOnLoad (3ms)
		AwakeInstancesAfterBackupRestoration (10ms)
AcceleratorClientConnectionCallback - disconnected - :0
Shader Hidden/ChartRasterizerHardware is not supported: GPU does not support conservative rasterization
Shader Hidden/ChartRasterizerHardware is not supported: GPU does not support conservative rasterization
AutoLocale: current locale expects 'C' but got 'ru_RU.UTF-8'Launched and connected shader compiler UnityShaderCompiler after 0.06 seconds
Curl error 3: URL rejected: Error
Unloading 24 Unused Serialized files (Serialized files now loaded: 0)
Unloading 7070 unused Assets / (8.5 MB). Loaded Objects now: 8110.
Memory consumption went from 226.2 MB to 217.7 MB.
Total: 27.170274 ms (FindLiveObjects: 0.857701 ms CreateObjectMapping: 5.089619 ms MarkObjects: 12.026607 ms  DeleteObjects: 9.193109 ms)

========================================================================
Received Prepare
AcceleratorClientConnectionCallback - disconnected - :0
Assembly reference Packages/com.unity.cinemachine/Editor/Samples/ExposeHDRPInternals/HDRP-Editor-ref.asmref has no target assembly definition
Assembly reference Packages/com.unity.cinemachine/Editor/Samples/ExposeHDRPInternals/HDRP-Editor-ref.asmref has no target assembly definition
Begin MonoManager ReloadAssembly
Assembly reference Packages/com.unity.cinemachine/Editor/Samples/ExposeHDRPInternals/HDRP-Editor-ref.asmref has no target assembly definition
Assembly reference Packages/com.unity.cinemachine/Editor/Samples/ExposeHDRPInternals/HDRP-Editor-ref.asmref has no target assembly definition
'Packages/com.unity.cinemachine/Editor/Obsolete/CinemachineVirtualCameraBaseEditor.cs' contains partial class of Unity.Object, exactly 1 of the partial classes needs to be in a file with the same filename. This is to know the one that can be referenced from ie. GameObjects
'Packages/com.unity.cinemachine/Editor/Editors/CinemachineVirtualCameraBaseEditor.cs' contains partial class of Unity.Object, exactly 1 of the partial classes needs to be in a file with the same filename. This is to know the one that can be referenced from ie. GameObjects
Native extension for LinuxStandalone target not found
[Package Manager] Failed to launch server process. Reason: Unity was launched with the -noUpm command-line argument
[Package Manager] Unable to send message (not connected to server process).
[Package Manager] Cannot connect to Unity Package Manager local server
[Package Manager] Failed to launch server process. Reason: Unity was launched with the -noUpm command-line argument
[Package Manager] Unable to send message (not connected to server process).
[Package Manager] Cannot connect to Unity Package Manager local server
[Package Manager] Failed to launch server process. Reason: Unity was launched with the -noUpm command-line argument
[Package Manager] Unable to send message (not connected to server process).
[Package Manager] Cannot connect to Unity Package Manager local server
ScheduleIndexationOnStartup MainProcess:False IndexOnStartup:True
Mono: successfully reloaded assembly
- Finished resetting the current domain, in  1.254 seconds
Domain Reload Profiling: 2895ms
	BeginReloadAssembly (276ms)
		DisableScriptedObjects (12ms)
		CreateAndSetChildDomain (70ms)
	RebuildCommonClasses (9ms)
	RebuildNativeTypeToScriptingClass (11ms)
	initialDomainReloadingComplete (47ms)
	LoadAllAssembliesAndSetupDomain (1297ms)
		LoadAssemblies (1017ms)
		AnalyzeDomain (109ms)
			TypeCache.Refresh (77ms)
			ResolveRequiredComponents (9ms)
	FinalizeReload (1255ms)
		SetupLoadedEditorAssemblies (0ms)
			InitializePlatformSupportModulesInManaged (4ms)
			BeforeProcessingInitializeOnLoad (138ms)
			ProcessInitializeOnLoadAttributes (479ms)
			ProcessInitializeOnLoadMethodAttributes (143ms)
			AfterProcessingInitializeOnLoad (5ms)
		AwakeInstancesAfterBackupRestoration (34ms)
Shader Hidden/ChartRasterizerHardware is not supported: GPU does not support conservative rasterization
Unloading 24 Unused Serialized files (Serialized files now loaded: 0)
Unloading 7067 unused Assets / (6.3 MB). Loaded Objects now: 8154.
Memory consumption went from 227.5 MB to 221.2 MB.
Total: 16.891654 ms (FindLiveObjects: 1.536370 ms CreateObjectMapping: 3.282406 ms MarkObjects: 8.817684 ms  DeleteObjects: 3.252954 ms)

Prepare: number of updated asset objects reloaded= 0
========================================================================
Received Prepare
AcceleratorClientConnectionCallback - disconnected - :0
Assembly reference Packages/com.unity.cinemachine/Editor/Samples/ExposeHDRPInternals/HDRP-Editor-ref.asmref has no target assembly definition
Assembly reference Packages/com.unity.cinemachine/Editor/Samples/ExposeHDRPInternals/HDRP-Editor-ref.asmref has no target assembly definition
Begin MonoManager ReloadAssembly
Assembly reference Packages/com.unity.cinemachine/Editor/Samples/ExposeHDRPInternals/HDRP-Editor-ref.asmref has no target assembly definition
Assembly reference Packages/com.unity.cinemachine/Editor/Samples/ExposeHDRPInternals/HDRP-Editor-ref.asmref has no target assembly definition
'Packages/com.unity.cinemachine/Editor/Obsolete/CinemachineVirtualCameraBaseEditor.cs' contains partial class of Unity.Object, exactly 1 of the partial classes needs to be in a file with the same filename. This is to know the one that can be referenced from ie. GameObjects
'Packages/com.unity.cinemachine/Editor/Editors/CinemachineVirtualCameraBaseEditor.cs' contains partial class of Unity.Object, exactly 1 of the partial classes needs to be in a file with the same filename. This is to know the one that can be referenced from ie. GameObjects
Native extension for LinuxStandalone target not found
[Package Manager] Failed to launch server process. Reason: Unity was launched with the -noUpm command-line argument
[Package Manager] Unable to send message (not connected to server process).
[Package Manager] Cannot connect to Unity Package Manager local server
[Package Manager] Failed to launch server process. Reason: Unity was launched with the -noUpm command-line argument
[Package Manager] Unable to send message (not connected to server process).
[Package Manager] Cannot connect to Unity Package Manager local server
[Package Manager] Failed to launch server process. Reason: Unity was launched with the -noUpm command-line argument
[Package Manager] Unable to send message (not connected to server process).
[Package Manager] Cannot connect to Unity Package Manager local server
ScheduleIndexationOnStartup MainProcess:False IndexOnStartup:True
Mono: successfully reloaded assembly
- Finished resetting the current domain, in  0.621 seconds
Domain Reload Profiling: 1298ms
	BeginReloadAssembly (190ms)
		DisableScriptedObjects (8ms)
		CreateAndSetChildDomain (47ms)
	RebuildCommonClasses (7ms)
	RebuildNativeTypeToScriptingClass (8ms)
	initialDomainReloadingComplete (44ms)
	LoadAllAssembliesAndSetupDomain (428ms)
		LoadAssemblies (336ms)
		AnalyzeDomain (16ms)
			TypeCache.Refresh (8ms)
			ResolveRequiredComponents (5ms)
	FinalizeReload (621ms)
		SetupLoadedEditorAssemblies (0ms)
			BeforeProcessingInitializeOnLoad (63ms)
			ProcessInitializeOnLoadAttributes (248ms)
			ProcessInitializeOnLoadMethodAttributes (83ms)
		AwakeInstancesAfterBackupRestoration (20ms)
Shader Hidden/ChartRasterizerHardware is not supported: GPU does not support conservative rasterization
Unloading 24 Unused Serialized files (Serialized files now loaded: 0)
Unloading 7067 unused Assets / (6.8 MB). Loaded Objects now: 8157.
Memory consumption went from 227.6 MB to 220.7 MB.
Total: 14.222443 ms (FindLiveObjects: 0.835962 ms CreateObjectMapping: 3.774321 ms MarkObjects: 6.926687 ms  DeleteObjects: 2.683700 ms)

Prepare: number of updated asset objects reloaded= 0
========================================================================
Received Prepare
AcceleratorClientConnectionCallback - disconnected - :0
Assembly reference Packages/com.unity.cinemachine/Editor/Samples/ExposeHDRPInternals/HDRP-Editor-ref.asmref has no target assembly definition
Assembly reference Packages/com.unity.cinemachine/Editor/Samples/ExposeHDRPInternals/HDRP-Editor-ref.asmref has no target assembly definition
[Licensing::Client] Successfully resolved entitlement details
[Licensing::Module] License group:
  Id: F4-M77M-HXW8-HJ67-XE8W-XXXX
  Product: Unity Personal
  Type: ULF
  Expiration: Unlimited
[Licensing::Module] License group:
  Id: 10170777712478-UnityPersXXXX
  Product: Unity Personal
  Type: Assigned
  Expiration: Unlimited
Begin MonoManager ReloadAssembly
Assembly reference Packages/com.unity.cinemachine/Editor/Samples/ExposeHDRPInternals/HDRP-Editor-ref.asmref has no target assembly definition
Assembly reference Packages/com.unity.cinemachine/Editor/Samples/ExposeHDRPInternals/HDRP-Editor-ref.asmref has no target assembly definition
'Packages/com.unity.cinemachine/Editor/Obsolete/CinemachineVirtualCameraBaseEditor.cs' contains partial class of Unity.Object, exactly 1 of the partial classes needs to be in a file with the same filename. This is to know the one that can be referenced from ie. GameObjects
'Packages/com.unity.cinemachine/Editor/Editors/CinemachineVirtualCameraBaseEditor.cs' contains partial class of Unity.Object, exactly 1 of the partial classes needs to be in a file with the same filename. This is to know the one that can be referenced from ie. GameObjects
Native extension for LinuxStandalone target not found
[Package Manager] Failed to launch server process. Reason: Unity was launched with the -noUpm command-line argument
[Package Manager] Unable to send message (not connected to server process).
[Package Manager] Cannot connect to Unity Package Manager local server
[Package Manager] Failed to launch server process. Reason: Unity was launched with the -noUpm command-line argument
[Package Manager] Unable to send message (not connected to server process).
[Package Manager] Cannot connect to Unity Package Manager local server
[Package Manager] Failed to launch server process. Reason: Unity was launched with the -noUpm command-line argument
[Package Manager] Unable to send message (not connected to server process).
[Package Manager] Cannot connect to Unity Package Manager local server
ScheduleIndexationOnStartup MainProcess:False IndexOnStartup:True
Mono: successfully reloaded assembly
- Finished resetting the current domain, in  0.919 seconds
Domain Reload Profiling: 4532ms
	BeginReloadAssembly (1680ms)
		DisableScriptedObjects (85ms)
		ReleaseScriptingObjects (5ms)
		CreateAndSetChildDomain (305ms)
	RebuildCommonClasses (9ms)
	RebuildNativeTypeToScriptingClass (35ms)
	initialDomainReloadingComplete (113ms)
	LoadAllAssembliesAndSetupDomain (1775ms)
		LoadAssemblies (2394ms)
		AnalyzeDomain (251ms)
			TypeCache.Refresh (32ms)
			BuildScriptInfoCaches (202ms)
			ResolveRequiredComponents (5ms)
	FinalizeReload (920ms)
		SetupLoadedEditorAssemblies (0ms)
			BeforeProcessingInitializeOnLoad (95ms)
			ProcessInitializeOnLoadAttributes (446ms)
			ProcessInitializeOnLoadMethodAttributes (116ms)
		AwakeInstancesAfterBackupRestoration (25ms)
Shader Hidden/ChartRasterizerHardware is not supported: GPU does not support conservative rasterization
Unloading 24 Unused Serialized files (Serialized files now loaded: 0)
Unloading 7067 unused Assets / (7.8 MB). Loaded Objects now: 8160.
Memory consumption went from 231.1 MB to 223.4 MB.
Total: 18.671994 ms (FindLiveObjects: 0.891150 ms CreateObjectMapping: 3.118686 ms MarkObjects: 10.388178 ms  DeleteObjects: 4.272129 ms)

Prepare: number of updated asset objects reloaded= 0
========================================================================
Received Prepare
AcceleratorClientConnectionCallback - disconnected - :0
Assembly reference Packages/com.unity.cinemachine/Editor/Samples/ExposeHDRPInternals/HDRP-Editor-ref.asmref has no target assembly definition
Assembly reference Packages/com.unity.cinemachine/Editor/Samples/ExposeHDRPInternals/HDRP-Editor-ref.asmref has no target assembly definition
Begin MonoManager ReloadAssembly
Assembly reference Packages/com.unity.cinemachine/Editor/Samples/ExposeHDRPInternals/HDRP-Editor-ref.asmref has no target assembly definition
Assembly reference Packages/com.unity.cinemachine/Editor/Samples/ExposeHDRPInternals/HDRP-Editor-ref.asmref has no target assembly definition
'Packages/com.unity.cinemachine/Editor/Obsolete/CinemachineVirtualCameraBaseEditor.cs' contains partial class of Unity.Object, exactly 1 of the partial classes needs to be in a file with the same filename. This is to know the one that can be referenced from ie. GameObjects
'Packages/com.unity.cinemachine/Editor/Editors/CinemachineVirtualCameraBaseEditor.cs' contains partial class of Unity.Object, exactly 1 of the partial classes needs to be in a file with the same filename. This is to know the one that can be referenced from ie. GameObjects
Native extension for LinuxStandalone target not found
[Package Manager] Failed to launch server process. Reason: Unity was launched with the -noUpm command-line argument
[Package Manager] Unable to send message (not connected to server process).
[Package Manager] Cannot connect to Unity Package Manager local server
[Package Manager] Failed to launch server process. Reason: Unity was launched with the -noUpm command-line argument
[Package Manager] Unable to send message (not connected to server process).
[Package Manager] Cannot connect to Unity Package Manager local server
[Package Manager] Failed to launch server process. Reason: Unity was launched with the -noUpm command-line argument
[Package Manager] Unable to send message (not connected to server process).
[Package Manager] Cannot connect to Unity Package Manager local server
ScheduleIndexationOnStartup MainProcess:False IndexOnStartup:True
Mono: successfully reloaded assembly
- Finished resetting the current domain, in  0.653 seconds
Domain Reload Profiling: 1583ms
	BeginReloadAssembly (376ms)
		DisableScriptedObjects (29ms)
		CreateAndSetChildDomain (61ms)
	RebuildCommonClasses (7ms)
	RebuildNativeTypeToScriptingClass (12ms)
	initialDomainReloadingComplete (82ms)
	LoadAllAssembliesAndSetupDomain (452ms)
		LoadAssemblies (534ms)
		AnalyzeDomain (19ms)
			TypeCache.Refresh (10ms)
			ResolveRequiredComponents (5ms)
	FinalizeReload (654ms)
		SetupLoadedEditorAssemblies (0ms)
			BeforeProcessingInitializeOnLoad (88ms)
			ProcessInitializeOnLoadAttributes (253ms)
			ProcessInitializeOnLoadMethodAttributes (88ms)
			AfterProcessingInitializeOnLoad (3ms)
		AwakeInstancesAfterBackupRestoration (27ms)
Shader Hidden/ChartRasterizerHardware is not supported: GPU does not support conservative rasterization
Unloading 24 Unused Serialized files (Serialized files now loaded: 0)
Unloading 7067 unused Assets / (6.0 MB). Loaded Objects now: 8163.
Memory consumption went from 231.4 MB to 225.3 MB.
Total: 14.123728 ms (FindLiveObjects: 1.477677 ms CreateObjectMapping: 2.849014 ms MarkObjects: 6.192830 ms  DeleteObjects: 3.601775 ms)

Prepare: number of updated asset objects reloaded= 0
========================================================================
Received Prepare
AcceleratorClientConnectionCallback - disconnected - :0
Assembly reference Packages/com.unity.cinemachine/Editor/Samples/ExposeHDRPInternals/HDRP-Editor-ref.asmref has no target assembly definition
Assembly reference Packages/com.unity.cinemachine/Editor/Samples/ExposeHDRPInternals/HDRP-Editor-ref.asmref has no target assembly definition
[Licensing::Client] Successfully resolved entitlement details
[Licensing::Module] License group:
  Id: F4-M77M-HXW8-HJ67-XE8W-XXXX
  Product: Unity Personal
  Type: ULF
  Expiration: Unlimited
[Licensing::Module] License group:
  Id: 10170777712478-UnityPersXXXX
  Product: Unity Personal
  Type: Assigned
  Expiration: Unlimited
Begin MonoManager ReloadAssembly
Assembly reference Packages/com.unity.cinemachine/Editor/Samples/ExposeHDRPInternals/HDRP-Editor-ref.asmref has no target assembly definition
Assembly reference Packages/com.unity.cinemachine/Editor/Samples/ExposeHDRPInternals/HDRP-Editor-ref.asmref has no target assembly definition
'Packages/com.unity.cinemachine/Editor/Obsolete/CinemachineVirtualCameraBaseEditor.cs' contains partial class of Unity.Object, exactly 1 of the partial classes needs to be in a file with the same filename. This is to know the one that can be referenced from ie. GameObjects
'Packages/com.unity.cinemachine/Editor/Editors/CinemachineVirtualCameraBaseEditor.cs' contains partial class of Unity.Object, exactly 1 of the partial classes needs to be in a file with the same filename. This is to know the one that can be referenced from ie. GameObjects
Native extension for LinuxStandalone target not found
[Package Manager] Failed to launch server process. Reason: Unity was launched with the -noUpm command-line argument
[Package Manager] Unable to send message (not connected to server process).
[Package Manager] Cannot connect to Unity Package Manager local server
[Package Manager] Failed to launch server process. Reason: Unity was launched with the -noUpm command-line argument
[Package Manager] Unable to send message (not connected to server process).
[Package Manager] Cannot connect to Unity Package Manager local server
[Package Manager] Failed to launch server process. Reason: Unity was launched with the -noUpm command-line argument
[Package Manager] Unable to send message (not connected to server process).
[Package Manager] Cannot connect to Unity Package Manager local server
ScheduleIndexationOnStartup MainProcess:False IndexOnStartup:True
Mono: successfully reloaded assembly
- Finished resetting the current domain, in  0.694 seconds
Domain Reload Profiling: 3057ms
	BeginReloadAssembly (1068ms)
		DisableScriptedObjects (163ms)
		ReleaseScriptingObjects (4ms)
		CreateAndSetChildDomain (240ms)
	RebuildCommonClasses (10ms)
	RebuildNativeTypeToScriptingClass (16ms)
	initialDomainReloadingComplete (167ms)
	LoadAllAssembliesAndSetupDomain (1101ms)
		LoadAssemblies (1072ms)
		AnalyzeDomain (265ms)
			TypeCache.Refresh (48ms)
			BuildScriptInfoCaches (203ms)
			ResolveRequiredComponents (5ms)
	FinalizeReload (695ms)
		SetupLoadedEditorAssemblies (0ms)
			BeforeProcessingInitializeOnLoad (72ms)
			ProcessInitializeOnLoadAttributes (305ms)
			ProcessInitializeOnLoadMethodAttributes (88ms)
		AwakeInstancesAfterBackupRestoration (21ms)
Shader Hidden/ChartRasterizerHardware is not supported: GPU does not support conservative rasterization
Unloading 24 Unused Serialized files (Serialized files now loaded: 0)
Unloading 7067 unused Assets / (5.6 MB). Loaded Objects now: 8166.
Memory consumption went from 231.5 MB to 225.9 MB.
Total: 16.767139 ms (FindLiveObjects: 0.631306 ms CreateObjectMapping: 2.997930 ms MarkObjects: 9.899288 ms  DeleteObjects: 3.237021 ms)

Prepare: number of updated asset objects reloaded= 0
========================================================================
Received Prepare
AcceleratorClientConnectionCallback - disconnected - :0
Assembly reference Packages/com.unity.cinemachine/Editor/Samples/ExposeHDRPInternals/HDRP-Editor-ref.asmref has no target assembly definition
Assembly reference Packages/com.unity.cinemachine/Editor/Samples/ExposeHDRPInternals/HDRP-Editor-ref.asmref has no target assembly definition
[Licensing::Client] Successfully resolved entitlement details
[Licensing::Module] License group:
  Id: F4-M77M-HXW8-HJ67-XE8W-XXXX
  Product: Unity Personal
  Type: ULF
  Expiration: Unlimited
[Licensing::Module] License group:
  Id: 10170777712478-UnityPersXXXX
  Product: Unity Personal
  Type: Assigned
  Expiration: Unlimited
Begin MonoManager ReloadAssembly
Assembly reference Packages/com.unity.cinemachine/Editor/Samples/ExposeHDRPInternals/HDRP-Editor-ref.asmref has no target assembly definition
Assembly reference Packages/com.unity.cinemachine/Editor/Samples/ExposeHDRPInternals/HDRP-Editor-ref.asmref has no target assembly definition
'Packages/com.unity.cinemachine/Editor/Obsolete/CinemachineVirtualCameraBaseEditor.cs' contains partial class of Unity.Object, exactly 1 of the partial classes needs to be in a file with the same filename. This is to know the one that can be referenced from ie. GameObjects
'Packages/com.unity.cinemachine/Editor/Editors/CinemachineVirtualCameraBaseEditor.cs' contains partial class of Unity.Object, exactly 1 of the partial classes needs to be in a file with the same filename. This is to know the one that can be referenced from ie. GameObjects
Refreshing native plugins compatible for Editor in 3.74 ms, found 0 plugins.
Native extension for LinuxStandalone target not found
[Package Manager] Failed to launch server process. Reason: Unity was launched with the -noUpm command-line argument
[Package Manager] Unable to send message (not connected to server process).
[Package Manager] Cannot connect to Unity Package Manager local server
[Package Manager] Failed to launch server process. Reason: Unity was launched with the -noUpm command-line argument
[Package Manager] Unable to send message (not connected to server process).
[Package Manager] Cannot connect to Unity Package Manager local server
[Package Manager] Failed to launch server process. Reason: Unity was launched with the -noUpm command-line argument
[Package Manager] Unable to send message (not connected to server process).
[Package Manager] Cannot connect to Unity Package Manager local server
Refreshing native plugins compatible for Editor in 4.66 ms, found 0 plugins.
ScheduleIndexationOnStartup MainProcess:False IndexOnStartup:True
Mono: successfully reloaded assembly
- Finished resetting the current domain, in  1.015 seconds
Domain Reload Profiling: 4703ms
	BeginReloadAssembly (1874ms)
		DisableScriptedObjects (83ms)
		ReleaseScriptingObjects (5ms)
		CreateAndSetChildDomain (365ms)
	RebuildCommonClasses (14ms)
	RebuildNativeTypeToScriptingClass (12ms)
	initialDomainReloadingComplete (191ms)
	LoadAllAssembliesAndSetupDomain (1594ms)
		LoadAssemblies (2106ms)
		AnalyzeDomain (428ms)
			TypeCache.Refresh (53ms)
			BuildScriptInfoCaches (348ms)
			ResolveRequiredComponents (8ms)
	FinalizeReload (1017ms)
		SetupLoadedEditorAssemblies (0ms)
			BeforeProcessingInitializeOnLoad (150ms)
			ProcessInitializeOnLoadAttributes (396ms)
			ProcessInitializeOnLoadMethodAttributes (135ms)
			AfterProcessingInitializeOnLoad (10ms)
		AwakeInstancesAfterBackupRestoration (30ms)
Shader Hidden/ChartRasterizerHardware is not supported: GPU does not support conservative rasterization
Unloading 24 Unused Serialized files (Serialized files now loaded: 0)
Unloading 7067 unused Assets / (4.6 MB). Loaded Objects now: 8169.
Memory consumption went from 231.7 MB to 227.2 MB.
Total: 30.261017 ms (FindLiveObjects: 6.626358 ms CreateObjectMapping: 6.892232 ms MarkObjects: 9.402645 ms  DeleteObjects: 7.337624 ms)

Prepare: number of updated asset objects reloaded= 0
========================================================================
Received Prepare
AcceleratorClientConnectionCallback - disconnected - :0
Assembly reference Packages/com.unity.cinemachine/Editor/Samples/ExposeHDRPInternals/HDRP-Editor-ref.asmref has no target assembly definition
Assembly reference Packages/com.unity.cinemachine/Editor/Samples/ExposeHDRPInternals/HDRP-Editor-ref.asmref has no target assembly definition
Begin MonoManager ReloadAssembly
Assembly reference Packages/com.unity.cinemachine/Editor/Samples/ExposeHDRPInternals/HDRP-Editor-ref.asmref has no target assembly definition
Assembly reference Packages/com.unity.cinemachine/Editor/Samples/ExposeHDRPInternals/HDRP-Editor-ref.asmref has no target assembly definition
'Packages/com.unity.cinemachine/Editor/Obsolete/CinemachineVirtualCameraBaseEditor.cs' contains partial class of Unity.Object, exactly 1 of the partial classes needs to be in a file with the same filename. This is to know the one that can be referenced from ie. GameObjects
'Packages/com.unity.cinemachine/Editor/Editors/CinemachineVirtualCameraBaseEditor.cs' contains partial class of Unity.Object, exactly 1 of the partial classes needs to be in a file with the same filename. This is to know the one that can be referenced from ie. GameObjects
Native extension for LinuxStandalone target not found
[Package Manager] Failed to launch server process. Reason: Unity was launched with the -noUpm command-line argument
[Package Manager] Unable to send message (not connected to server process).
[Package Manager] Cannot connect to Unity Package Manager local server
[Package Manager] Failed to launch server process. Reason: Unity was launched with the -noUpm command-line argument
[Package Manager] Unable to send message (not connected to server process).
[Package Manager] Cannot connect to Unity Package Manager local server
[Package Manager] Failed to launch server process. Reason: Unity was launched with the -noUpm command-line argument
[Package Manager] Unable to send message (not connected to server process).
[Package Manager] Cannot connect to Unity Package Manager local server
ScheduleIndexationOnStartup MainProcess:False IndexOnStartup:True
Mono: successfully reloaded assembly
- Finished resetting the current domain, in  0.840 seconds
Domain Reload Profiling: 3199ms
	BeginReloadAssembly (439ms)
		DisableScriptedObjects (24ms)
		CreateAndSetChildDomain (108ms)
	RebuildCommonClasses (8ms)
	RebuildNativeTypeToScriptingClass (9ms)
	initialDomainReloadingComplete (518ms)
	LoadAllAssembliesAndSetupDomain (1385ms)
		LoadAssemblies (1233ms)
		AnalyzeDomain (237ms)
			TypeCache.Refresh (24ms)
			BuildScriptInfoCaches (199ms)
			ResolveRequiredComponents (5ms)
	FinalizeReload (840ms)
		SetupLoadedEditorAssemblies (0ms)
			BeforeProcessingInitializeOnLoad (103ms)
			ProcessInitializeOnLoadAttributes (386ms)
			ProcessInitializeOnLoadMethodAttributes (99ms)
		AwakeInstancesAfterBackupRestoration (20ms)
Shader Hidden/ChartRasterizerHardware is not supported: GPU does not support conservative rasterization
Unloading 24 Unused Serialized files (Serialized files now loaded: 0)
Unloading 7067 unused Assets / (6.0 MB). Loaded Objects now: 8172.
Memory consumption went from 231.9 MB to 225.9 MB.
Total: 14.535492 ms (FindLiveObjects: 0.821770 ms CreateObjectMapping: 3.019883 ms MarkObjects: 7.515167 ms  DeleteObjects: 3.176493 ms)

Prepare: number of updated asset objects reloaded= 0
========================================================================
Received Prepare
AcceleratorClientConnectionCallback - disconnected - :0
Assembly reference Packages/com.unity.cinemachine/Editor/Samples/ExposeHDRPInternals/HDRP-Editor-ref.asmref has no target assembly definition
Assembly reference Packages/com.unity.cinemachine/Editor/Samples/ExposeHDRPInternals/HDRP-Editor-ref.asmref has no target assembly definition
Begin MonoManager ReloadAssembly
Assembly reference Packages/com.unity.cinemachine/Editor/Samples/ExposeHDRPInternals/HDRP-Editor-ref.asmref has no target assembly definition
Assembly reference Packages/com.unity.cinemachine/Editor/Samples/ExposeHDRPInternals/HDRP-Editor-ref.asmref has no target assembly definition
'Packages/com.unity.cinemachine/Editor/Obsolete/CinemachineVirtualCameraBaseEditor.cs' contains partial class of Unity.Object, exactly 1 of the partial classes needs to be in a file with the same filename. This is to know the one that can be referenced from ie. GameObjects
'Packages/com.unity.cinemachine/Editor/Editors/CinemachineVirtualCameraBaseEditor.cs' contains partial class of Unity.Object, exactly 1 of the partial classes needs to be in a file with the same filename. This is to know the one that can be referenced from ie. GameObjects
Native extension for LinuxStandalone target not found
[Package Manager] Failed to launch server process. Reason: Unity was launched with the -noUpm command-line argument
[Package Manager] Unable to send message (not connected to server process).
[Package Manager] Cannot connect to Unity Package Manager local server
[Package Manager] Failed to launch server process. Reason: Unity was launched with the -noUpm command-line argument
[Package Manager] Unable to send message (not connected to server process).
[Package Manager] Cannot connect to Unity Package Manager local server
[Package Manager] Failed to launch server process. Reason: Unity was launched with the -noUpm command-line argument
[Package Manager] Unable to send message (not connected to server process).
[Package Manager] Cannot connect to Unity Package Manager local server
ScheduleIndexationOnStartup MainProcess:False IndexOnStartup:True
Mono: successfully reloaded assembly
- Finished resetting the current domain, in  0.671 seconds
Domain Reload Profiling: 1352ms
	BeginReloadAssembly (279ms)
		DisableScriptedObjects (10ms)
		CreateAndSetChildDomain (55ms)
	RebuildCommonClasses (8ms)
	RebuildNativeTypeToScriptingClass (9ms)
	initialDomainReloadingComplete (39ms)
	LoadAllAssembliesAndSetupDomain (346ms)
		LoadAssemblies (387ms)
		AnalyzeDomain (16ms)
			TypeCache.Refresh (8ms)
			ResolveRequiredComponents (5ms)
	FinalizeReload (671ms)
		SetupLoadedEditorAssemblies (0ms)
			BeforeProcessingInitializeOnLoad (73ms)
			ProcessInitializeOnLoadAttributes (287ms)
			ProcessInitializeOnLoadMethodAttributes (88ms)
		AwakeInstancesAfterBackupRestoration (20ms)
Shader Hidden/ChartRasterizerHardware is not supported: GPU does not support conservative rasterization
Unloading 24 Unused Serialized files (Serialized files now loaded: 0)
Unloading 7067 unused Assets / (5.7 MB). Loaded Objects now: 8175.
Memory consumption went from 232.2 MB to 226.4 MB.
Total: 11.404017 ms (FindLiveObjects: 0.573318 ms CreateObjectMapping: 2.811003 ms MarkObjects: 5.795585 ms  DeleteObjects: 2.217308 ms)

Prepare: number of updated asset objects reloaded= 0
========================================================================
Received Prepare
AcceleratorClientConnectionCallback - disconnected - :0
Assembly reference Packages/com.unity.cinemachine/Editor/Samples/ExposeHDRPInternals/HDRP-Editor-ref.asmref has no target assembly definition
Assembly reference Packages/com.unity.cinemachine/Editor/Samples/ExposeHDRPInternals/HDRP-Editor-ref.asmref has no target assembly definition
[Licensing::Client] Successfully resolved entitlement details
[Licensing::Module] License group:
  Id: F4-M77M-HXW8-HJ67-XE8W-XXXX
  Product: Unity Personal
  Type: ULF
  Expiration: Unlimited
[Licensing::Module] License group:
  Id: 10170777712478-UnityPersXXXX
  Product: Unity Personal
  Type: Assigned
  Expiration: Unlimited
Begin MonoManager ReloadAssembly
Assembly reference Packages/com.unity.cinemachine/Editor/Samples/ExposeHDRPInternals/HDRP-Editor-ref.asmref has no target assembly definition
Assembly reference Packages/com.unity.cinemachine/Editor/Samples/ExposeHDRPInternals/HDRP-Editor-ref.asmref has no target assembly definition
'Packages/com.unity.cinemachine/Editor/Obsolete/CinemachineVirtualCameraBaseEditor.cs' contains partial class of Unity.Object, exactly 1 of the partial classes needs to be in a file with the same filename. This is to know the one that can be referenced from ie. GameObjects
'Packages/com.unity.cinemachine/Editor/Editors/CinemachineVirtualCameraBaseEditor.cs' contains partial class of Unity.Object, exactly 1 of the partial classes needs to be in a file with the same filename. This is to know the one that can be referenced from ie. GameObjects
Native extension for LinuxStandalone target not found
[Package Manager] Failed to launch server process. Reason: Unity was launched with the -noUpm command-line argument
[Package Manager] Unable to send message (not connected to server process).
[Package Manager] Cannot connect to Unity Package Manager local server
[Package Manager] Failed to launch server process. Reason: Unity was launched with the -noUpm command-line argument
[Package Manager] Unable to send message (not connected to server process).
[Package Manager] Cannot connect to Unity Package Manager local server
[Package Manager] Failed to launch server process. Reason: Unity was launched with the -noUpm command-line argument
[Package Manager] Unable to send message (not connected to server process).
[Package Manager] Cannot connect to Unity Package Manager local server
ScheduleIndexationOnStartup MainProcess:False IndexOnStartup:True
Mono: successfully reloaded assembly
- Finished resetting the current domain, in  1.196 seconds
Domain Reload Profiling: 7734ms
	BeginReloadAssembly (1624ms)
		DisableScriptedObjects (58ms)
		ReleaseScriptingObjects (3ms)
		CreateAndSetChildDomain (156ms)
	RebuildCommonClasses (24ms)
	RebuildNativeTypeToScriptingClass (26ms)
	initialDomainReloadingComplete (117ms)
	LoadAllAssembliesAndSetupDomain (4746ms)
		LoadAssemblies (5274ms)
		AnalyzeDomain (437ms)
			TypeCache.Refresh (77ms)
				TypeCache.ScanAssembly (3ms)
			BuildScriptInfoCaches (336ms)
			ResolveRequiredComponents (7ms)
	FinalizeReload (1198ms)
		SetupLoadedEditorAssemblies (0ms)
			InitializePlatformSupportModulesInManaged (3ms)
			BeforeProcessingInitializeOnLoad (149ms)
			ProcessInitializeOnLoadAttributes (441ms)
			ProcessInitializeOnLoadMethodAttributes (116ms)
			AfterProcessingInitializeOnLoad (4ms)
		AwakeInstancesAfterBackupRestoration (25ms)
Shader Hidden/ChartRasterizerHardware is not supported: GPU does not support conservative rasterization
Refreshing native plugins compatible for Editor in 3.07 ms, found 0 plugins.
Unloading 24 Unused Serialized files (Serialized files now loaded: 0)
Unloading 7067 unused Assets / (5.3 MB). Loaded Objects now: 8178.
Memory consumption went from 232.4 MB to 227.1 MB.
Total: 26.971153 ms (FindLiveObjects: 6.104800 ms CreateObjectMapping: 3.709062 ms MarkObjects: 10.770287 ms  DeleteObjects: 6.384730 ms)

Prepare: number of updated asset objects reloaded= 0
========================================================================
Received Prepare
AcceleratorClientConnectionCallback - disconnected - :0
Assembly reference Packages/com.unity.cinemachine/Editor/Samples/ExposeHDRPInternals/HDRP-Editor-ref.asmref has no target assembly definition
Assembly reference Packages/com.unity.cinemachine/Editor/Samples/ExposeHDRPInternals/HDRP-Editor-ref.asmref has no target assembly definition
Begin MonoManager ReloadAssembly
Assembly reference Packages/com.unity.cinemachine/Editor/Samples/ExposeHDRPInternals/HDRP-Editor-ref.asmref has no target assembly definition
Assembly reference Packages/com.unity.cinemachine/Editor/Samples/ExposeHDRPInternals/HDRP-Editor-ref.asmref has no target assembly definition
'Packages/com.unity.cinemachine/Editor/Obsolete/CinemachineVirtualCameraBaseEditor.cs' contains partial class of Unity.Object, exactly 1 of the partial classes needs to be in a file with the same filename. This is to know the one that can be referenced from ie. GameObjects
'Packages/com.unity.cinemachine/Editor/Editors/CinemachineVirtualCameraBaseEditor.cs' contains partial class of Unity.Object, exactly 1 of the partial classes needs to be in a file with the same filename. This is to know the one that can be referenced from ie. GameObjects
Native extension for LinuxStandalone target not found
[Package Manager] Failed to launch server process. Reason: Unity was launched with the -noUpm command-line argument
[Package Manager] Unable to send message (not connected to server process).
[Package Manager] Cannot connect to Unity Package Manager local server
[Package Manager] Failed to launch server process. Reason: Unity was launched with the -noUpm command-line argument
[Package Manager] Unable to send message (not connected to server process).
[Package Manager] Cannot connect to Unity Package Manager local server
[Package Manager] Failed to launch server process. Reason: Unity was launched with the -noUpm command-line argument
[Package Manager] Unable to send message (not connected to server process).
[Package Manager] Cannot connect to Unity Package Manager local server
ScheduleIndexationOnStartup MainProcess:False IndexOnStartup:True
Mono: successfully reloaded assembly
- Finished resetting the current domain, in  0.754 seconds
Domain Reload Profiling: 3105ms
	BeginReloadAssembly (614ms)
		DisableScriptedObjects (12ms)
		CreateAndSetChildDomain (75ms)
	RebuildCommonClasses (7ms)
	RebuildNativeTypeToScriptingClass (9ms)
	initialDomainReloadingComplete (59ms)
	LoadAllAssembliesAndSetupDomain (1662ms)
		LoadAssemblies (1539ms)
		AnalyzeDomain (475ms)
			TypeCache.Refresh (25ms)
			BuildScriptInfoCaches (441ms)
			ResolveRequiredComponents (5ms)
	FinalizeReload (755ms)
		SetupLoadedEditorAssemblies (0ms)
			BeforeProcessingInitializeOnLoad (73ms)
			ProcessInitializeOnLoadAttributes (327ms)
			ProcessInitializeOnLoadMethodAttributes (101ms)
		AwakeInstancesAfterBackupRestoration (22ms)
Shader Hidden/ChartRasterizerHardware is not supported: GPU does not support conservative rasterization
Unloading 24 Unused Serialized files (Serialized files now loaded: 0)
Unloading 7067 unused Assets / (5.9 MB). Loaded Objects now: 8181.
Memory consumption went from 232.6 MB to 226.7 MB.
Total: 13.399652 ms (FindLiveObjects: 1.065597 ms CreateObjectMapping: 2.714243 ms MarkObjects: 7.137070 ms  DeleteObjects: 2.481171 ms)

Prepare: number of updated asset objects reloaded= 0
========================================================================
Received Prepare
AcceleratorClientConnectionCallback - disconnected - :0
Assembly reference Packages/com.unity.cinemachine/Editor/Samples/ExposeHDRPInternals/HDRP-Editor-ref.asmref has no target assembly definition
Assembly reference Packages/com.unity.cinemachine/Editor/Samples/ExposeHDRPInternals/HDRP-Editor-ref.asmref has no target assembly definition
Begin MonoManager ReloadAssembly
Assembly reference Packages/com.unity.cinemachine/Editor/Samples/ExposeHDRPInternals/HDRP-Editor-ref.asmref has no target assembly definition
Assembly reference Packages/com.unity.cinemachine/Editor/Samples/ExposeHDRPInternals/HDRP-Editor-ref.asmref has no target assembly definition
'Packages/com.unity.cinemachine/Editor/Obsolete/CinemachineVirtualCameraBaseEditor.cs' contains partial class of Unity.Object, exactly 1 of the partial classes needs to be in a file with the same filename. This is to know the one that can be referenced from ie. GameObjects
'Packages/com.unity.cinemachine/Editor/Editors/CinemachineVirtualCameraBaseEditor.cs' contains partial class of Unity.Object, exactly 1 of the partial classes needs to be in a file with the same filename. This is to know the one that can be referenced from ie. GameObjects
Native extension for LinuxStandalone target not found
[Package Manager] Failed to launch server process. Reason: Unity was launched with the -noUpm command-line argument
[Package Manager] Unable to send message (not connected to server process).
[Package Manager] Cannot connect to Unity Package Manager local server
[Package Manager] Failed to launch server process. Reason: Unity was launched with the -noUpm command-line argument
[Package Manager] Unable to send message (not connected to server process).
[Package Manager] Cannot connect to Unity Package Manager local server
[Package Manager] Failed to launch server process. Reason: Unity was launched with the -noUpm command-line argument
[Package Manager] Unable to send message (not connected to server process).
[Package Manager] Cannot connect to Unity Package Manager local server
ScheduleIndexationOnStartup MainProcess:False IndexOnStartup:True
Mono: successfully reloaded assembly
- Finished resetting the current domain, in  0.639 seconds
Domain Reload Profiling: 1198ms
	BeginReloadAssembly (171ms)
		DisableScriptedObjects (8ms)
		CreateAndSetChildDomain (50ms)
	RebuildCommonClasses (9ms)
	RebuildNativeTypeToScriptingClass (9ms)
	initialDomainReloadingComplete (39ms)
	LoadAllAssembliesAndSetupDomain (329ms)
		LoadAssemblies (280ms)
		AnalyzeDomain (16ms)
			TypeCache.Refresh (8ms)
			ResolveRequiredComponents (5ms)
	FinalizeReload (639ms)
		SetupLoadedEditorAssemblies (0ms)
			BeforeProcessingInitializeOnLoad (68ms)
			ProcessInitializeOnLoadAttributes (253ms)
			ProcessInitializeOnLoadMethodAttributes (87ms)
		AwakeInstancesAfterBackupRestoration (19ms)
Shader Hidden/ChartRasterizerHardware is not supported: GPU does not support conservative rasterization
Unloading 24 Unused Serialized files (Serialized files now loaded: 0)
Unloading 7067 unused Assets / (6.6 MB). Loaded Objects now: 8184.
Memory consumption went from 232.8 MB to 226.2 MB.
Total: 12.073510 ms (FindLiveObjects: 0.549966 ms CreateObjectMapping: 2.515538 ms MarkObjects: 5.837925 ms  DeleteObjects: 3.168350 ms)

Prepare: number of updated asset objects reloaded= 0
========================================================================
Received Prepare
AcceleratorClientConnectionCallback - disconnected - :0
Assembly reference Packages/com.unity.cinemachine/Editor/Samples/ExposeHDRPInternals/HDRP-Editor-ref.asmref has no target assembly definition
Assembly reference Packages/com.unity.cinemachine/Editor/Samples/ExposeHDRPInternals/HDRP-Editor-ref.asmref has no target assembly definition
[Licensing::Client] Successfully resolved entitlement details
[Licensing::Module] License group:
  Id: F4-M77M-HXW8-HJ67-XE8W-XXXX
  Product: Unity Personal
  Type: ULF
  Expiration: Unlimited
[Licensing::Module] License group:
  Id: 10170777712478-UnityPersXXXX
  Product: Unity Personal
  Type: Assigned
  Expiration: Unlimited
Begin MonoManager ReloadAssembly
Assembly reference Packages/com.unity.cinemachine/Editor/Samples/ExposeHDRPInternals/HDRP-Editor-ref.asmref has no target assembly definition
Assembly reference Packages/com.unity.cinemachine/Editor/Samples/ExposeHDRPInternals/HDRP-Editor-ref.asmref has no target assembly definition
'Packages/com.unity.cinemachine/Editor/Obsolete/CinemachineVirtualCameraBaseEditor.cs' contains partial class of Unity.Object, exactly 1 of the partial classes needs to be in a file with the same filename. This is to know the one that can be referenced from ie. GameObjects
'Packages/com.unity.cinemachine/Editor/Editors/CinemachineVirtualCameraBaseEditor.cs' contains partial class of Unity.Object, exactly 1 of the partial classes needs to be in a file with the same filename. This is to know the one that can be referenced from ie. GameObjects
Native extension for LinuxStandalone target not found
[Package Manager] Failed to launch server process. Reason: Unity was launched with the -noUpm command-line argument
[Package Manager] Unable to send message (not connected to server process).
[Package Manager] Cannot connect to Unity Package Manager local server
[Package Manager] Failed to launch server process. Reason: Unity was launched with the -noUpm command-line argument
[Package Manager] Unable to send message (not connected to server process).
[Package Manager] Cannot connect to Unity Package Manager local server
[Package Manager] Failed to launch server process. Reason: Unity was launched with the -noUpm command-line argument
[Package Manager] Unable to send message (not connected to server process).
[Package Manager] Cannot connect to Unity Package Manager local server
ScheduleIndexationOnStartup MainProcess:False IndexOnStartup:True
Mono: successfully reloaded assembly
- Finished resetting the current domain, in  0.758 seconds
Domain Reload Profiling: 1391ms
	BeginReloadAssembly (200ms)
		DisableScriptedObjects (8ms)
		CreateAndSetChildDomain (45ms)
	RebuildCommonClasses (8ms)
	RebuildNativeTypeToScriptingClass (9ms)
	initialDomainReloadingComplete (35ms)
	LoadAllAssembliesAndSetupDomain (381ms)
		LoadAssemblies (350ms)
		AnalyzeDomain (17ms)
			TypeCache.Refresh (9ms)
			ResolveRequiredComponents (5ms)
	FinalizeReload (759ms)
		SetupLoadedEditorAssemblies (0ms)
			BeforeProcessingInitializeOnLoad (74ms)
			ProcessInitializeOnLoadAttributes (336ms)
			ProcessInitializeOnLoadMethodAttributes (106ms)
		AwakeInstancesAfterBackupRestoration (19ms)
Shader Hidden/ChartRasterizerHardware is not supported: GPU does not support conservative rasterization
Unloading 24 Unused Serialized files (Serialized files now loaded: 0)
Unloading 7067 unused Assets / (6.5 MB). Loaded Objects now: 8187.
Memory consumption went from 233.0 MB to 226.5 MB.
Total: 32.495250 ms (FindLiveObjects: 1.663348 ms CreateObjectMapping: 8.263869 ms MarkObjects: 15.842138 ms  DeleteObjects: 6.721591 ms)

Prepare: number of updated asset objects reloaded= 0
========================================================================
Received Prepare
AcceleratorClientConnectionCallback - disconnected - :0
Assembly reference Packages/com.unity.cinemachine/Editor/Samples/ExposeHDRPInternals/HDRP-Editor-ref.asmref has no target assembly definition
Assembly reference Packages/com.unity.cinemachine/Editor/Samples/ExposeHDRPInternals/HDRP-Editor-ref.asmref has no target assembly definition
[Licensing::Client] Successfully resolved entitlement details
[Licensing::Module] License group:
  Id: F4-M77M-HXW8-HJ67-XE8W-XXXX
  Product: Unity Personal
  Type: ULF
  Expiration: Unlimited
[Licensing::Module] License group:
  Id: 10170777712478-UnityPersXXXX
  Product: Unity Personal
  Type: Assigned
  Expiration: Unlimited
Begin MonoManager ReloadAssembly
Assembly reference Packages/com.unity.cinemachine/Editor/Samples/ExposeHDRPInternals/HDRP-Editor-ref.asmref has no target assembly definition
Assembly reference Packages/com.unity.cinemachine/Editor/Samples/ExposeHDRPInternals/HDRP-Editor-ref.asmref has no target assembly definition
'Packages/com.unity.cinemachine/Editor/Obsolete/CinemachineVirtualCameraBaseEditor.cs' contains partial class of Unity.Object, exactly 1 of the partial classes needs to be in a file with the same filename. This is to know the one that can be referenced from ie. GameObjects
'Packages/com.unity.cinemachine/Editor/Editors/CinemachineVirtualCameraBaseEditor.cs' contains partial class of Unity.Object, exactly 1 of the partial classes needs to be in a file with the same filename. This is to know the one that can be referenced from ie. GameObjects
Refreshing native plugins compatible for Editor in 2.87 ms, found 0 plugins.
Native extension for LinuxStandalone target not found
[Package Manager] Failed to launch server process. Reason: Unity was launched with the -noUpm command-line argument
[Package Manager] Unable to send message (not connected to server process).
[Package Manager] Cannot connect to Unity Package Manager local server
[Package Manager] Failed to launch server process. Reason: Unity was launched with the -noUpm command-line argument
[Package Manager] Unable to send message (not connected to server process).
[Package Manager] Cannot connect to Unity Package Manager local server
[Package Manager] Failed to launch server process. Reason: Unity was launched with the -noUpm command-line argument
[Package Manager] Unable to send message (not connected to server process).
[Package Manager] Cannot connect to Unity Package Manager local server
ScheduleIndexationOnStartup MainProcess:False IndexOnStartup:True
Mono: successfully reloaded assembly
- Finished resetting the current domain, in  0.659 seconds
Domain Reload Profiling: 1283ms
	BeginReloadAssembly (202ms)
		DisableScriptedObjects (12ms)
		CreateAndSetChildDomain (52ms)
	RebuildCommonClasses (7ms)
	RebuildNativeTypeToScriptingClass (8ms)
	initialDomainReloadingComplete (36ms)
	LoadAllAssembliesAndSetupDomain (370ms)
		LoadAssemblies (328ms)
		AnalyzeDomain (17ms)
			TypeCache.Refresh (8ms)
			ResolveRequiredComponents (5ms)
	FinalizeReload (660ms)
		SetupLoadedEditorAssemblies (0ms)
			BeforeProcessingInitializeOnLoad (75ms)
			ProcessInitializeOnLoadAttributes (274ms)
			ProcessInitializeOnLoadMethodAttributes (93ms)
		AwakeInstancesAfterBackupRestoration (20ms)
Shader Hidden/ChartRasterizerHardware is not supported: GPU does not support conservative rasterization
Unloading 24 Unused Serialized files (Serialized files now loaded: 0)
Unloading 7067 unused Assets / (6.0 MB). Loaded Objects now: 8190.
Memory consumption went from 233.2 MB to 227.3 MB.
Total: 30.497168 ms (FindLiveObjects: 1.727065 ms CreateObjectMapping: 8.350493 ms MarkObjects: 15.667613 ms  DeleteObjects: 4.746102 ms)

Prepare: number of updated asset objects reloaded= 0
========================================================================
Received Prepare
AcceleratorClientConnectionCallback - disconnected - :0
Assembly reference Packages/com.unity.cinemachine/Editor/Samples/ExposeHDRPInternals/HDRP-Editor-ref.asmref has no target assembly definition
Assembly reference Packages/com.unity.cinemachine/Editor/Samples/ExposeHDRPInternals/HDRP-Editor-ref.asmref has no target assembly definition
[Licensing::Client] Successfully resolved entitlement details
[Licensing::Module] License group:
  Id: F4-M77M-HXW8-HJ67-XE8W-XXXX
  Product: Unity Personal
  Type: ULF
  Expiration: Unlimited
[Licensing::Module] License group:
  Id: 10170777712478-UnityPersXXXX
  Product: Unity Personal
  Type: Assigned
  Expiration: Unlimited
Begin MonoManager ReloadAssembly
Assembly reference Packages/com.unity.cinemachine/Editor/Samples/ExposeHDRPInternals/HDRP-Editor-ref.asmref has no target assembly definition
Assembly reference Packages/com.unity.cinemachine/Editor/Samples/ExposeHDRPInternals/HDRP-Editor-ref.asmref has no target assembly definition
'Packages/com.unity.cinemachine/Editor/Obsolete/CinemachineVirtualCameraBaseEditor.cs' contains partial class of Unity.Object, exactly 1 of the partial classes needs to be in a file with the same filename. This is to know the one that can be referenced from ie. GameObjects
'Packages/com.unity.cinemachine/Editor/Editors/CinemachineVirtualCameraBaseEditor.cs' contains partial class of Unity.Object, exactly 1 of the partial classes needs to be in a file with the same filename. This is to know the one that can be referenced from ie. GameObjects
Native extension for LinuxStandalone target not found
[Package Manager] Failed to launch server process. Reason: Unity was launched with the -noUpm command-line argument
[Package Manager] Unable to send message (not connected to server process).
[Package Manager] Cannot connect to Unity Package Manager local server
[Package Manager] Failed to launch server process. Reason: Unity was launched with the -noUpm command-line argument
[Package Manager] Unable to send message (not connected to server process).
[Package Manager] Cannot connect to Unity Package Manager local server
[Package Manager] Failed to launch server process. Reason: Unity was launched with the -noUpm command-line argument
[Package Manager] Unable to send message (not connected to server process).
[Package Manager] Cannot connect to Unity Package Manager local server
ScheduleIndexationOnStartup MainProcess:False IndexOnStartup:True
Mono: successfully reloaded assembly
- Finished resetting the current domain, in  0.735 seconds
Domain Reload Profiling: 2517ms
	BeginReloadAssembly (548ms)
		DisableScriptedObjects (56ms)
		CreateAndSetChildDomain (143ms)
	RebuildCommonClasses (8ms)
	RebuildNativeTypeToScriptingClass (9ms)
	initialDomainReloadingComplete (63ms)
	LoadAllAssembliesAndSetupDomain (1152ms)
		LoadAssemblies (1029ms)
		AnalyzeDomain (209ms)
			TypeCache.Refresh (23ms)
			BuildScriptInfoCaches (175ms)
			ResolveRequiredComponents (5ms)
	FinalizeReload (736ms)
		SetupLoadedEditorAssemblies (0ms)
			BeforeProcessingInitializeOnLoad (68ms)
			ProcessInitializeOnLoadAttributes (368ms)
			ProcessInitializeOnLoadMethodAttributes (86ms)
		AwakeInstancesAfterBackupRestoration (19ms)
Shader Hidden/ChartRasterizerHardware is not supported: GPU does not support conservative rasterization
Unloading 24 Unused Serialized files (Serialized files now loaded: 0)
Unloading 7067 unused Assets / (6.5 MB). Loaded Objects now: 8193.
Memory consumption went from 233.5 MB to 226.9 MB.
Total: 11.960282 ms (FindLiveObjects: 0.518683 ms CreateObjectMapping: 2.423577 ms MarkObjects: 6.429078 ms  DeleteObjects: 2.587097 ms)

Prepare: number of updated asset objects reloaded= 0
========================================================================
Received Prepare
AcceleratorClientConnectionCallback - disconnected - :0
Assembly reference Packages/com.unity.cinemachine/Editor/Samples/ExposeHDRPInternals/HDRP-Editor-ref.asmref has no target assembly definition
Assembly reference Packages/com.unity.cinemachine/Editor/Samples/ExposeHDRPInternals/HDRP-Editor-ref.asmref has no target assembly definition
Begin MonoManager ReloadAssembly
Assembly reference Packages/com.unity.cinemachine/Editor/Samples/ExposeHDRPInternals/HDRP-Editor-ref.asmref has no target assembly definition
Assembly reference Packages/com.unity.cinemachine/Editor/Samples/ExposeHDRPInternals/HDRP-Editor-ref.asmref has no target assembly definition
'Packages/com.unity.cinemachine/Editor/Obsolete/CinemachineVirtualCameraBaseEditor.cs' contains partial class of Unity.Object, exactly 1 of the partial classes needs to be in a file with the same filename. This is to know the one that can be referenced from ie. GameObjects
'Packages/com.unity.cinemachine/Editor/Editors/CinemachineVirtualCameraBaseEditor.cs' contains partial class of Unity.Object, exactly 1 of the partial classes needs to be in a file with the same filename. This is to know the one that can be referenced from ie. GameObjects
Native extension for LinuxStandalone target not found
[Package Manager] Failed to launch server process. Reason: Unity was launched with the -noUpm command-line argument
[Package Manager] Unable to send message (not connected to server process).
[Package Manager] Cannot connect to Unity Package Manager local server
[Package Manager] Failed to launch server process. Reason: Unity was launched with the -noUpm command-line argument
[Package Manager] Unable to send message (not connected to server process).
[Package Manager] Cannot connect to Unity Package Manager local server
[Package Manager] Failed to launch server process. Reason: Unity was launched with the -noUpm command-line argument
[Package Manager] Unable to send message (not connected to server process).
[Package Manager] Cannot connect to Unity Package Manager local server
ScheduleIndexationOnStartup MainProcess:False IndexOnStartup:True
Mono: successfully reloaded assembly
- Finished resetting the current domain, in  0.720 seconds
Domain Reload Profiling: 1254ms
	BeginReloadAssembly (160ms)
		DisableScriptedObjects (8ms)
		CreateAndSetChildDomain (48ms)
	RebuildCommonClasses (8ms)
	RebuildNativeTypeToScriptingClass (10ms)
	initialDomainReloadingComplete (48ms)
	LoadAllAssembliesAndSetupDomain (307ms)
		LoadAssemblies (241ms)
		AnalyzeDomain (22ms)
			TypeCache.Refresh (11ms)
			ResolveRequiredComponents (6ms)
	FinalizeReload (721ms)
		SetupLoadedEditorAssemblies (0ms)
			BeforeProcessingInitializeOnLoad (65ms)
			ProcessInitializeOnLoadAttributes (329ms)
			ProcessInitializeOnLoadMethodAttributes (92ms)
		AwakeInstancesAfterBackupRestoration (21ms)
Shader Hidden/ChartRasterizerHardware is not supported: GPU does not support conservative rasterization
Unloading 24 Unused Serialized files (Serialized files now loaded: 0)
Unloading 7067 unused Assets / (6.1 MB). Loaded Objects now: 8196.
Memory consumption went from 233.7 MB to 227.5 MB.
Total: 13.506171 ms (FindLiveObjects: 0.760751 ms CreateObjectMapping: 2.490560 ms MarkObjects: 7.396415 ms  DeleteObjects: 2.857122 ms)

Prepare: number of updated asset objects reloaded= 0
========================================================================
Received Prepare
AcceleratorClientConnectionCallback - disconnected - :0
Assembly reference Packages/com.unity.cinemachine/Editor/Samples/ExposeHDRPInternals/HDRP-Editor-ref.asmref has no target assembly definition
Assembly reference Packages/com.unity.cinemachine/Editor/Samples/ExposeHDRPInternals/HDRP-Editor-ref.asmref has no target assembly definition
[Licensing::Client] Successfully resolved entitlement details
[Licensing::Module] License group:
  Id: F4-M77M-HXW8-HJ67-XE8W-XXXX
  Product: Unity Personal
  Type: ULF
  Expiration: Unlimited
[Licensing::Module] License group:
  Id: 10170777712478-UnityPersXXXX
  Product: Unity Personal
  Type: Assigned
  Expiration: Unlimited
Begin MonoManager ReloadAssembly
Assembly reference Packages/com.unity.cinemachine/Editor/Samples/ExposeHDRPInternals/HDRP-Editor-ref.asmref has no target assembly definition
Assembly reference Packages/com.unity.cinemachine/Editor/Samples/ExposeHDRPInternals/HDRP-Editor-ref.asmref has no target assembly definition
'Packages/com.unity.cinemachine/Editor/Obsolete/CinemachineVirtualCameraBaseEditor.cs' contains partial class of Unity.Object, exactly 1 of the partial classes needs to be in a file with the same filename. This is to know the one that can be referenced from ie. GameObjects
'Packages/com.unity.cinemachine/Editor/Editors/CinemachineVirtualCameraBaseEditor.cs' contains partial class of Unity.Object, exactly 1 of the partial classes needs to be in a file with the same filename. This is to know the one that can be referenced from ie. GameObjects
Native extension for LinuxStandalone target not found
[Package Manager] Failed to launch server process. Reason: Unity was launched with the -noUpm command-line argument
[Package Manager] Unable to send message (not connected to server process).
[Package Manager] Cannot connect to Unity Package Manager local server
[Package Manager] Failed to launch server process. Reason: Unity was launched with the -noUpm command-line argument
[Package Manager] Unable to send message (not connected to server process).
[Package Manager] Cannot connect to Unity Package Manager local server
[Package Manager] Failed to launch server process. Reason: Unity was launched with the -noUpm command-line argument
[Package Manager] Unable to send message (not connected to server process).
[Package Manager] Cannot connect to Unity Package Manager local server
ScheduleIndexationOnStartup MainProcess:False IndexOnStartup:True
Mono: successfully reloaded assembly
- Finished resetting the current domain, in  0.769 seconds
Domain Reload Profiling: 2557ms
	BeginReloadAssembly (521ms)
		DisableScriptedObjects (53ms)
		CreateAndSetChildDomain (123ms)
	RebuildCommonClasses (8ms)
	RebuildNativeTypeToScriptingClass (9ms)
	initialDomainReloadingComplete (63ms)
	LoadAllAssembliesAndSetupDomain (1185ms)
		LoadAssemblies (946ms)
		AnalyzeDomain (317ms)
			TypeCache.Refresh (32ms)
			BuildScriptInfoCaches (267ms)
			ResolveRequiredComponents (5ms)
	FinalizeReload (770ms)
		SetupLoadedEditorAssemblies (0ms)
			BeforeProcessingInitializeOnLoad (88ms)
			ProcessInitializeOnLoadAttributes (357ms)
			ProcessInitializeOnLoadMethodAttributes (88ms)
		AwakeInstancesAfterBackupRestoration (21ms)
Shader Hidden/ChartRasterizerHardware is not supported: GPU does not support conservative rasterization
Unloading 24 Unused Serialized files (Serialized files now loaded: 0)
Unloading 7067 unused Assets / (6.5 MB). Loaded Objects now: 8199.
Memory consumption went from 233.8 MB to 227.4 MB.
Total: 14.908479 ms (FindLiveObjects: 0.909896 ms CreateObjectMapping: 3.760159 ms MarkObjects: 6.702852 ms  DeleteObjects: 3.533505 ms)

Prepare: number of updated asset objects reloaded= 0
========================================================================
Received Prepare
AcceleratorClientConnectionCallback - disconnected - :0
Assembly reference Packages/com.unity.cinemachine/Editor/Samples/ExposeHDRPInternals/HDRP-Editor-ref.asmref has no target assembly definition
Assembly reference Packages/com.unity.cinemachine/Editor/Samples/ExposeHDRPInternals/HDRP-Editor-ref.asmref has no target assembly definition
Begin MonoManager ReloadAssembly
Assembly reference Packages/com.unity.cinemachine/Editor/Samples/ExposeHDRPInternals/HDRP-Editor-ref.asmref has no target assembly definition
Assembly reference Packages/com.unity.cinemachine/Editor/Samples/ExposeHDRPInternals/HDRP-Editor-ref.asmref has no target assembly definition
'Packages/com.unity.cinemachine/Editor/Obsolete/CinemachineVirtualCameraBaseEditor.cs' contains partial class of Unity.Object, exactly 1 of the partial classes needs to be in a file with the same filename. This is to know the one that can be referenced from ie. GameObjects
'Packages/com.unity.cinemachine/Editor/Editors/CinemachineVirtualCameraBaseEditor.cs' contains partial class of Unity.Object, exactly 1 of the partial classes needs to be in a file with the same filename. This is to know the one that can be referenced from ie. GameObjects
Native extension for LinuxStandalone target not found
[Package Manager] Failed to launch server process. Reason: Unity was launched with the -noUpm command-line argument
[Package Manager] Unable to send message (not connected to server process).
[Package Manager] Cannot connect to Unity Package Manager local server
[Package Manager] Failed to launch server process. Reason: Unity was launched with the -noUpm command-line argument
[Package Manager] Unable to send message (not connected to server process).
[Package Manager] Cannot connect to Unity Package Manager local server
[Package Manager] Failed to launch server process. Reason: Unity was launched with the -noUpm command-line argument
[Package Manager] Unable to send message (not connected to server process).
[Package Manager] Cannot connect to Unity Package Manager local server
ScheduleIndexationOnStartup MainProcess:False IndexOnStartup:True
Mono: successfully reloaded assembly
- Finished resetting the current domain, in  0.634 seconds
Domain Reload Profiling: 1319ms
	BeginReloadAssembly (233ms)
		DisableScriptedObjects (9ms)
		CreateAndSetChildDomain (54ms)
	RebuildCommonClasses (8ms)
	RebuildNativeTypeToScriptingClass (9ms)
	initialDomainReloadingComplete (39ms)
	LoadAllAssembliesAndSetupDomain (394ms)
		LoadAssemblies (348ms)
		AnalyzeDomain (31ms)
			TypeCache.Refresh (15ms)
			ResolveRequiredComponents (9ms)
	FinalizeReload (635ms)
		SetupLoadedEditorAssemblies (0ms)
			BeforeProcessingInitializeOnLoad (66ms)
			ProcessInitializeOnLoadAttributes (255ms)
			ProcessInitializeOnLoadMethodAttributes (82ms)
		AwakeInstancesAfterBackupRestoration (19ms)
Shader Hidden/ChartRasterizerHardware is not supported: GPU does not support conservative rasterization
Unloading 24 Unused Serialized files (Serialized files now loaded: 0)
Unloading 7067 unused Assets / (10.6 MB). Loaded Objects now: 8202.
Memory consumption went from 234.0 MB to 223.5 MB.
Total: 19.881471 ms (FindLiveObjects: 0.678835 ms CreateObjectMapping: 3.005209 ms MarkObjects: 6.967758 ms  DeleteObjects: 9.227381 ms)

Prepare: number of updated asset objects reloaded= 0
========================================================================
Received Prepare
AcceleratorClientConnectionCallback - disconnected - :0
Assembly reference Packages/com.unity.cinemachine/Editor/Samples/ExposeHDRPInternals/HDRP-Editor-ref.asmref has no target assembly definition
Assembly reference Packages/com.unity.cinemachine/Editor/Samples/ExposeHDRPInternals/HDRP-Editor-ref.asmref has no target assembly definition
Begin MonoManager ReloadAssembly
Assembly reference Packages/com.unity.cinemachine/Editor/Samples/ExposeHDRPInternals/HDRP-Editor-ref.asmref has no target assembly definition
Assembly reference Packages/com.unity.cinemachine/Editor/Samples/ExposeHDRPInternals/HDRP-Editor-ref.asmref has no target assembly definition
'Packages/com.unity.cinemachine/Editor/Obsolete/CinemachineVirtualCameraBaseEditor.cs' contains partial class of Unity.Object, exactly 1 of the partial classes needs to be in a file with the same filename. This is to know the one that can be referenced from ie. GameObjects
'Packages/com.unity.cinemachine/Editor/Editors/CinemachineVirtualCameraBaseEditor.cs' contains partial class of Unity.Object, exactly 1 of the partial classes needs to be in a file with the same filename. This is to know the one that can be referenced from ie. GameObjects
Native extension for LinuxStandalone target not found
[Package Manager] Failed to launch server process. Reason: Unity was launched with the -noUpm command-line argument
[Package Manager] Unable to send message (not connected to server process).
[Package Manager] Cannot connect to Unity Package Manager local server
[Package Manager] Failed to launch server process. Reason: Unity was launched with the -noUpm command-line argument
[Package Manager] Unable to send message (not connected to server process).
[Package Manager] Cannot connect to Unity Package Manager local server
[Package Manager] Failed to launch server process. Reason: Unity was launched with the -noUpm command-line argument
[Package Manager] Unable to send message (not connected to server process).
[Package Manager] Cannot connect to Unity Package Manager local server
ScheduleIndexationOnStartup MainProcess:False IndexOnStartup:True
Mono: successfully reloaded assembly
- Finished resetting the current domain, in  0.799 seconds
Domain Reload Profiling: 1389ms
	BeginReloadAssembly (179ms)
		DisableScriptedObjects (9ms)
		CreateAndSetChildDomain (53ms)
	RebuildCommonClasses (8ms)
	RebuildNativeTypeToScriptingClass (10ms)
	initialDomainReloadingComplete (38ms)
	LoadAllAssembliesAndSetupDomain (355ms)
		LoadAssemblies (262ms)
		AnalyzeDomain (27ms)
			TypeCache.Refresh (18ms)
			ResolveRequiredComponents (5ms)
	FinalizeReload (800ms)
		SetupLoadedEditorAssemblies (0ms)
			InitializePlatformSupportModulesInManaged (3ms)
			BeforeProcessingInitializeOnLoad (136ms)
			ProcessInitializeOnLoadAttributes (289ms)
			ProcessInitializeOnLoadMethodAttributes (87ms)
		AwakeInstancesAfterBackupRestoration (20ms)
Shader Hidden/ChartRasterizerHardware is not supported: GPU does not support conservative rasterization
Unloading 24 Unused Serialized files (Serialized files now loaded: 0)
Unloading 7067 unused Assets / (6.1 MB). Loaded Objects now: 8205.
Memory consumption went from 234.3 MB to 228.3 MB.
Total: 12.874083 ms (FindLiveObjects: 1.339419 ms CreateObjectMapping: 2.490661 ms MarkObjects: 5.900932 ms  DeleteObjects: 3.140776 ms)

Prepare: number of updated asset objects reloaded= 0
========================================================================
Received Prepare
AcceleratorClientConnectionCallback - disconnected - :0
Assembly reference Packages/com.unity.cinemachine/Editor/Samples/ExposeHDRPInternals/HDRP-Editor-ref.asmref has no target assembly definition
Assembly reference Packages/com.unity.cinemachine/Editor/Samples/ExposeHDRPInternals/HDRP-Editor-ref.asmref has no target assembly definition
[Licensing::Client] Successfully resolved entitlement details
[Licensing::Module] License group:
  Id: F4-M77M-HXW8-HJ67-XE8W-XXXX
  Product: Unity Personal
  Type: ULF
  Expiration: Unlimited
[Licensing::Module] License group:
  Id: 10170777712478-UnityPersXXXX
  Product: Unity Personal
  Type: Assigned
  Expiration: Unlimited
Begin MonoManager ReloadAssembly
Assembly reference Packages/com.unity.cinemachine/Editor/Samples/ExposeHDRPInternals/HDRP-Editor-ref.asmref has no target assembly definition
Assembly reference Packages/com.unity.cinemachine/Editor/Samples/ExposeHDRPInternals/HDRP-Editor-ref.asmref has no target assembly definition
'Packages/com.unity.cinemachine/Editor/Obsolete/CinemachineVirtualCameraBaseEditor.cs' contains partial class of Unity.Object, exactly 1 of the partial classes needs to be in a file with the same filename. This is to know the one that can be referenced from ie. GameObjects
'Packages/com.unity.cinemachine/Editor/Editors/CinemachineVirtualCameraBaseEditor.cs' contains partial class of Unity.Object, exactly 1 of the partial classes needs to be in a file with the same filename. This is to know the one that can be referenced from ie. GameObjects
Native extension for LinuxStandalone target not found
[Package Manager] Failed to launch server process. Reason: Unity was launched with the -noUpm command-line argument
[Package Manager] Unable to send message (not connected to server process).
[Package Manager] Cannot connect to Unity Package Manager local server
[Package Manager] Failed to launch server process. Reason: Unity was launched with the -noUpm command-line argument
[Package Manager] Unable to send message (not connected to server process).
[Package Manager] Cannot connect to Unity Package Manager local server
[Package Manager] Failed to launch server process. Reason: Unity was launched with the -noUpm command-line argument
[Package Manager] Unable to send message (not connected to server process).
[Package Manager] Cannot connect to Unity Package Manager local server
ScheduleIndexationOnStartup MainProcess:False IndexOnStartup:True
Mono: successfully reloaded assembly
- Finished resetting the current domain, in  0.906 seconds
Domain Reload Profiling: 4060ms
	BeginReloadAssembly (652ms)
		DisableScriptedObjects (71ms)
		CreateAndSetChildDomain (140ms)
	RebuildCommonClasses (8ms)
	RebuildNativeTypeToScriptingClass (9ms)
	initialDomainReloadingComplete (236ms)
	LoadAllAssembliesAndSetupDomain (2248ms)
		LoadAssemblies (2013ms)
		AnalyzeDomain (343ms)
			TypeCache.Refresh (42ms)
			BuildScriptInfoCaches (283ms)
			ResolveRequiredComponents (6ms)
	FinalizeReload (907ms)
		SetupLoadedEditorAssemblies (0ms)
			InitializePlatformSupportModulesInManaged (3ms)
			BeforeProcessingInitializeOnLoad (120ms)
			ProcessInitializeOnLoadAttributes (384ms)
			ProcessInitializeOnLoadMethodAttributes (92ms)
			AfterProcessingInitializeOnLoad (3ms)
		AwakeInstancesAfterBackupRestoration (36ms)
Shader Hidden/ChartRasterizerHardware is not supported: GPU does not support conservative rasterization
Unloading 24 Unused Serialized files (Serialized files now loaded: 0)
Unloading 7067 unused Assets / (7.6 MB). Loaded Objects now: 8208.
Memory consumption went from 234.5 MB to 226.9 MB.
Total: 17.503763 ms (FindLiveObjects: 0.735282 ms CreateObjectMapping: 2.491527 ms MarkObjects: 9.871122 ms  DeleteObjects: 4.404296 ms)

Prepare: number of updated asset objects reloaded= 0
========================================================================
Received Prepare
AcceleratorClientConnectionCallback - disconnected - :0
Assembly reference Packages/com.unity.cinemachine/Editor/Samples/ExposeHDRPInternals/HDRP-Editor-ref.asmref has no target assembly definition
Assembly reference Packages/com.unity.cinemachine/Editor/Samples/ExposeHDRPInternals/HDRP-Editor-ref.asmref has no target assembly definition
Begin MonoManager ReloadAssembly
Assembly reference Packages/com.unity.cinemachine/Editor/Samples/ExposeHDRPInternals/HDRP-Editor-ref.asmref has no target assembly definition
Assembly reference Packages/com.unity.cinemachine/Editor/Samples/ExposeHDRPInternals/HDRP-Editor-ref.asmref has no target assembly definition
'Packages/com.unity.cinemachine/Editor/Obsolete/CinemachineVirtualCameraBaseEditor.cs' contains partial class of Unity.Object, exactly 1 of the partial classes needs to be in a file with the same filename. This is to know the one that can be referenced from ie. GameObjects
'Packages/com.unity.cinemachine/Editor/Editors/CinemachineVirtualCameraBaseEditor.cs' contains partial class of Unity.Object, exactly 1 of the partial classes needs to be in a file with the same filename. This is to know the one that can be referenced from ie. GameObjects
Native extension for LinuxStandalone target not found
[Package Manager] Failed to launch server process. Reason: Unity was launched with the -noUpm command-line argument
[Package Manager] Unable to send message (not connected to server process).
[Package Manager] Cannot connect to Unity Package Manager local server
[Package Manager] Failed to launch server process. Reason: Unity was launched with the -noUpm command-line argument
[Package Manager] Unable to send message (not connected to server process).
[Package Manager] Cannot connect to Unity Package Manager local server
[Package Manager] Failed to launch server process. Reason: Unity was launched with the -noUpm command-line argument
[Package Manager] Unable to send message (not connected to server process).
[Package Manager] Cannot connect to Unity Package Manager local server
ScheduleIndexationOnStartup MainProcess:False IndexOnStartup:True
Mono: successfully reloaded assembly
- Finished resetting the current domain, in  0.611 seconds
Domain Reload Profiling: 1653ms
	BeginReloadAssembly (226ms)
		DisableScriptedObjects (8ms)
		CreateAndSetChildDomain (52ms)
	RebuildCommonClasses (12ms)
	RebuildNativeTypeToScriptingClass (13ms)
	initialDomainReloadingComplete (35ms)
	LoadAllAssembliesAndSetupDomain (755ms)
		LoadAssemblies (755ms)
		AnalyzeDomain (16ms)
			TypeCache.Refresh (8ms)
			ResolveRequiredComponents (4ms)
	FinalizeReload (613ms)
		SetupLoadedEditorAssemblies (0ms)
			BeforeProcessingInitializeOnLoad (65ms)
			ProcessInitializeOnLoadAttributes (249ms)
			ProcessInitializeOnLoadMethodAttributes (81ms)
		AwakeInstancesAfterBackupRestoration (19ms)
Shader Hidden/ChartRasterizerHardware is not supported: GPU does not support conservative rasterization
Unloading 24 Unused Serialized files (Serialized files now loaded: 0)
Unloading 7067 unused Assets / (10.9 MB). Loaded Objects now: 8211.
Memory consumption went from 234.8 MB to 223.8 MB.
Total: 66.500083 ms (FindLiveObjects: 0.554996 ms CreateObjectMapping: 2.625262 ms MarkObjects: 5.706102 ms  DeleteObjects: 57.611735 ms)

Prepare: number of updated asset objects reloaded= 0
========================================================================
Received Prepare
AcceleratorClientConnectionCallback - disconnected - :0
Assembly reference Packages/com.unity.cinemachine/Editor/Samples/ExposeHDRPInternals/HDRP-Editor-ref.asmref has no target assembly definition
Assembly reference Packages/com.unity.cinemachine/Editor/Samples/ExposeHDRPInternals/HDRP-Editor-ref.asmref has no target assembly definition
[Licensing::Client] Successfully resolved entitlement details
[Licensing::Module] License group:
  Id: F4-M77M-HXW8-HJ67-XE8W-XXXX
  Product: Unity Personal
  Type: ULF
  Expiration: Unlimited
[Licensing::Module] License group:
  Id: 10170777712478-UnityPersXXXX
  Product: Unity Personal
  Type: Assigned
  Expiration: Unlimited
Begin MonoManager ReloadAssembly
Assembly reference Packages/com.unity.cinemachine/Editor/Samples/ExposeHDRPInternals/HDRP-Editor-ref.asmref has no target assembly definition
Assembly reference Packages/com.unity.cinemachine/Editor/Samples/ExposeHDRPInternals/HDRP-Editor-ref.asmref has no target assembly definition
'Packages/com.unity.cinemachine/Editor/Obsolete/CinemachineVirtualCameraBaseEditor.cs' contains partial class of Unity.Object, exactly 1 of the partial classes needs to be in a file with the same filename. This is to know the one that can be referenced from ie. GameObjects
'Packages/com.unity.cinemachine/Editor/Editors/CinemachineVirtualCameraBaseEditor.cs' contains partial class of Unity.Object, exactly 1 of the partial classes needs to be in a file with the same filename. This is to know the one that can be referenced from ie. GameObjects
Native extension for LinuxStandalone target not found
[Package Manager] Failed to launch server process. Reason: Unity was launched with the -noUpm command-line argument
[Package Manager] Unable to send message (not connected to server process).
[Package Manager] Cannot connect to Unity Package Manager local server
[Package Manager] Failed to launch server process. Reason: Unity was launched with the -noUpm command-line argument
[Package Manager] Unable to send message (not connected to server process).
[Package Manager] Cannot connect to Unity Package Manager local server
[Package Manager] Failed to launch server process. Reason: Unity was launched with the -noUpm command-line argument
[Package Manager] Unable to send message (not connected to server process).
[Package Manager] Cannot connect to Unity Package Manager local server
ScheduleIndexationOnStartup MainProcess:False IndexOnStartup:True
Mono: successfully reloaded assembly
- Finished resetting the current domain, in  0.821 seconds
Domain Reload Profiling: 3278ms
	BeginReloadAssembly (933ms)
		DisableScriptedObjects (68ms)
		ReleaseScriptingObjects (5ms)
		CreateAndSetChildDomain (219ms)
	RebuildCommonClasses (9ms)
	RebuildNativeTypeToScriptingClass (11ms)
	initialDomainReloadingComplete (223ms)
	LoadAllAssembliesAndSetupDomain (1279ms)
		LoadAssemblies (1314ms)
		AnalyzeDomain (229ms)
			TypeCache.Refresh (33ms)
			BuildScriptInfoCaches (183ms)
			ResolveRequiredComponents (4ms)
	FinalizeReload (822ms)
		SetupLoadedEditorAssemblies (0ms)
			BeforeProcessingInitializeOnLoad (78ms)
			ProcessInitializeOnLoadAttributes (306ms)
			ProcessInitializeOnLoadMethodAttributes (88ms)
		AwakeInstancesAfterBackupRestoration (57ms)
Shader Hidden/ChartRasterizerHardware is not supported: GPU does not support conservative rasterization
Unloading 24 Unused Serialized files (Serialized files now loaded: 0)
Unloading 7067 unused Assets / (7.8 MB). Loaded Objects now: 8214.
Memory consumption went from 235.0 MB to 227.2 MB.
Total: 16.254011 ms (FindLiveObjects: 0.634801 ms CreateObjectMapping: 2.472787 ms MarkObjects: 8.629606 ms  DeleteObjects: 4.513397 ms)

Prepare: number of updated asset objects reloaded= 0
========================================================================
Received Prepare
AcceleratorClientConnectionCallback - disconnected - :0
Assembly reference Packages/com.unity.cinemachine/Editor/Samples/ExposeHDRPInternals/HDRP-Editor-ref.asmref has no target assembly definition
Assembly reference Packages/com.unity.cinemachine/Editor/Samples/ExposeHDRPInternals/HDRP-Editor-ref.asmref has no target assembly definition
Begin MonoManager ReloadAssembly
Assembly reference Packages/com.unity.cinemachine/Editor/Samples/ExposeHDRPInternals/HDRP-Editor-ref.asmref has no target assembly definition
Assembly reference Packages/com.unity.cinemachine/Editor/Samples/ExposeHDRPInternals/HDRP-Editor-ref.asmref has no target assembly definition
'Packages/com.unity.cinemachine/Editor/Obsolete/CinemachineVirtualCameraBaseEditor.cs' contains partial class of Unity.Object, exactly 1 of the partial classes needs to be in a file with the same filename. This is to know the one that can be referenced from ie. GameObjects
'Packages/com.unity.cinemachine/Editor/Editors/CinemachineVirtualCameraBaseEditor.cs' contains partial class of Unity.Object, exactly 1 of the partial classes needs to be in a file with the same filename. This is to know the one that can be referenced from ie. GameObjects
Native extension for LinuxStandalone target not found
[Package Manager] Failed to launch server process. Reason: Unity was launched with the -noUpm command-line argument
[Package Manager] Unable to send message (not connected to server process).
[Package Manager] Cannot connect to Unity Package Manager local server
[Package Manager] Failed to launch server process. Reason: Unity was launched with the -noUpm command-line argument
[Package Manager] Unable to send message (not connected to server process).
[Package Manager] Cannot connect to Unity Package Manager local server
[Package Manager] Failed to launch server process. Reason: Unity was launched with the -noUpm command-line argument
[Package Manager] Unable to send message (not connected to server process).
[Package Manager] Cannot connect to Unity Package Manager local server
ScheduleIndexationOnStartup MainProcess:False IndexOnStartup:True
Mono: successfully reloaded assembly
- Finished resetting the current domain, in  0.835 seconds
Domain Reload Profiling: 1863ms
	BeginReloadAssembly (299ms)
		DisableScriptedObjects (16ms)
		CreateAndSetChildDomain (69ms)
	RebuildCommonClasses (10ms)
	RebuildNativeTypeToScriptingClass (11ms)
	initialDomainReloadingComplete (185ms)
	LoadAllAssembliesAndSetupDomain (521ms)
		LoadAssemblies (539ms)
		AnalyzeDomain (19ms)
			TypeCache.Refresh (11ms)
			ResolveRequiredComponents (5ms)
	FinalizeReload (836ms)
		SetupLoadedEditorAssemblies (0ms)
			BeforeProcessingInitializeOnLoad (71ms)
			ProcessInitializeOnLoadAttributes (395ms)
			ProcessInitializeOnLoadMethodAttributes (119ms)
		AwakeInstancesAfterBackupRestoration (29ms)
Shader Hidden/ChartRasterizerHardware is not supported: GPU does not support conservative rasterization
Unloading 24 Unused Serialized files (Serialized files now loaded: 0)
Unloading 7067 unused Assets / (6.9 MB). Loaded Objects now: 8217.
Memory consumption went from 235.2 MB to 228.2 MB.
Total: 13.509514 ms (FindLiveObjects: 1.487766 ms CreateObjectMapping: 2.677932 ms MarkObjects: 6.090211 ms  DeleteObjects: 3.251712 ms)

Prepare: number of updated asset objects reloaded= 0
