[UnityConnectServicesConfig] Local config successfully read: "/usr/share/unity3d/config/services-config.json"
[UnityConnectServicesConfig] Service configuration:
    "servicesConfigBaseUrl": "",
    "disableServicesWindow": false,
    "disableUserLogin": false,
    "entitlementCacheTimeoutInSeconds": 60,
    "clientConnectTimeoutSec": 60,
    "clientHandshakeTimeoutSec": 30,
    "clientResolveEntitlementsTimeoutSec": 30,
    "clientUpdateLicenseTimeoutSec": 30,
    "licensingServiceBaseUrl": "",
    "enableProxyAutoconfig": "false"

Unity Editor version:    6000.5.8f1 (5cb7df797b7d)
Branch:                  6000.5/staging
Build type:              Release
Batch mode:              NO
System name:             Linux
Distro version:          #1 SMP PREEMPT_DYNAMIC Tue, 11 Aug 2026 09:16:08 +0000
Kernel version:          7.1.8-arch1-3
Architecture:            x86_64
Window Protocol:         Wayland (XWayland)
Available memory:        7657 MB
Date:                    2026-08-22T14:58:35Z
[Licensing::Module] Trying to connect to existing licensing client channel...
[Licensing::IpcConnector] Successfully connected to: "LicenseClient-usio" at "2026-08-22T14:58:35.373037Z"
[SignatureVerifier] Application signature verification not supported on this platform.
[Licensing::Client] Error: HandshakeResponse reported an error:
	ResponseCode: 505
	ResponseStatus: Unsupported protocol version '1.18.1'.
[Licensing::Module] Error: Failed to handshake to channel: "LicenseClient-usio"
[Licensing::IpcConnector] LicenseClient-usio channel disconnected successfully.
[Licensing::IpcConnector] Channel LicenseClient-usio-6000.5.8 doesn't exist
[Licensing::Module] Successfully launched the LicensingClient (PId: 4006)
Selected window backend: (null) 
Desktop is 1920 x 1200 @ 60 Hz
Initialize udev device monitor.

COMMAND LINE ARGUMENTS:
/home/usio/Unity/Hub/Editor/6000.5.8f1/Unity
-projectpath
/home/usio/Titan test
-acceptSoftwareTermsForThisRunOnly
-useHub
-hubIPC
-cloudEnvironment
production
-licensingIpc
LicenseClient-usio
-hubSessionId
a838de10-16c5-464d-ab7b-f614841d511e
-accessToken
4CpiJxKok3H36HLDViWXD3sVYUpslF2goANH10qIm1A009f
Successfully changed project path to: /home/usio/Titan test
/home/usio/Titan test
[UnityMemory] Configuration Parameters - Can be set up in boot.config
    "memorysetup-temp-allocator-size-gi-baking-worker=262144"
    "memorysetup-temp-allocator-size-gi-baking-worker=262144"
    "memorysetup-temp-allocator-size-gi-baking-worker=262144"
    "memorysetup-temp-allocator-size-gi-baking-worker=262144"
    "memorysetup-temp-allocator-size-gi-baking-worker=262144"
    "memorysetup-temp-allocator-size-nav-mesh-worker=65536"
    "memorysetup-temp-allocator-size-audio-worker=65536"
    "memorysetup-temp-allocator-size-cloud-worker=32768"
    "memorysetup-allocator-temp-initial-block-size-main=262144"
    "memorysetup-allocator-temp-initial-block-size-worker=262144"
    "memorysetup-temp-allocator-size-preload-manager=33554432"
    "memorysetup-temp-allocator-size-gfx=262144"
    "memorysetup-temp-allocator-size-background-worker=32768"
    "memorysetup-temp-allocator-size-job-worker=262144"
    "memorysetup-bucket-allocator-granularity=16"
    "memorysetup-bucket-allocator-bucket-count=8"
    "memorysetup-bucket-allocator-block-size=33554432"
    "memorysetup-bucket-allocator-block-count=8"
    "memorysetup-main-allocator-block-size=16777216"
    "memorysetup-thread-allocator-block-size=16777216"
    "memorysetup-main-allocator-mimalloc-enabled=0"
    "memorysetup-gfx-main-allocator-block-size=16777216"
    "memorysetup-gfx-thread-allocator-block-size=16777216"
    "memorysetup-cache-allocator-block-size=4194304"
    "memorysetup-typetree-allocator-block-size=2097152"
    "memorysetup-profiler-bucket-allocator-granularity=16"
    "memorysetup-profiler-bucket-allocator-bucket-count=8"
    "memorysetup-profiler-bucket-allocator-block-size=33554432"
    "memorysetup-profiler-bucket-allocator-block-count=8"
    "memorysetup-profiler-allocator-block-size=16777216"
    "memorysetup-profiler-editor-allocator-block-size=1048576"
    "memorysetup-temp-allocator-size-main=16777216"
    "memorysetup-job-temp-allocator-block-size=2097152"
    "memorysetup-job-temp-allocator-block-size-background=1048576"
    "memorysetup-job-temp-allocator-reduction-small-platforms=262144"
Player connection [140002726948032]  Target information:

Player connection [140002726948032]  * "[IP] 192.168.1.8 [Port] 55504 [Flags] 2 [Guid] 902537882 [EditorId] 902537882 [Version] 1048832 [Id] LinuxEditor(16,10.8.0.77) [Debug] 1 [PackageName] LinuxEditor [ProjectName] Editor" 

Player connection [140002726948032]  * "[IP] 10.8.0.77 [Port] 55504 [Flags] 2 [Guid] 902537882 [EditorId] 902537882 [Version] 1048832 [Id] LinuxEditor(16,10.8.0.77) [Debug] 1 [PackageName] LinuxEditor [ProjectName] Editor" 

Player connection [140002726948032] Host joined multi-casting on [225.0.0.222:54997]...
Player connection [140002726948032] Host joined alternative multi-casting on [225.0.0.222:34997]...
Input System module state changed to: Initialized.
[Physics::Module] Initialized fallback backend.
[Physics::Module] Id: 0xdecafbad
[Licensing::IpcConnector] Successfully connected to: "LicenseClient-usio-6000.5.8" at "2026-08-22T14:58:35.953135Z"
[SignatureVerifier] Application signature verification not supported on this platform.
[Licensing::Client] Handshaking with LicensingClient:
  Version:                 1.18.1+9fbee8e
  Session Id:              9d3e33f4eed74e199106c6612daa8efb
  Correlation Id:          3e04c6df99396b222b9afe12f84b4279
  External correlation Id: 4130012790217657150
  Machine Id:              x91t/QJmnuGXpQYOdGXOE63eCBU=
[Licensing::Module] Successfully connected to LicensingClient on channel: "LicenseClient-usio-6000.5.8" (connect: 0.57s, validation: 0.16s, handshake: 0.00s)
[Licensing::IpcConnector] Successfully connected to: "LicenseClient-usio-6000.5.8-notifications" at "2026-08-22T14:58:36.115728Z"
[Licensing::Module] Connected to LicensingClient (PId: 4006, launch time: 0.00, total connection time: 0.73s)
[Licensing::Client] Successfully updated the access token
[Licensing::Module] Successfully updated the access token 4CpiJxKok3...
[Licensing::Client] Successfully resolved entitlement details
[Licensing::Module] License group:
  Id: F4-M77M-HXW8-HJ67-XE8W-XXXX
  Product: Unity Personal
  Type: ULF
  Expiration: Unlimited
[Licensing::Module] License group:
  Id: 10170777712478-UnityPersXXXX
  Product: Unity Personal
  Type: Assigned
  Expiration: Unlimited
[Licensing::Client] Successfully updated license, isAsync: True, time: 0.02
[Licensing::Client] Successfully resolved entitlement details
[Licensing::Module] License group:
  Id: F4-M77M-HXW8-HJ67-XE8W-XXXX
  Product: Unity Personal
  Type: ULF
  Expiration: Unlimited
[Licensing::Module] License group:
  Id: 10170777712478-UnityPersXXXX
  Product: Unity Personal
  Type: Assigned
  Expiration: Unlimited
[Licensing::Module] Licensing Background thread has ended after 0.96s
[Package Manager] Connected to IPC stream "Upm-3988" after 0.6 seconds.
[Licensing::Client] Successfully resolved entitlement details
[Licensing::Module] License group:
  Id: F4-M77M-HXW8-HJ67-XE8W-XXXX
  Product: Unity Personal
  Type: ULF
  Expiration: Unlimited
[Licensing::Module] License group:
  Id: 10170777712478-UnityPersXXXX
  Product: Unity Personal
  Type: Assigned
  Expiration: Unlimited
Library Redirect Path: Library/
[Physics::Module] Selected backend.
[Physics::Module] Name: PhysX
[Physics::Module] Id: 0xf2b8ea05
[Physics::Module] SDK Version: 4.1.2
[Physics::Module] Integration Version: 1.0.0
[Physics::Module] Threading Mode: Multi-Threaded
Artifact Garbage Collection - Removed 1 unused hashed content files
Refreshing native plugins compatible for Editor in 7,28 ms, found 0 plugins.
Initialize engine version: 6000.5.8f1 (5cb7df797b7d)
[Subsystems] Discovering subsystems at path /home/usio/Unity/Hub/Editor/6000.5.8f1/Data/Resources/UnitySubsystems
[Subsystems] Discovering subsystems at path /home/usio/Titan test/Assets
kGfxThreadingModeSplitJobs is not supported on OpenGL Core. Reverting to kGfxThreadingModeDirect instead.
GfxDevice: creating device client; kGfxThreadingModeDirect
GLX Extensions: GLX_ARB_context_flush_control GLX_ARB_create_context GLX_ARB_create_context_no_error GLX_ARB_create_context_profile GLX_ARB_create_context_robustness GLX_ARB_fbconfig_float GLX_ARB_framebuffer_sRGB GLX_ARB_get_proc_address GLX_ARB_multisample GLX_EXT_buffer_age GLX_EXT_create_context_es2_profile GLX_EXT_create_context_es_profile GLX_EXT_fbconfig_packed_float GLX_EXT_framebuffer_sRGB GLX_EXT_no_config_context GLX_EXT_swap_control GLX_EXT_swap_control_tear GLX_EXT_texture_from_pixmap GLX_EXT_visual_info GLX_EXT_visual_rating GLX_MESA_copy_sub_buffer GLX_MESA_gl_interop GLX_MESA_query_renderer GLX_MESA_swap_control GLX_OML_sync_control GLX_SGIS_multisample GLX_SGIX_fbconfig GLX_SGIX_pbuffer GLX_SGIX_visual_select_group GLX_SGI_make_current_read GLX_SGI_video_sync 
Renderer: Mesa Intel(R) Graphics (ADL GT2)
Vendor:   Intel
Version:  4.6 (Core Profile) Mesa 26.1.8-arch1.1
GLES:     0
 GL_3DFX_texture_compression_FXT1 GL_AMD_conservative_depth GL_AMD_depth_clamp_separate GL_AMD_draw_buffers_blend GL_AMD_gpu_shader_int64 GL_AMD_multi_draw_indirect GL_AMD_performance_monitor GL_AMD_pinned_memory GL_AMD_query_buffer_object GL_AMD_seamless_cubemap_per_texture GL_AMD_shader_stencil_export GL_AMD_shader_trinary_minmax GL_AMD_texture_texture4 GL_AMD_vertex_shader_layer GL_AMD_vertex_shader_viewport_index GL_ANGLE_texture_compression_dxt3 GL_ANGLE_texture_compression_dxt5 GL_ARB_ES2_compatibility GL_ARB_ES3_1_compatibility GL_ARB_ES3_2_compatibility GL_ARB_ES3_compatibility GL_ARB_arrays_of_arrays GL_ARB_base_instance GL_ARB_blend_func_extended GL_ARB_buffer_storage GL_ARB_clear_buffer_object GL_ARB_clear_texture GL_ARB_clip_control GL_ARB_compressed_texture_pixel_storage GL_ARB_compute_shader GL_ARB_compute_variable_group_size GL_ARB_conditional_render_inverted GL_ARB_conservative_depth GL_ARB_copy_buffer GL_ARB_copy_image GL_ARB_cull_distance GL_ARB_debug_output GL_ARB_depth_buffer_float GL_ARB
_depth_clamp GL_ARB_derivative_control GL_ARB_direct_state_access GL_ARB_draw_buffers GL_ARB_draw_buffers_blend GL_ARB_draw_elements_base_vertex GL_ARB_draw_indirect GL_ARB_draw_instanced GL_ARB_enhanced_layouts GL_ARB_explicit_attrib_location GL_ARB_explicit_uniform_location GL_ARB_fragment_coord_conventions GL_ARB_fragment_layer_viewport GL_ARB_fragment_shader GL_ARB_fragment_shader_interlock GL_ARB_framebuffer_no_attachments GL_ARB_framebuffer_object GL_ARB_framebuffer_sRGB GL_ARB_get_program_binary GL_ARB_get_texture_sub_image GL_ARB_gl_spirv GL_ARB_gpu_shader5 GL_ARB_gpu_shader_fp64 GL_ARB_gpu_shader_int64 GL_ARB_half_float_pixel GL_ARB_half_float_vertex GL_ARB_indirect_parameters GL_ARB_instanced_arrays GL_ARB_internalformat_query GL_ARB_internalformat_query2 GL_ARB_invalidate_subdata GL_ARB_map_buffer_alignment GL_ARB_map_buffer_range GL_ARB_multi_bind GL_ARB_multi_draw_indirect GL_ARB_occlusion_query2 GL_ARB_parallel_shader_compile GL_ARB_pipeline_statistics_query GL_ARB_pixel_buffer_object GL_ARB_po
int_sprite GL_ARB_polygon_offset_clamp GL_ARB_post_depth_coverage GL_ARB_program_interface_query GL_ARB_provoking_vertex GL_ARB_query_buffer_object GL_ARB_robust_buffer_access_behavior GL_ARB_robustness GL_ARB_sample_shading GL_ARB_sampler_objects GL_ARB_seamless_cube_map GL_ARB_seamless_cubemap_per_texture GL_ARB_separate_shader_objects GL_ARB_shader_atomic_counter_ops GL_ARB_shader_atomic_counters GL_ARB_shader_ballot GL_ARB_shader_bit_encoding GL_ARB_shader_clock GL_ARB_shader_draw_parameters GL_ARB_shader_group_vote GL_ARB_shader_image_load_store GL_ARB_shader_image_size GL_ARB_shader_objects GL_ARB_shader_precision GL_ARB_shader_stencil_export GL_ARB_shader_storage_buffer_object GL_ARB_shader_subroutine GL_ARB_shader_texture_image_samples GL_ARB_shader_texture_lod GL_ARB_shader_viewport_layer_array GL_ARB_shading_language_420pack GL_ARB_shading_language_include GL_ARB_shading_language_packing GL_ARB_spirv_extensions GL_ARB_stencil_texturing GL_ARB_sync GL_ARB_tessellation_shader GL_ARB_texture_barrier G
L_ARB_texture_border_clamp GL_ARB_texture_buffer_object GL_ARB_texture_buffer_object_rgb32 GL_ARB_texture_buffer_range GL_ARB_texture_compression_bptc GL_ARB_texture_compression_rgtc GL_ARB_texture_cube_map_array GL_ARB_texture_filter_anisotropic GL_ARB_texture_filter_minmax GL_ARB_texture_float GL_ARB_texture_gather GL_ARB_texture_mirror_clamp_to_edge GL_ARB_texture_multisample GL_ARB_texture_non_power_of_two GL_ARB_texture_query_levels GL_ARB_texture_query_lod GL_ARB_texture_rectangle GL_ARB_texture_rg GL_ARB_texture_rgb10_a2ui GL_ARB_texture_stencil8 GL_ARB_texture_storage GL_ARB_texture_storage_multisample GL_ARB_texture_swizzle GL_ARB_texture_view GL_ARB_timer_query GL_ARB_transform_feedback2 GL_ARB_transform_feedback3 GL_ARB_transform_feedback_instanced GL_ARB_transform_feedback_overflow_query GL_ARB_uniform_buffer_object GL_ARB_vertex_array_bgra GL_ARB_vertex_array_object GL_ARB_vertex_attrib_64bit GL_ARB_vertex_attrib_binding GL_ARB_vertex_buffer_object GL_ARB_vertex_shader GL_ARB_vertex_type_10f_11f
_11f_rev GL_ARB_vertex_type_2_10_10_10_rev GL_ARB_viewport_array GL_ATI_blend_equation_separate GL_ATI_texture_float GL_EXT_EGL_image_storage GL_EXT_EGL_image_storage_compression GL_EXT_EGL_sync GL_EXT_abgr GL_EXT_blend_equation_separate GL_EXT_debug_label GL_EXT_demote_to_helper_invocation GL_EXT_depth_bounds_test GL_EXT_draw_buffers2 GL_EXT_draw_instanced GL_EXT_framebuffer_blit GL_EXT_framebuffer_multisample GL_EXT_framebuffer_multisample_blit_scaled GL_EXT_framebuffer_object GL_EXT_framebuffer_sRGB GL_EXT_memory_object GL_EXT_memory_object_fd GL_EXT_packed_depth_stencil GL_EXT_packed_float GL_EXT_pixel_buffer_object GL_EXT_polygon_offset_clamp GL_EXT_provoking_vertex GL_EXT_semaphore GL_EXT_semaphore_fd GL_EXT_shader_clock GL_EXT_shader_framebuffer_fetch GL_EXT_shader_framebuffer_fetch_non_coherent GL_EXT_shader_integer_mix GL_EXT_shader_samples_identical GL_EXT_texture_array GL_EXT_texture_compression_dxt1 GL_EXT_texture_compression_rgtc GL_EXT_texture_compression_s3tc GL_EXT_texture_filter_anisotropic 
GL_EXT_texture_integer GL_EXT_texture_sRGB GL_EXT_texture_sRGB_R8 GL_EXT_texture_sRGB_decode GL_EXT_texture_shadow_lod GL_EXT_texture_shared_exponent GL_EXT_texture_snorm GL_EXT_texture_storage GL_EXT_texture_swizzle GL_EXT_timer_query GL_EXT_transform_feedback GL_EXT_vertex_array_bgra GL_EXT_vertex_attrib_64bit GL_IBM_multimode_draw_arrays GL_INTEL_blackhole_render GL_INTEL_conservative_rasterization GL_INTEL_performance_query GL_INTEL_shader_atomic_float_minmax GL_INTEL_shader_integer_functions2 GL_KHR_blend_equation_advanced GL_KHR_blend_equation_advanced_coherent GL_KHR_context_flush_control GL_KHR_debug GL_KHR_no_error GL_KHR_parallel_shader_compile GL_KHR_robust_buffer_access_behavior GL_KHR_robustness GL_KHR_shader_subgroup GL_KHR_texture_compression_astc_ldr GL_KHR_texture_compression_astc_sliced_3d GL_MESA_framebuffer_flip_y GL_MESA_pack_invert GL_MESA_shader_integer_functions GL_MESA_texture_const_bandwidth GL_MESA_texture_signed_rgba GL_NV_alpha_to_coverage_dither_control GL_NV_compute_shader_deri
vatives GL_NV_conditional_render GL_NV_copy_image GL_NV_depth_clamp GL_NV_fragment_shader_interlock GL_NV_packed_depth_stencil GL_NV_texture_barrier GL_OES_EGL_image GL_S3_s3tc
OPENGL LOG: Creating OpenGL 4.6 graphics device ; Context level  <OpenGL 4.5> ; Context handle -2020099024
Initialize mono
Mono path[0] = '/home/usio/Unity/Hub/Editor/6000.5.8f1/Data/Managed'
Mono path[1] = '/home/usio/Unity/Hub/Editor/6000.5.8f1/Data/BCLExtensions/runtime/netstandard2.1'
Mono path[2] = '/home/usio/Unity/Hub/Editor/6000.5.8f1/Data/MonoBleedingEdge/lib/mono/unityjit-linux'
Mono config path = '/home/usio/Unity/Hub/Editor/6000.5.8f1/Data/MonoBleedingEdge/etc'
Using monoOptions --debugger-agent=transport=dt_socket,embedding=1,server=y,suspend=n,address=127.0.0.1:56988
CodeReloadManager initialized
ImportWorker Server TCP listen port: 0
AcceleratorClientConnectionCallback - disconnected - :0
Begin MonoManager ReloadAssembly
Registering precompiled unity dll's ...
Register platform support module: /home/usio/Unity/Hub/Editor/6000.5.8f1/Data/PlaybackEngines/LinuxStandaloneSupport/UnityEditor.LinuxStandalone.Extensions.dll
Registered in 0,002968 seconds.
Native extension for LinuxStandalone target not found
Package Manager log level set to [2]
[Licensing::Client] Successfully resolved entitlement details
ScheduleIndexationOnStartup MainProcess:False IndexOnStartup:True
Mono: successfully reloaded assembly
- Finished resetting the current domain, in 11,911 seconds
Domain Reload Profiling: 12883ms
	BeginReloadAssembly (191ms)
		CreateAndSetChildDomain (5ms)
	RebuildCommonClasses (8ms)
	RebuildNativeTypeToScriptingClass (23ms)
	initialDomainReloadingComplete (130ms)
	LoadAllAssembliesAndSetupDomain (616ms)
		LoadAssemblies (190ms)
		AnalyzeDomain (441ms)
			TypeCache.Refresh (439ms)
				TypeCache.ScanAssembly (406ms)
	FinalizeReload (11915ms)
		SetupLoadedEditorAssemblies (0ms)
			InitializePlatformSupportModulesInManaged (5ms)
			BeforeProcessingInitializeOnLoad (196ms)
			ProcessInitializeOnLoadAttributes (257ms)
			ProcessInitializeOnLoadMethodAttributes (11295ms)
[Licensing::Client] Successfully resolved entitlement details
[Licensing::Module] License group:
  Id: F4-M77M-HXW8-HJ67-XE8W-XXXX
  Product: Unity Personal
  Type: ULF
  Expiration: Unlimited
[Licensing::Module] License group:
  Id: 10170777712478-UnityPersXXXX
  Product: Unity Personal
  Type: Assigned
  Expiration: Unlimited
Application.AssetDatabase Initial Refresh Start
[Package Manager] Restoring resolved packages state from cache
[Licensing::Client] Successfully resolved entitlement details
[Package Manager] Registered 60 packages:
  Packages from [https://packages.unity.com]:
    com.unity.ai.navigation@2.0.14 (location: /home/usio/Titan test/Library/PackageCache/com.unity.ai.navigation@134dd6a3b97b)
    com.unity.cinemachine@3.1.7 (location: /home/usio/Titan test/Library/PackageCache/com.unity.cinemachine@f3f96bcb59af)
    com.unity.collab-proxy@2.13.5 (location: /home/usio/Titan test/Library/PackageCache/com.unity.collab-proxy@120d77864ebc)
    com.unity.ide.rider@3.0.38 (location: /home/usio/Titan test/Library/PackageCache/com.unity.ide.rider@1f60b3138684)
    com.unity.ide.visualstudio@2.0.26 (location: /home/usio/Titan test/Library/PackageCache/com.unity.ide.visualstudio@a99d56dec63f)
    com.unity.inputsystem@1.20.0 (location: /home/usio/Titan test/Library/PackageCache/com.unity.inputsystem@7a4e1a2a8194)
    com.unity.timeline@1.8.12 (location: /home/usio/Titan test/Library/PackageCache/com.unity.timeline@8cd8509afae5)
    com.unity.visualscripting@1.9.12 (location: /home/usio/Titan test/Library/PackageCache/com.unity.visualscripting@4edfcc09512f)
    com.unity.splines@2.9.0 (location: /home/usio/Titan test/Library/PackageCache/com.unity.splines@e6e1d5900acc)
    com.unity.searcher@4.9.5 (location: /home/usio/Titan test/Library/PackageCache/com.unity.searcher@a463122f2c00)
    com.unity.burst@1.8.30 (location: /home/usio/Titan test/Library/PackageCache/com.unity.burst@2f3d916873ea)
    com.unity.nuget.mono-cecil@1.11.6 (location: /home/usio/Titan test/Library/PackageCache/com.unity.nuget.mono-cecil@ecb9724e46ff)
    com.unity.test-framework.performance@3.5.0 (location: /home/usio/Titan test/Library/PackageCache/com.unity.test-framework.performance@8b56083ec0f0)
    com.unity.settings-manager@2.1.1 (location: /home/usio/Titan test/Library/PackageCache/com.unity.settings-manager@0b8638c5ce86)
  Built-in packages:
    com.unity.multiplayer.center@1.0.1 (location: /home/usio/Titan test/Library/PackageCache/com.unity.multiplayer.center@095ed72d0927)
    com.unity.render-pipelines.universal@17.5.0 (location: /home/usio/Titan test/Library/PackageCache/com.unity.render-pipelines.universal@0b9e41c8baf6)
    com.unity.test-framework@1.7.0 (location: /home/usio/Titan test/Library/PackageCache/com.unity.test-framework@773a3a4953ad)
    com.unity.ugui@2.5.0 (location: /home/usio/Titan test/Library/PackageCache/com.unity.ugui@241bd5dd93e7)
    com.unity.modules.accessibility@1.0.0 (location: /home/usio/Titan test/Library/PackageCache/com.unity.modules.accessibility)
    com.unity.modules.adaptiveperformance@1.0.0 (location: /home/usio/Titan test/Library/PackageCache/com.unity.modules.adaptiveperformance)
    com.unity.modules.ai@1.0.0 (location: /home/usio/Titan test/Library/PackageCache/com.unity.modules.ai)
    com.unity.modules.androidjni@1.0.0 (location: /home/usio/Titan test/Library/PackageCache/com.unity.modules.androidjni)
    com.unity.modules.animation@1.0.0 (location: /home/usio/Titan test/Library/PackageCache/com.unity.modules.animation)
    com.unity.modules.assetbundle@1.0.0 (location: /home/usio/Titan test/Library/PackageCache/com.unity.modules.assetbundle)
    com.unity.modules.audio@1.0.0 (location: /home/usio/Titan test/Library/PackageCache/com.unity.modules.audio)
    com.unity.modules.cloth@1.0.0 (location: /home/usio/Titan test/Library/PackageCache/com.unity.modules.cloth)
    com.unity.modules.director@1.0.0 (location: /home/usio/Titan test/Library/PackageCache/com.unity.modules.director)
    com.unity.modules.imageconversion@1.0.0 (location: /home/usio/Titan test/Library/PackageCache/com.unity.modules.imageconversion)
    com.unity.modules.imgui@1.0.0 (location: /home/usio/Titan test/Library/PackageCache/com.unity.modules.imgui)
    com.unity.modules.jsonserialize@1.0.0 (location: /home/usio/Titan test/Library/PackageCache/com.unity.modules.jsonserialize)
    com.unity.modules.particlesystem@1.0.0 (location: /home/usio/Titan test/Library/PackageCache/com.unity.modules.particlesystem)
    com.unity.modules.physics@1.0.0 (location: /home/usio/Titan test/Library/PackageCache/com.unity.modules.physics)
    com.unity.modules.physics2d@1.0.0 (location: /home/usio/Titan test/Library/PackageCache/com.unity.modules.physics2d)
    com.unity.modules.physicscore2d@1.0.0 (location: /home/usio/Titan test/Library/PackageCache/com.unity.modules.physicscore2d)
    com.unity.modules.screencapture@1.0.0 (location: /home/usio/Titan test/Library/PackageCache/com.unity.modules.screencapture)
    com.unity.modules.terrain@1.0.0 (location: /home/usio/Titan test/Library/PackageCache/com.unity.modules.terrain)
    com.unity.modules.terrainphysics@1.0.0 (location: /home/usio/Titan test/Library/PackageCache/com.unity.modules.terrainphysics)
    com.unity.modules.tilemap@1.0.0 (location: /home/usio/Titan test/Library/PackageCache/com.unity.modules.tilemap)
    com.unity.modules.ui@1.0.0 (location: /home/usio/Titan test/Library/PackageCache/com.unity.modules.ui)
    com.unity.modules.uielements@1.0.0 (location: /home/usio/Titan test/Library/PackageCache/com.unity.modules.uielements)
    com.unity.modules.umbra@1.0.0 (location: /home/usio/Titan test/Library/PackageCache/com.unity.modules.umbra)
    com.unity.modules.unityanalytics@1.0.0 (location: /home/usio/Titan test/Library/PackageCache/com.unity.modules.unityanalytics)
    com.unity.modules.unitywebrequest@1.0.0 (location: /home/usio/Titan test/Library/PackageCache/com.unity.modules.unitywebrequest)
    com.unity.modules.unitywebrequestassetbundle@1.0.0 (location: /home/usio/Titan test/Library/PackageCache/com.unity.modules.unitywebrequestassetbundle)
    com.unity.modules.unitywebrequestaudio@1.0.0 (location: /home/usio/Titan test/Library/PackageCache/com.unity.modules.unitywebrequestaudio)
    com.unity.modules.unitywebrequesttexture@1.0.0 (location: /home/usio/Titan test/Library/PackageCache/com.unity.modules.unitywebrequesttexture)
    com.unity.modules.unitywebrequestwww@1.0.0 (location: /home/usio/Titan test/Library/PackageCache/com.unity.modules.unitywebrequestwww)
    com.unity.modules.vectorgraphics@1.0.0 (location: /home/usio/Titan test/Library/PackageCache/com.unity.modules.vectorgraphics)
    com.unity.modules.vehicles@1.0.0 (location: /home/usio/Titan test/Library/PackageCache/com.unity.modules.vehicles)
    com.unity.modules.video@1.0.0 (location: /home/usio/Titan test/Library/PackageCache/com.unity.modules.video)
    com.unity.modules.wind@1.0.0 (location: /home/usio/Titan test/Library/PackageCache/com.unity.modules.wind)
    com.unity.modules.xr@1.0.0 (location: /home/usio/Titan test/Library/PackageCache/com.unity.modules.xr)
    com.unity.modules.subsystems@1.0.0 (location: /home/usio/Titan test/Library/PackageCache/com.unity.modules.subsystems)
    com.unity.modules.hierarchycore@1.0.0 (location: /home/usio/Titan test/Library/PackageCache/com.unity.modules.hierarchycore)
    com.unity.ext.nunit@2.1.0 (location: /home/usio/Titan test/Library/PackageCache/com.unity.ext.nunit@9054f8d1d690)
    com.unity.render-pipelines.core@17.5.0 (location: /home/usio/Titan test/Library/PackageCache/com.unity.render-pipelines.core@9d29876d1f30)
    com.unity.shadergraph@17.5.0 (location: /home/usio/Titan test/Library/PackageCache/com.unity.shadergraph@d5dbee5c0619)
    com.unity.render-pipelines.universal-config@17.5.0 (location: /home/usio/Titan test/Library/PackageCache/com.unity.render-pipelines.universal-config@47de94ac0cce)
    com.unity.collections@6.5.0 (location: /home/usio/Titan test/Library/PackageCache/com.unity.collections@c461d9198d5e)
    com.unity.mathematics@1.4.0 (location: /home/usio/Titan test/Library/PackageCache/com.unity.mathematics@bdc7f308708c)
[Subsystems] No new subsystems found in resolved package list.
[Package Manager] Done registering packages in 0,01 seconds
Assembly reference Packages/com.unity.cinemachine/Editor/Samples/ExposeHDRPInternals/HDRP-Editor-ref.asmref has no target assembly definition
Assembly reference Packages/com.unity.cinemachine/Editor/Samples/ExposeHDRPInternals/HDRP-Editor-ref.asmref has no target assembly definition
info: Microsoft.Hosting.Lifetime[14]
      Now listening on: http://unix:/tmp/ilpp.sock-17a7d6d4b2f67bce95a0816598cb6520
info: Microsoft.Hosting.Lifetime[0]
      Application started. Press Ctrl+C to shut down.
info: Microsoft.Hosting.Lifetime[0]
      Hosting environment: Production
info: Microsoft.Hosting.Lifetime[0]
      Content root path: /home/usio/Titan test
info: Microsoft.AspNetCore.Hosting.Diagnostics[1]
      Request starting HTTP/2 POST http://ilpp/UnityILPP.PostProcessing/Ping - application/grpc -
info: Microsoft.AspNetCore.Routing.EndpointMiddleware[0]
      Executing endpoint 'gRPC - /UnityILPP.PostProcessing/Ping'
info: Microsoft.AspNetCore.Routing.EndpointMiddleware[1]
      Executed endpoint 'gRPC - /UnityILPP.PostProcessing/Ping'
info: Microsoft.AspNetCore.Hosting.Diagnostics[2]
      Request finished HTTP/2 POST http://ilpp/UnityILPP.PostProcessing/Ping - 200 - application/grpc 41.9812ms
Starting: /home/usio/Unity/Hub/Editor/6000.5.8f1/Data/Tools/BuildPipeline/bee_backend --ipc --defer-dag-verification --dagfile="Library/Bee/2400b0aE.dag" --continue-on-failure --profile="Library/Bee/backend1.traceevents" ScriptAssemblies
WorkingDir: /home/usio/Titan test
info: Microsoft.AspNetCore.Hosting.Diagnostics[1]
      Request starting HTTP/2 POST http://ilpp/UnityILPP.PostProcessing/ConfigurePostProcessors - application/grpc -
info: Microsoft.AspNetCore.Routing.EndpointMiddleware[0]
      Executing endpoint 'gRPC - /UnityILPP.PostProcessing/ConfigurePostProcessors'
warn: Unity.ILPP.Runner.PostProcessingAssemblyLoadContext[0]
      Assembly system.runtime.interopservices.windowsruntime has duplicate hint path. Ignoring "/home/usio/Unity/Hub/Editor/6000.5.8f1/Data/UnityReferenceAssemblies/unity-4.8-api/Facades/System.Runtime.InteropServices.WindowsRuntime.dll" in favor of "/home/usio/Unity/Hub/Editor/6000.5.8f1/Data/NetStandard/Extensions/2.0.0/System.Runtime.InteropServices.WindowsRuntime.dll"
warn: Unity.ILPP.Runner.PostProcessingAssemblyLoadContext[0]
      Assembly system.componentmodel.composition has duplicate hint path. Ignoring "/home/usio/Unity/Hub/Editor/6000.5.8f1/Data/UnityReferenceAssemblies/unity-4.8-api/System.ComponentModel.Composition.dll" in favor of "/home/usio/Unity/Hub/Editor/6000.5.8f1/Data/NetStandard/compat/2.1.0/shims/netfx/System.ComponentModel.Composition.dll"
info: Unity.ILPP.Runner.PostProcessingAssemblyLoadContext[0]
      Resolved Unity.Burst.Cecil, Version=0.11.6.0, Culture=neutral, PublicKeyToken=50cebf1cceb9d05e with Library/PackageCache/com.unity.burst@2f3d916873ea/Unity.Burst.CodeGen/Unity.Burst.Cecil.dll
info: Unity.ILPP.Runner.PostProcessingAssemblyLoadContext[0]
      Resolved Mono.Cecil, Version=0.11.5.0, Culture=neutral, PublicKeyToken=50cebf1cceb9d05e with Library/PackageCache/com.unity.nuget.mono-cecil@ecb9724e46ff/Mono.Cecil.dll
info: Microsoft.AspNetCore.Routing.EndpointMiddleware[1]
      Executed endpoint 'gRPC - /UnityILPP.PostProcessing/ConfigurePostProcessors'
info: Microsoft.AspNetCore.Hosting.Diagnostics[2]
      Request finished HTTP/2 POST http://ilpp/UnityILPP.PostProcessing/ConfigurePostProcessors - 200 - application/grpc 47.2269ms
ExitCode: 0 Duration: 0s363ms
[717/937    0s] ILPP-Configuration Library/ilpp-configuration.nevergeneratedoutput
*** Tundra build success (0.34 seconds), 1 items updated, 937 evaluated
AssetDatabase: script compilation time: 1,208973s
Total cache size 172573348
Total cache size after purge 172573348, took 00:00:00.4070717
Begin MonoManager ReloadAssembly
Assembly reference Packages/com.unity.cinemachine/Editor/Samples/ExposeHDRPInternals/HDRP-Editor-ref.asmref has no target assembly definition
'Packages/com.unity.cinemachine/Editor/Editors/CinemachineVirtualCameraBaseEditor.cs' contains partial class of Unity.Object, exactly 1 of the partial classes needs to be in a file with the same filename. This is to know the one that can be referenced from ie. GameObjects
'Packages/com.unity.cinemachine/Editor/Obsolete/CinemachineVirtualCameraBaseEditor.cs' contains partial class of Unity.Object, exactly 1 of the partial classes needs to be in a file with the same filename. This is to know the one that can be referenced from ie. GameObjects
Refreshing native plugins compatible for Editor in 2,53 ms, found 0 plugins.
Native extension for LinuxStandalone target not found
ScheduleIndexationOnStartup MainProcess:True IndexOnStartup:True
Mono: successfully reloaded assembly
- Finished resetting the current domain, in  4,114 seconds
Domain Reload Profiling: 5116ms
	BeginReloadAssembly (333ms)
		DisableScriptedObjects (27ms)
		CreateAndSetChildDomain (47ms)
	RebuildCommonClasses (8ms)
	RebuildNativeTypeToScriptingClass (10ms)
	initialDomainReloadingComplete (55ms)
	LoadAllAssembliesAndSetupDomain (595ms)
		LoadAssemblies (403ms)
		AnalyzeDomain (233ms)
			TypeCache.Refresh (169ms)
				TypeCache.ScanAssembly (155ms)
			BuildScriptInfoCaches (54ms)
			ResolveRequiredComponents (7ms)
	FinalizeReload (4115ms)
		SetupLoadedEditorAssemblies (0ms)
			BeforeProcessingInitializeOnLoad (85ms)
			ProcessInitializeOnLoadAttributes (3320ms)
			ProcessInitializeOnLoadMethodAttributes (154ms)
			AfterProcessingInitializeOnLoad (3ms)
		AwakeInstancesAfterBackupRestoration (33ms)
Starting new worker id: 0 with log in /home/usio/Titan test/Logs/AssetImportWorkerHW0.log
[UnityConnectServicesConfig] Local config successfully read: "/usr/share/unity3d/config/services-config.json"
[UnityConnectServicesConfig] Service configuration:
    "servicesConfigBaseUrl": "",
    "disableServicesWindow": false,
    "disableUserLogin": false,
    "entitlementCacheTimeoutInSeconds": 60,
    "clientConnectTimeoutSec": 60,
    "clientHandshakeTimeoutSec": 30,
    "clientResolveEntitlementsTimeoutSec": 30,
    "clientUpdateLicenseTimeoutSec": 30,
    "licensingServiceBaseUrl": "",
    "enableProxyAutoconfig": "false"


Asset Pipeline Refresh (id=81bcd7b458f9f18c9a7449fc7784014b): Total: 8.153 seconds - Initiated by InitialRefreshV2(ForceSynchronousImport)
	(Values over 0.05ms)
	Summary:
		Imports: total=0 (actual=0, local cache=0, cache server=0)
		Asset DB Process Time: managed=0 ms, native=5514 ms
		Asset DB Callback time: managed=76 ms, native=16 ms
		Scripting: domain reloads=1, domain reload time=1234 ms, compile time=1212 ms, other=98 ms
		Project Asset Count: scripts=1480, non-scripts=2685
		Asset File Changes: new=0, changed=0, moved=0, deleted=0
		Scan Filter Count: 1
	InvokePackagesCallback: 16,972ms
	ApplyChangesToAssetFolders: 0,492ms
	Scan: 734,656ms
	Collect global state as custom dependencies: 23,645ms
	CategorizeScriptCompilationAssets: 60,039ms
	ProcessAssetsWithTransientArtifactChanges: 97,125ms
	CategorizeAssets: 118,580ms
	CompileScripts: 1212,324ms
	ImportOutOfDateAssets: 4261,275ms (4144,966ms without children)
		ReloadNativeAssets: 0,053ms
		UnloadImportedAssets: 1,942ms
		EnsureUptoDateAssetsAreRegisteredWithGuidPM: 0,922ms
		ImportSchedulerStart: 113,386ms
	PostProcessAllAssets: 76,409ms
		MonoPostProcessAllAssets: 76,129ms
			UniversalRenderPipelineGlobalSettingsPostprocessor.OnPostprocessAllAssets 24.818ms
			SyncVS.PostprocessSyncProject 23.035ms
			SpeedTree9Postprocessor.OnPostprocessAllAssets 2.753ms
			WindowAssetPostprocessingWatcher.OnPostprocessAllAssets 2.514ms
			EditModeScopePostprocessor.OnPostprocessAllAssets 1.350ms
			RenderPipelineGlobalSettingsPostprocessor.OnPostprocessAllAssets 0.867ms
			ShaderReflectionAssetPostProcessor.OnPostprocessAllAssets 0.807ms
			InputActionAssetPostprocessor.OnPostprocessAllAssets 0.422ms
			CinemachineSettings.OnPostprocessAllAssets 0.336ms
			ReferencedClipsPostProcessor.OnPostprocessAllAssets 0.310ms
			TerrainToolbarOverlayPostProcessor.OnPostprocessAllAssets 0.303ms
			ProjectSettingsPostprocessor.OnPostprocessAllAssets 0.294ms
			DomainReloadProcessor.OnPostprocessAllAssets 0.271ms
			AssetDatabaseCallbacks.OnPostprocessAllAssets 0.207ms
	UnloadStreamsBegin: 3,031ms
	PersistCurrentRevisions: 0,225ms
	GenerateScriptTypeHashes: 42,043ms
	GenerateScriptTypeSerializationHashes: 60,061ms
	Untracked: 1546,066ms

Application.AssetDatabase Initial Refresh End
Shader Hidden/ChartRasterizerHardware is not supported: GPU does not support conservative rasterization
AutoLocale: current locale expects 'C' but got 'ru_RU.UTF-8'Launched and connected shader compiler UnityShaderCompiler after 0.06 seconds
Shader Hidden/ChartRasterizerHardware is not supported: GPU does not support conservative rasterization
Scanning for USB devices : 3.751ms
Initializing Unity extensions:
UpdateMenuTitleForLanguage: 10
[MODES] ModeService[none].Initialize
[MODES] ModeService[none].LoadModes
[MODES] Loading mode Default (0) for mode-current-id-Titan test
Unloading 32 Unused Serialized files (Serialized files now loaded: 0)
Loaded scene 'Assets/Scenes/SampleScene.unity'
	Deserialize:            152.713 ms
	Integration:            326.631 ms
	Integration of assets:  2.275 ms
	Thread Wait Time:       -0.314 ms
	Total Operation Time:   481.305 ms
Unloading 7077 unused Assets / (8.6 MB). Loaded Objects now: 8798.
Memory consumption went from 255.4 MB to 246.8 MB.
Total: 27.634136 ms (FindLiveObjects: 1.311610 ms CreateObjectMapping: 4.582646 ms MarkObjects: 14.209445 ms  DeleteObjects: 7.527954 ms)

[LAYOUT] About to load UserSettings/Layouts/default-6000.dwlt, keepMainWindow=False
GLX Extensions: GLX_ARB_context_flush_control GLX_ARB_create_context GLX_ARB_create_context_no_error GLX_ARB_create_context_profile GLX_ARB_create_context_robustness GLX_ARB_fbconfig_float GLX_ARB_framebuffer_sRGB GLX_ARB_get_proc_address GLX_ARB_multisample GLX_EXT_buffer_age GLX_EXT_create_context_es2_profile GLX_EXT_create_context_es_profile GLX_EXT_fbconfig_packed_float GLX_EXT_framebuffer_sRGB GLX_EXT_no_config_context GLX_EXT_swap_control GLX_EXT_swap_control_tear GLX_EXT_texture_from_pixmap GLX_EXT_visual_info GLX_EXT_visual_rating GLX_MESA_copy_sub_buffer GLX_MESA_gl_interop GLX_MESA_query_renderer GLX_MESA_swap_control GLX_OML_sync_control GLX_SGIS_multisample GLX_SGIX_fbconfig GLX_SGIX_pbuffer GLX_SGIX_visual_select_group GLX_SGI_make_current_read GLX_SGI_video_sync 
GLX Extensions: GLX_ARB_context_flush_control GLX_ARB_create_context GLX_ARB_create_context_no_error GLX_ARB_create_context_profile GLX_ARB_create_context_robustness GLX_ARB_fbconfig_float GLX_ARB_framebuffer_sRGB GLX_ARB_get_proc_address GLX_ARB_multisample GLX_EXT_buffer_age GLX_EXT_create_context_es2_profile GLX_EXT_create_context_es_profile GLX_EXT_fbconfig_packed_float GLX_EXT_framebuffer_sRGB GLX_EXT_no_config_context GLX_EXT_swap_control GLX_EXT_swap_control_tear GLX_EXT_texture_from_pixmap GLX_EXT_visual_info GLX_EXT_visual_rating GLX_MESA_copy_sub_buffer GLX_MESA_gl_interop GLX_MESA_query_renderer GLX_MESA_swap_control GLX_OML_sync_control GLX_SGIS_multisample GLX_SGIX_fbconfig GLX_SGIX_pbuffer GLX_SGIX_visual_select_group GLX_SGI_make_current_read GLX_SGI_video_sync 
GLX Extensions: GLX_ARB_context_flush_control GLX_ARB_create_context GLX_ARB_create_context_no_error GLX_ARB_create_context_profile GLX_ARB_create_context_robustness GLX_ARB_fbconfig_float GLX_ARB_framebuffer_sRGB GLX_ARB_get_proc_address GLX_ARB_multisample GLX_EXT_buffer_age GLX_EXT_create_context_es2_profile GLX_EXT_create_context_es_profile GLX_EXT_fbconfig_packed_float GLX_EXT_framebuffer_sRGB GLX_EXT_no_config_context GLX_EXT_swap_control GLX_EXT_swap_control_tear GLX_EXT_texture_from_pixmap GLX_EXT_visual_info GLX_EXT_visual_rating GLX_MESA_copy_sub_buffer GLX_MESA_gl_interop GLX_MESA_query_renderer GLX_MESA_swap_control GLX_OML_sync_control GLX_SGIS_multisample GLX_SGIX_fbconfig GLX_SGIX_pbuffer GLX_SGIX_visual_select_group GLX_SGI_make_current_read GLX_SGI_video_sync 
GLX Extensions: GLX_ARB_context_flush_control GLX_ARB_create_context GLX_ARB_create_context_no_error GLX_ARB_create_context_profile GLX_ARB_create_context_robustness GLX_ARB_fbconfig_float GLX_ARB_framebuffer_sRGB GLX_ARB_get_proc_address GLX_ARB_multisample GLX_EXT_buffer_age GLX_EXT_create_context_es2_profile GLX_EXT_create_context_es_profile GLX_EXT_fbconfig_packed_float GLX_EXT_framebuffer_sRGB GLX_EXT_no_config_context GLX_EXT_swap_control GLX_EXT_swap_control_tear GLX_EXT_texture_from_pixmap GLX_EXT_visual_info GLX_EXT_visual_rating GLX_MESA_copy_sub_buffer GLX_MESA_gl_interop GLX_MESA_query_renderer GLX_MESA_swap_control GLX_OML_sync_control GLX_SGIS_multisample GLX_SGIX_fbconfig GLX_SGIX_pbuffer GLX_SGIX_visual_select_group GLX_SGI_make_current_read GLX_SGI_video_sync 
GLX Extensions: GLX_ARB_context_flush_control GLX_ARB_create_context GLX_ARB_create_context_no_error GLX_ARB_create_context_profile GLX_ARB_create_context_robustness GLX_ARB_fbconfig_float GLX_ARB_framebuffer_sRGB GLX_ARB_get_proc_address GLX_ARB_multisample GLX_EXT_buffer_age GLX_EXT_create_context_es2_profile GLX_EXT_create_context_es_profile GLX_EXT_fbconfig_packed_float GLX_EXT_framebuffer_sRGB GLX_EXT_no_config_context GLX_EXT_swap_control GLX_EXT_swap_control_tear GLX_EXT_texture_from_pixmap GLX_EXT_visual_info GLX_EXT_visual_rating GLX_MESA_copy_sub_buffer GLX_MESA_gl_interop GLX_MESA_query_renderer GLX_MESA_swap_control GLX_OML_sync_control GLX_SGIS_multisample GLX_SGIX_fbconfig GLX_SGIX_pbuffer GLX_SGIX_visual_select_group GLX_SGI_make_current_read GLX_SGI_video_sync 
GLX Extensions: GLX_ARB_context_flush_control GLX_ARB_create_context GLX_ARB_create_context_no_error GLX_ARB_create_context_profile GLX_ARB_create_context_robustness GLX_ARB_fbconfig_float GLX_ARB_framebuffer_sRGB GLX_ARB_get_proc_address GLX_ARB_multisample GLX_EXT_buffer_age GLX_EXT_create_context_es2_profile GLX_EXT_create_context_es_profile GLX_EXT_fbconfig_packed_float GLX_EXT_framebuffer_sRGB GLX_EXT_no_config_context GLX_EXT_swap_control GLX_EXT_swap_control_tear GLX_EXT_texture_from_pixmap GLX_EXT_visual_info GLX_EXT_visual_rating GLX_MESA_copy_sub_buffer GLX_MESA_gl_interop GLX_MESA_query_renderer GLX_MESA_swap_control GLX_OML_sync_control GLX_SGIS_multisample GLX_SGIX_fbconfig GLX_SGIX_pbuffer GLX_SGIX_visual_select_group GLX_SGI_make_current_read GLX_SGI_video_sync 
[LAYOUT] About to save layout /home/usio/Titan test/UserSettings/Layouts/default-6000.dwlt
[LAYOUT] About to save layout /home/usio/.config/unity3d/Preferences/Editor-5.x/Layouts/current/default-6000.dwlt
[MODES] ModeService[default].InitializeCurrentMode
[MODES] ModeService[default].RaiseModeChanged(default, default)
This project uses Input Manager, which is marked for deprecation. To manage input in your project, use the <a href="https://docs.unity3d.com/Packages/com.unity.inputsystem@latest">Input System package</a> instead.
[Project] Loading completed in 29.031 seconds
	Project init time: 				25.693 seconds
		Template init time: 		0.000 seconds
		Package Manager init time: 		0.582 seconds
		Asset Database init time: 		0.447 seconds
		Global illumination init time: 	0.006 seconds
		Assemblies load time: 			12.968 seconds
		Unity extensions init time: 	0.061 seconds
		Asset Database refresh time: 	8.174 seconds
	Scene opening time: 			2.839 seconds
##utp:{"type":"ProjectInfo","version":2,"phase":"Immediate","time":1787410744412,"processId":3988,"projectLoad":29.030878766,"projectInit":25.693223681,"templateInit":0.0,"packageManagerInit":0.582238071,"assetDatabaseInit":0.447103543,"globalIlluminationInit":0.006221668,"assembliesLoad":12.967779459,"unityExtensionsInit":0.060700091,"assetDatabaseRefresh":8.174177543,"sceneOpening":2.83871998}
##utp:{"type":"EditorInfo","version":2,"phase":"Immediate","time":1787410744413,"processId":3988,"editorVersion":"6000.5.8f1 (5cb7df797b7d)","branch":"6000.5/staging","buildType":"Release","platform":"Linux"}

Asset Pipeline Refresh (id=40ab1a81e1812292fb377fcd865f4169): Total: 0.451 seconds - Initiated by RefreshV2(AllowForceSynchronousImport)
	(Values over 0.05ms)
	Summary:
		Imports: total=0 (actual=0, local cache=0, cache server=0)
		Asset DB Process Time: managed=0 ms, native=449 ms
		Asset DB Callback time: managed=0 ms, native=1 ms
		Scripting: domain reloads=0, domain reload time=0 ms, compile time=0 ms, other=0 ms
		Project Asset Count: scripts=1480, non-scripts=2685
		Asset File Changes: new=0, changed=0, moved=0, deleted=0
		Scan Filter Count: 1
	InvokePackagesCallback: 1.352ms
	ApplyChangesToAssetFolders: 0.335ms
	Scan: 320.617ms
	Collect global state as custom dependencies: 0.420ms
	ProcessAssetsWithTransientArtifactChanges: 0.424ms
	CategorizeAssets: 47.958ms
	ImportOutOfDateAssets: 63.475ms (13.911ms without children)
		ReloadNativeAssets: 0.229ms
		UnloadImportedAssets: 0.140ms
		EnsureUptoDateAssetsAreRegisteredWithGuidPM: 0.770ms
		ImportSchedulerStart: 48.421ms
	GatherAllCurrentPrimaryImportResultRevisions: 0.453ms
	UnloadStreamsBegin: 3.140ms
	PersistCurrentRevisions: 0.251ms
	Untracked: 10.219ms

Worker ready: AssetImportWorkerHW0 0
Asset Pipeline Refresh (id=2896cec52272cdc448c570292c76b33c): Total: 0.157 seconds - Initiated by RefreshV2(ForceSynchronousImport)
Start Indexing on Editor startup
[Indexing] Starting Initial Indexing for Assets
[UnityConnectServicesConfig] Service configuration:
    "servicesConfigBaseUrl": "",
    "disableServicesWindow": false,
    "disableUserLogin": false,
    "entitlementCacheTimeoutInSeconds": 60,
    "clientConnectTimeoutSec": 60,
    "clientHandshakeTimeoutSec": 30,
    "clientResolveEntitlementsTimeoutSec": 30,
    "clientUpdateLicenseTimeoutSec": 30,
    "licensingServiceBaseUrl": "",
    "enableProxyAutoconfig": "false"

Created GICache directory at /home/usio/.cache/unity3d/GiCache. Took: 0.006s, timestamps: [29.507 - 29.513]
[Licensing::Client] Successfully resolved entitlement details
[Licensing::Client] Successfully resolved entitlement details
[Licensing::Client] Successfully resolved entitlement details
[Licensing::Client] Successfully resolved entitlement details
[Licensing::Client] Successfully updated the access token
[Licensing::Module] Successfully updated access token: "4CpiJxKo"... (expires: 2026-08-22T16:52:23Z)
Starting new worker id: 1 with log in /home/usio/Titan test/Logs/AssetImportWorkerHW1.log
[Worker0] Imported GUID: 853e3c953b5ac42f9a7f3837a1dc4483 - Path: Assets/Scripts/Classes/GroundNodeGraph.cs - Importer: ScriptedImporter/UnityEditor.QuickSearchModule:UnityEditor.Search:ASIAI0B -> (ImportResultId: '894b89df7924eb2e22ba74a9b6b928cb') in 0.135878545 seconds
Starting new worker id: 2 with log in /home/usio/Titan test/Logs/AssetImportWorkerHW2.log
[UnityConnectServicesConfig] Local config successfully read: "/usr/share/unity3d/config/services-config.json"
[UnityConnectServicesConfig] Service configuration:
    "servicesConfigBaseUrl": "",
    "disableServicesWindow": false,
    "disableUserLogin": false,
    "entitlementCacheTimeoutInSeconds": 60,
    "clientConnectTimeoutSec": 60,
    "clientHandshakeTimeoutSec": 30,
    "clientResolveEntitlementsTimeoutSec": 30,
    "clientUpdateLicenseTimeoutSec": 30,
    "licensingServiceBaseUrl": "",
    "enableProxyAutoconfig": "false"

[Worker0] Imported GUID: dc101b2d260b16cce8dccc2140e5aef7 - Path: Assets/Animations/Armature.controller - Importer: ScriptedImporter/UnityEditor.QuickSearchModule:UnityEditor.Search:ASIAI0B -> (ImportResultId: 'f24f28a0953e9d9e1911b207098b6a1c') in 0.026727493 seconds
[UnityConnectServicesConfig] Local config successfully read: "/usr/share/unity3d/config/services-config.json"
[UnityConnectServicesConfig] Service configuration:
    "servicesConfigBaseUrl": "",
    "disableServicesWindow": false,
    "disableUserLogin": false,
    "entitlementCacheTimeoutInSeconds": 60,
    "clientConnectTimeoutSec": 60,
    "clientHandshakeTimeoutSec": 30,
    "clientResolveEntitlementsTimeoutSec": 30,
    "clientUpdateLicenseTimeoutSec": 30,
    "licensingServiceBaseUrl": "",
    "enableProxyAutoconfig": "false"

[Worker0] Imported GUID: 54e836be02d74330a9f9b219a68d8765 - Path: Assets/Scripts/ClimableSurface.cs - Importer: ScriptedImporter/UnityEditor.QuickSearchModule:UnityEditor.Search:ASIAI0B -> (ImportResultId: 'cc783d82c854d9c3af50cfc5eb7c0157') in 0.012502496 seconds
[Worker0] Imported GUID: 99c9720ab356a0642a771bea13969a05 - Path: Assets/Scenes/SampleScene.unity - Importer: ScriptedImporter/UnityEditor.QuickSearchModule:UnityEditor.Search:ASIAI0B -> (ImportResultId: 'b2b26df1165e46d850b8e28a1c4b9ee1') in 0.039628251 seconds
[Worker0] Imported GUID: 3c8e6d81bd943d957b14de5b163ed955 - Path: Assets/Scripts/EnemyScripts/EnemyClimbController.cs - Importer: ScriptedImporter/UnityEditor.QuickSearchModule:UnityEditor.Search:ASIAI0B -> (ImportResultId: '7f2711b2acbf9042b97bb1b99a07b7d9') in 0.014430278 seconds
[Worker0] Imported GUID: 39c69d7ca33a47156b8fa4fd9322f3ce - Path: Assets/Scripts/EnemyScripts/EnemyGroundNavigator.cs - Importer: ScriptedImporter/UnityEditor.QuickSearchModule:UnityEditor.Search:ASIAI0B -> (ImportResultId: '9d6ae2b7a0e6db2d97049720dc3f89e9') in 0.018823822 seconds
[Worker0] Imported GUID: 00ad3e99f7e0bbeb49fdaf2dd89de772 - Path: Assets/Scripts/GroundGraphBaker.cs - Importer: ScriptedImporter/UnityEditor.QuickSearchModule:UnityEditor.Search:ASIAI0B -> (ImportResultId: '6a3843a37aaa68ab8777afc3013f7093') in 0.01347445 seconds
[Worker0] Imported GUID: 26f3a2fac190ad19d96edf1c184cea9a - Path: Assets/Scripts/EnemyScripts/ClimbEntryPointRegestry.cs - Importer: ScriptedImporter/UnityEditor.QuickSearchModule:UnityEditor.Search:ASIAI0B -> (ImportResultId: '47486bff0d5b49443edd8aca1982e65e') in 0.013819899 seconds
[Worker0] Imported GUID: 6a26e64809bf71faaade56e6aea9226b - Path: Assets/Scripts/PlayerClimbController.cs - Importer: ScriptedImporter/UnityEditor.QuickSearchModule:UnityEditor.Search:ASIAI0B -> (ImportResultId: '723049495d2d9a21fc9d5647205c1850') in 0.011950303 seconds
[Licensing::Client] Successfully resolved entitlement details
UPID Received '18cbc4e7-70df-42fb-8c35-eb512f3569bc'.
Worker ready: AssetImportWorkerHW1 1
Worker ready: AssetImportWorkerHW2 2
Request Asset Garbage Collect because used heap size increased from 247.2 MB to 0.54 GB, exceeding the threshold of 256.0 MB.
Unloading 16 Unused Serialized files (Serialized files now loaded: 0)
Unloading 40 unused Assets / (81.5 KB). Loaded Objects now: 9838.
Memory consumption went from 0.54 GB to 0.54 GB.
Total: 77.849586 ms (FindLiveObjects: 1.637779 ms CreateObjectMapping: 1.693052 ms MarkObjects: 73.865388 ms  DeleteObjects: 0.651416 ms)

Ground graph baked. Nodes: 8625
UnityEngine.Debug:ExtractStackTraceNoAlloc (byte*,int,string)
UnityEngine.StackTraceUtility:ExtractStackTrace () (at /home/bokken/build/output/unity/unity/Runtime/Export/Scripting/StackTrace.cs:35)
UnityEngine.DebugLogHandler:Internal_Log (UnityEngine.LogType,UnityEngine.LogOption,string,UnityEngine.Object)
UnityEngine.DebugLogHandler:LogFormat (UnityEngine.LogType,UnityEngine.Object,string,object[])
UnityEngine.Logger:Log (UnityEngine.LogType,object,UnityEngine.Object)
UnityEngine.Debug:Log (object,UnityEngine.Object)
GroundGraphBaker:Bake () (at Assets/Scripts/GroundGraphBaker.cs:51)
GroundGraphBakerEditor:OnInspectorGUI () (at Assets/Scripts/Editor/GroundGraphBakerEditor.cs:20)
UnityEditor.UIElements.InspectorElement/<>c__DisplayClass85_0:<CreateInspectorElementUsingIMGUI>b__2 () (at /home/bokken/build/output/unity/unity/Editor/Mono/UIElements/Inspector/InspectorElement.cs:834)
UnityEngine.UIElements.IMGUIContainer:DoOnGUI (UnityEngine.Event,UnityEngine.Matrix4x4,UnityEngine.Rect,bool,UnityEngine.Rect,System.Action,bool) (at /home/bokken/build/output/unity/unity/Modules/UIElements/Core/IMGUIContainer.cs:380)
UnityEngine.UIElements.IMGUIContainer:HandleIMGUIEvent (UnityEngine.Event,UnityEngine.Matrix4x4,UnityEngine.Rect,System.Action,bool) (at /home/bokken/build/output/unity/unity/Modules/UIElements/Core/IMGUIContainer.cs:705)
UnityEngine.UIElements.IMGUIContainer:HandleIMGUIEvent (UnityEngine.Event,System.Action,bool) (at /home/bokken/build/output/unity/unity/Modules/UIElements/Core/IMGUIContainer.cs:675)
UnityEngine.UIElements.IMGUIContainer:HandleIMGUIEvent (UnityEngine.Event,bool) (at /home/bokken/build/output/unity/unity/Modules/UIElements/Core/IMGUIContainer.cs:668)
UnityEngine.UIElements.IMGUIContainer:SendEventToIMGUIRaw (UnityEngine.UIElements.EventBase,bool,bool) (at /home/bokken/build/output/unity/unity/Modules/UIElements/Core/IMGUIContainer.cs:628)
UnityEngine.UIElements.IMGUIContainer:SendEventToIMGUI (UnityEngine.UIElements.EventBase,bool,bool) (at /home/bokken/build/output/unity/unity/Modules/UIElements/Core/IMGUIContainer.cs:617)
UnityEngine.UIElements.IMGUIContainer:HandleEventBubbleUp (UnityEngine.UIElements.EventBase) (at /home/bokken/build/output/unity/unity/Modules/UIElements/Core/IMGUIContainer.cs:769)
UnityEngine.UIElements.EventDispatchUtilities:HandleEventAcrossPropagationPathWithCompatibilityEvent (UnityEngine.UIElements.EventBase,UnityEngine.UIElements.EventBase,UnityEngine.UIElements.BaseVisualElementPanel,UnityEngine.UIElements.VisualElement,bool) (at /home/bokken/build/output/unity/unity/Modules/UIElements/Core/Events/EventDispatchUtilities.cs:325)
UnityEngine.UIElements.EventDispatchUtilities:DispatchToCapturingElementOrElementUnderPointer (UnityEngine.UIElements.EventBase,UnityEngine.UIElements.BaseVisualElementPanel,int,UnityEngine.Vector2) (at /home/bokken/build/output/unity/unity/Modules/UIElements/Core/Events/EventDispatchUtilities.cs:566)
UnityEngine.UIElements.PointerUpEvent:Dispatch (UnityEngine.UIElements.BaseVisualElementPanel) (at /home/bokken/build/output/unity/unity/Modules/UIElements/Core/Events/PointerEvents.cs:1657)
UnityEngine.UIElements.EventDispatcher:ProcessEvent (UnityEngine.UIElements.EventBase,UnityEngine.UIElements.BaseVisualElementPanel) (at /home/bokken/build/output/unity/unity/Modules/UIElements/Core/EventDispatcher.cs:420)
UnityEngine.UIElements.EventDispatcher:Dispatch (UnityEngine.UIElements.EventBase,UnityEngine.UIElements.BaseVisualElementPanel,UnityEngine.UIElements.DispatchMode) (at /home/bokken/build/output/unity/unity/Modules/UIElements/Core/EventDispatcher.cs:216)
UnityEngine.UIElements.BaseVisualElementPanel:SendEvent (UnityEngine.UIElements.EventBase,UnityEngine.UIElements.DispatchMode) (at /home/bokken/build/output/unity/unity/Modules/UIElements/Core/Panel.cs:723)
UnityEditor.UIElements.EditorEventDispatchUtility:DoDispatch (UnityEngine.UIElements.BaseVisualElementPanel,UnityEngine.Event) (at /home/bokken/build/output/unity/unity/Modules/UIElementsEditor/EditorEventDispatchUtility.cs:89)
UnityEditor.UIElements.DefaultWindowBackend:ProcessEvent (UnityEngine.Event) (at /home/bokken/build/output/unity/unity/Modules/UIElementsEditor/WindowBackends/DefaultWindowBackend.cs:114)
UnityEditor.GUIView:ProcessEvent (UnityEngine.EntityId,intptr,bool&) (at /home/bokken/build/output/unity/unity/Editor/Mono/GUIView.cs:70)

(Filename: Assets/Scripts/GroundGraphBaker.cs Line: 51)


(Unity:3988): IBUS-WARNING **: 17:59:35.113: Unable to connect to ibus: Could not connect: Connection refused

Asset Pipeline Refresh (id=fb26d7c3af2c037fc9700b36e4ce9aa9): Total: 7.381 seconds - Initiated by RefreshV2(AllowForceSynchronousImport)
	(Values over 0.05ms)
	Summary:
		Imports: total=0 (actual=0, local cache=0, cache server=0)
		Asset DB Process Time: managed=0 ms, native=7186 ms
		Asset DB Callback time: managed=0 ms, native=194 ms
		Scripting: domain reloads=0, domain reload time=0 ms, compile time=0 ms, other=0 ms
		Project Asset Count: scripts=1480, non-scripts=2685
		Asset File Changes: new=0, changed=0, moved=0, deleted=0
		Scan Filter Count: 1
	InvokePackagesCallback: 210.980ms
	ApplyChangesToAssetFolders: 0.761ms
	Scan: 7056.649ms
	Collect global state as custom dependencies: 1.619ms
	GatherAllCurrentPrimaryImportResultRevisions: 42.537ms
	UnloadStreamsBegin: 4.798ms
	UnloadStreamsEnd: 0.209ms
	Untracked: 63.459ms

TrimDiskCacheJob: Current cache size 0mb
[ScriptCompilation] Requested script compilation because: AssetDatabase observed changes in script compilation related files
AssetDatabase: script compilation time: 0.017234s
[Licensing::Client] Successfully resolved entitlement details
[Licensing::Module] License group:
  Id: F4-M77M-HXW8-HJ67-XE8W-XXXX
  Product: Unity Personal
  Type: ULF
  Expiration: Unlimited
[Licensing::Module] License group:
  Id: 10170777712478-UnityPersXXXX
  Product: Unity Personal
  Type: Assigned
  Expiration: Unlimited
info: Microsoft.AspNetCore.Hosting.Diagnostics[1]
      Request starting HTTP/2 POST http://ilpp/UnityILPP.PostProcessing/Ping - application/grpc -
info: Microsoft.AspNetCore.Routing.EndpointMiddleware[0]
      Executing endpoint 'gRPC - /UnityILPP.PostProcessing/Ping'
info: Microsoft.AspNetCore.Routing.EndpointMiddleware[1]
      Executed endpoint 'gRPC - /UnityILPP.PostProcessing/Ping'
info: Microsoft.AspNetCore.Hosting.Diagnostics[2]
      Request finished HTTP/2 POST http://ilpp/UnityILPP.PostProcessing/Ping - 200 - application/grpc 27.4030ms
Starting: /home/usio/Unity/Hub/Editor/6000.5.8f1/Data/Tools/BuildPipeline/bee_backend --ipc --defer-dag-verification --dagfile="Library/Bee/2400b0aE.dag" --continue-on-failure --profile="Library/Bee/backend1.traceevents" ScriptAssemblies
WorkingDir: /home/usio/Titan test
info: Microsoft.AspNetCore.Hosting.Diagnostics[1]
      Request starting HTTP/2 POST http://ilpp/UnityILPP.PostProcessing/ConfigurePostProcessors - application/grpc -
info: Microsoft.AspNetCore.Routing.EndpointMiddleware[0]
      Executing endpoint 'gRPC - /UnityILPP.PostProcessing/ConfigurePostProcessors'
info: Unity.ILPP.Runner.PostProcessingAssemblyLoadContext[0]
      Current configuration matches the requested one, skipping
info: Microsoft.AspNetCore.Routing.EndpointMiddleware[1]
      Executed endpoint 'gRPC - /UnityILPP.PostProcessing/ConfigurePostProcessors'
info: Microsoft.AspNetCore.Hosting.Diagnostics[2]
      Request finished HTTP/2 POST http://ilpp/UnityILPP.PostProcessing/ConfigurePostProcessors - 200 - application/grpc 9.4448ms
info: Microsoft.AspNetCore.Hosting.Diagnostics[1]
      Request starting HTTP/2 POST http://ilpp/UnityILPP.PostProcessing/PostProcessAssembly - application/grpc -
info: Microsoft.AspNetCore.Routing.EndpointMiddleware[0]
      Executing endpoint 'gRPC - /UnityILPP.PostProcessing/PostProcessAssembly'
info: Microsoft.AspNetCore.Hosting.Diagnostics[1]
      Request starting HTTP/2 POST http://ilpp/UnityILPP.PostProcessing/PostProcessAssembly - application/grpc -
info: Microsoft.AspNetCore.Routing.EndpointMiddleware[0]
      Executing endpoint 'gRPC - /UnityILPP.PostProcessing/PostProcessAssembly'
info: Unity.ILPP.Runner.PostProcessingPipeline[0]
      Processing assembly Library/Bee/artifacts/2400b0aE.dag/Assembly-CSharp-Editor.dll, with 132 defines and 368 references
info: Unity.ILPP.Runner.PostProcessingPipeline[0]
      Processing assembly Library/Bee/artifacts/2400b0aE.dag/Assembly-CSharp.dll, with 134 defines and 344 references
info: Unity.ILPP.Runner.PostProcessingPipeline[0]
      processors: Unity.Jobs.CodeGen.JobsILPostProcessor, zzzUnity.Burst.CodeGen.BurstILPostProcessor
info: Unity.ILPP.Runner.PostProcessingPipeline[0]
      processors: Unity.Jobs.CodeGen.JobsILPostProcessor, zzzUnity.Burst.CodeGen.BurstILPostProcessor
info: Unity.ILPP.Runner.PostProcessingPipeline[0]
      running Unity.Jobs.CodeGen.JobsILPostProcessor
info: Unity.ILPP.Runner.PostProcessingPipeline[0]
      running Unity.Jobs.CodeGen.JobsILPostProcessor
info: Unity.ILPP.Runner.PostProcessingAssemblyLoadContext[0]
      Resolved Unity.Collections, Version=0.0.0.0, Culture=neutral, PublicKeyToken=null with Library/Bee/artifacts/2400b0aE.dag/Unity.Collections.dll
info: Unity.ILPP.Runner.PostProcessingAssemblyLoadContext[0]
      Resolved UnityEditor.CoreModule, Version=0.0.0.0, Culture=neutral, PublicKeyToken=null with /home/usio/Unity/Hub/Editor/6000.5.8f1/Data/Managed/UnityEngine/UnityEditor.CoreModule.dll
info: Unity.ILPP.Runner.PostProcessingAssemblyLoadContext[0]
      Resolved UnityEngine.CoreModule, Version=0.0.0.0, Culture=neutral, PublicKeyToken=null with /home/usio/Unity/Hub/Editor/6000.5.8f1/Data/Managed/UnityEngine/UnityEngine.CoreModule.dll
info: Unity.ILPP.Runner.PostProcessingAssemblyLoadContext[0]
      Resolved Unity.Scripting, Version=0.0.0.0, Culture=neutral, PublicKeyToken=null with /home/usio/Unity/Hub/Editor/6000.5.8f1/Data/Managed/UnityEngine/Unity.Scripting.dll
info: Unity.ILPP.Runner.PostProcessingPipeline[0]
      running zzzUnity.Burst.CodeGen.BurstILPostProcessor
info: Unity.ILPP.Runner.PostProcessingPipeline[0]
      running zzzUnity.Burst.CodeGen.BurstILPostProcessor
info: Unity.ILPP.Runner.PostProcessingAssemblyLoadContext[0]
      Resolved Unity.Burst.Cecil.Rocks, Version=0.11.6.0, Culture=neutral, PublicKeyToken=50cebf1cceb9d05e with Library/PackageCache/com.unity.burst@2f3d916873ea/Unity.Burst.CodeGen/Unity.Burst.Cecil.Rocks.dll
info: Microsoft.AspNetCore.Routing.EndpointMiddleware[1]
      Executed endpoint 'gRPC - /UnityILPP.PostProcessing/PostProcessAssembly'
info: Microsoft.AspNetCore.Routing.EndpointMiddleware[1]
      Executed endpoint 'gRPC - /UnityILPP.PostProcessing/PostProcessAssembly'
info: Microsoft.AspNetCore.Hosting.Diagnostics[2]
      Request finished HTTP/2 POST http://ilpp/UnityILPP.PostProcessing/PostProcessAssembly - 200 - application/grpc 1095.3941ms
info: Microsoft.AspNetCore.Hosting.Diagnostics[2]
      Request finished HTTP/2 POST http://ilpp/UnityILPP.PostProcessing/PostProcessAssembly - 200 - application/grpc 1094.5319ms
ExitCode: 0 Duration: 6s548ms
[715/937    0s] ILPP-Configuration Library/ilpp-configuration.nevergeneratedoutput
[929/937    5s] Csc Library/Bee/artifacts/2400b0aE.dag/Assembly-CSharp.dll (+2 others)
[931/937    1s] ILPostProcess Library/Bee/artifacts/2400b0aE.dag/post-processed/Assembly-CSharp.dll (+pdb)
Processing assembly Library/Bee/artifacts/2400b0aE.dag/Assembly-CSharp.dll, with 134 defines and 344 references
processors: Unity.Jobs.CodeGen.JobsILPostProcessor, zzzUnity.Burst.CodeGen.BurstILPostProcessor
running Unity.Jobs.CodeGen.JobsILPostProcessor
running zzzUnity.Burst.CodeGen.BurstILPostProcessor
[932/937    1s] ILPostProcess Library/Bee/artifacts/2400b0aE.dag/post-processed/Assembly-CSharp-Editor.dll (+pdb)
Processing assembly Library/Bee/artifacts/2400b0aE.dag/Assembly-CSharp-Editor.dll, with 132 defines and 368 references
processors: Unity.Jobs.CodeGen.JobsILPostProcessor, zzzUnity.Burst.CodeGen.BurstILPostProcessor
running Unity.Jobs.CodeGen.JobsILPostProcessor
running zzzUnity.Burst.CodeGen.BurstILPostProcessor
[935/937    0s] CopyFiles Library/ScriptAssemblies/Assembly-CSharp.dll
[936/937    0s] CopyFiles Library/ScriptAssemblies/Assembly-CSharp.pdb
*** Tundra build success (6.44 seconds), 6 items updated, 937 evaluated
Total cache size 172573348
Reloading assemblies after forced synchronous recompile.
Total cache size after purge 172573348, took 00:00:01.0932848
Begin MonoManager ReloadAssembly
Assembly reference Packages/com.unity.cinemachine/Editor/Samples/ExposeHDRPInternals/HDRP-Editor-ref.asmref has no target assembly definition
Refreshing native plugins compatible for Editor in 7.51 ms, found 0 plugins.
Native extension for LinuxStandalone target not found
[MODES] ModeService[none].Initialize
[MODES] ModeService[none].LoadModes
ScheduleIndexationOnStartup MainProcess:True IndexOnStartup:True
Mono: successfully reloaded assembly
- Finished resetting the current domain, in  2.874 seconds
Domain Reload Profiling: 16410ms
	BeginReloadAssembly (12276ms)
		ExecutionOrderSort (254ms)
		DisableScriptedObjects (5789ms)
		CreateAndSetChildDomain (2806ms)
	RebuildCommonClasses (11ms)
	RebuildNativeTypeToScriptingClass (9ms)
	initialDomainReloadingComplete (202ms)
	LoadAllAssembliesAndSetupDomain (1036ms)
		LoadAssemblies (584ms)
		AnalyzeDomain (451ms)
			TypeCache.Refresh (55ms)
			BuildScriptInfoCaches (328ms)
			ResolveRequiredComponents (50ms)
	FinalizeReload (2876ms)
		SetupLoadedEditorAssemblies (0ms)
			InitializePlatformSupportModulesInManaged (3ms)
			BeforeProcessingInitializeOnLoad (545ms)
			ProcessInitializeOnLoadAttributes (694ms)
			ProcessInitializeOnLoadMethodAttributes (196ms)
			AfterProcessingInitializeOnLoad (5ms)
		AwakeInstancesAfterBackupRestoration (598ms)

Asset Pipeline Refresh (id=5b697b7f6a2d14ac889472f49c9491de): Total: 29.430 seconds - Initiated by RefreshV2(AllowForceSynchronousImport)
	(Values over 0.05ms)
	Summary:
		Imports: total=0 (actual=0, local cache=0, cache server=0)
		Asset DB Process Time: managed=0 ms, native=6649 ms
		Asset DB Callback time: managed=376 ms, native=17 ms
		Scripting: domain reloads=1, domain reload time=14396 ms, compile time=7989 ms, other=0 ms
		Project Asset Count: scripts=1480, non-scripts=2685
		Asset File Changes: new=0, changed=1, moved=0, deleted=0
		Scan Filter Count: 1
	InvokeCustomDependenciesCallbacks: 0.172ms
	InvokePackagesCallback: 3.889ms
	ApplyChangesToAssetFolders: 3.960ms
	Scan: 1492.995ms
	Collect global state as custom dependencies: 16.261ms
	OnSourceAssetsModified: 36.530ms
	CategorizeScriptCompilationAssets: 1.394ms
	ProcessAssetsWithTransientArtifactChanges: 32.662ms
	CategorizeAssets: 280.704ms
	CompileScripts: 7988.917ms
	ImportOutOfDateAssets: 3047.127ms (2942.152ms without children)
		CollectScriptTypesHashes: 106.786ms
		ReloadNativeAssets: 1.101ms
		UnloadImportedAssets: 9.924ms
		EnsureUptoDateAssetsAreRegisteredWithGuidPM: 1.625ms
		ImportSchedulerStart: 91.920ms
	PostProcessAllAssets: 350.611ms
		PostProcessCallbackCreateDeferredMaterials 1.768ms
		XRBuildSystem.XRAssetImported 1.273ms
		ShaderAssetModifiedCallback 0.327ms
		ObjectImages.AssetImported 0.051ms
		MonoPostProcessAllAssets: 344.708ms
			AssetPostprocessor.OnPostprocessAllAssets 246.870ms
			BuilderAssetPostprocessor.OnPostprocessAllAssets 22.728ms
			UniversalRenderPipelineGlobalSettingsPostprocessor.OnPostprocessAllAssets 10.741ms
			SyncVS.PostprocessSyncProject 7.914ms
			AssetChangedListener.OnPostprocessAllAssets 6.081ms
			WindowAssetPostprocessingWatcher.OnPostprocessAllAssets 4.009ms
			EditModeScopePostprocessor.OnPostprocessAllAssets 2.101ms
			SpeedTree9Postprocessor.OnPostprocessAllAssets 1.972ms
			ShaderGraphAssetPostProcessor.OnPostprocessAllAssets 1.473ms
			ArtifactBrowserPostProcessor.OnPostprocessAllAssets 1.429ms
			RetainedModeAssetPostprocessor.OnPostprocessAllAssets 1.323ms
			TMPro_TexturePostProcessor.OnPostprocessAllAssets 1.191ms
			ProjectSettingsPostprocessor.OnPostprocessAllAssets 0.824ms
			UVCSAssetPostprocessor.OnPostprocessAllAssets 0.778ms
			MaterialPostprocessor.OnPostprocessAllAssets 0.757ms
			AudioMixerPostprocessor.OnPostprocessAllAssets 0.689ms
			CinemachineSettings.OnPostprocessAllAssets 0.682ms
			RenderPipelineGlobalSettingsPostprocessor.OnPostprocessAllAssets 0.672ms
			SampleDependencyImporterPostProcessor.OnPostprocessAllAssets 0.592ms
			ReferencedClipsPostProcessor.OnPostprocessAllAssets 0.585ms
			StyleCatalogPostProcessor.OnPostprocessAllAssets 0.575ms
			AssetEvents.OnPostprocessAllAssets 0.487ms
			DomainReloadProcessor.OnPostprocessAllAssets 0.405ms
			TextAssetPostProcessor.OnPostprocessAllAssets 0.343ms
			InputActionAssetPostprocessor.OnPostprocessAllAssets 0.315ms
			AssetDatabaseCallbacks.OnPostprocessAllAssets 0.314ms
			ConfigAssetsTracker.OnPostprocessAllAssets 0.311ms
			ShaderReflectionAssetPostProcessor.OnPostprocessAllAssets 0.303ms
			InputActionJsonNameModifierAssetProcessor.OnPostprocessAllAssets 0.273ms
			ScenarioDriftAssetsTracker.OnPostprocessAllAssets 0.272ms
			PostProcessor.OnPostprocessAllAssets 0.270ms
			AssetReloadNotifier.OnPostprocessAllAssets 0.240ms
			AudioContainerPostProcessor.OnPostprocessAllAssets 0.171ms
			SpeedTreePostProcessor.OnPostprocessAllAssets 0.168ms
			TerrainToolbarOverlayPostProcessor.OnPostprocessAllAssets 0.149ms
			SamplePostprocessor.OnPostprocessAllAssets 0.121ms
	PostAssetChangesProfiler: 4.471ms
	GatherAllCurrentPrimaryImportResultRevisions: 11.050ms
	UnloadStreamsBegin: 7.174ms
	PersistCurrentRevisions: 0.430ms
	GenerateScriptTypeHashes: 30.694ms
	GenerateScriptTypeSerializationHashes: 51.949ms
	Untracked: 16036.053ms

[Licensing::Client] Successfully resolved entitlement details
[Licensing::Client] Successfully resolved entitlement details
[Licensing::Client] Successfully resolved entitlement details
Ground graph baked. Nodes: 6786
UnityEngine.Debug:ExtractStackTraceNoAlloc (byte*,int,string)
UnityEngine.StackTraceUtility:ExtractStackTrace () (at /home/bokken/build/output/unity/unity/Runtime/Export/Scripting/StackTrace.cs:35)
UnityEngine.DebugLogHandler:Internal_Log (UnityEngine.LogType,UnityEngine.LogOption,string,UnityEngine.Object)
UnityEngine.DebugLogHandler:LogFormat (UnityEngine.LogType,UnityEngine.Object,string,object[])
UnityEngine.Logger:Log (UnityEngine.LogType,object,UnityEngine.Object)
UnityEngine.Debug:Log (object,UnityEngine.Object)
GroundGraphBaker:Bake () (at Assets/Scripts/GroundGraphBaker.cs:58)
GroundGraphBakerEditor:OnInspectorGUI () (at Assets/Scripts/Editor/GroundGraphBakerEditor.cs:20)
UnityEditor.UIElements.InspectorElement/<>c__DisplayClass85_0:<CreateInspectorElementUsingIMGUI>b__2 () (at /home/bokken/build/output/unity/unity/Editor/Mono/UIElements/Inspector/InspectorElement.cs:834)
UnityEngine.UIElements.IMGUIContainer:DoOnGUI (UnityEngine.Event,UnityEngine.Matrix4x4,UnityEngine.Rect,bool,UnityEngine.Rect,System.Action,bool) (at /home/bokken/build/output/unity/unity/Modules/UIElements/Core/IMGUIContainer.cs:380)
UnityEngine.UIElements.IMGUIContainer:HandleIMGUIEvent (UnityEngine.Event,UnityEngine.Matrix4x4,UnityEngine.Rect,System.Action,bool) (at /home/bokken/build/output/unity/unity/Modules/UIElements/Core/IMGUIContainer.cs:705)
UnityEngine.UIElements.IMGUIContainer:HandleIMGUIEvent (UnityEngine.Event,System.Action,bool) (at /home/bokken/build/output/unity/unity/Modules/UIElements/Core/IMGUIContainer.cs:675)
UnityEngine.UIElements.IMGUIContainer:HandleIMGUIEvent (UnityEngine.Event,bool) (at /home/bokken/build/output/unity/unity/Modules/UIElements/Core/IMGUIContainer.cs:668)
UnityEngine.UIElements.IMGUIContainer:SendEventToIMGUIRaw (UnityEngine.UIElements.EventBase,bool,bool) (at /home/bokken/build/output/unity/unity/Modules/UIElements/Core/IMGUIContainer.cs:628)
UnityEngine.UIElements.IMGUIContainer:SendEventToIMGUI (UnityEngine.UIElements.EventBase,bool,bool) (at /home/bokken/build/output/unity/unity/Modules/UIElements/Core/IMGUIContainer.cs:617)
UnityEngine.UIElements.IMGUIContainer:HandleEventBubbleUp (UnityEngine.UIElements.EventBase) (at /home/bokken/build/output/unity/unity/Modules/UIElements/Core/IMGUIContainer.cs:769)
UnityEngine.UIElements.EventDispatchUtilities:HandleEventAcrossPropagationPathWithCompatibilityEvent (UnityEngine.UIElements.EventBase,UnityEngine.UIElements.EventBase,UnityEngine.UIElements.BaseVisualElementPanel,UnityEngine.UIElements.VisualElement,bool) (at /home/bokken/build/output/unity/unity/Modules/UIElements/Core/Events/EventDispatchUtilities.cs:325)
UnityEngine.UIElements.EventDispatchUtilities:DispatchToCapturingElementOrElementUnderPointer (UnityEngine.UIElements.EventBase,UnityEngine.UIElements.BaseVisualElementPanel,int,UnityEngine.Vector2) (at /home/bokken/build/output/unity/unity/Modules/UIElements/Core/Events/EventDispatchUtilities.cs:566)
UnityEngine.UIElements.PointerUpEvent:Dispatch (UnityEngine.UIElements.BaseVisualElementPanel) (at /home/bokken/build/output/unity/unity/Modules/UIElements/Core/Events/PointerEvents.cs:1657)
UnityEngine.UIElements.EventDispatcher:ProcessEvent (UnityEngine.UIElements.EventBase,UnityEngine.UIElements.BaseVisualElementPanel) (at /home/bokken/build/output/unity/unity/Modules/UIElements/Core/EventDispatcher.cs:420)
UnityEngine.UIElements.EventDispatcher:Dispatch (UnityEngine.UIElements.EventBase,UnityEngine.UIElements.BaseVisualElementPanel,UnityEngine.UIElements.DispatchMode) (at /home/bokken/build/output/unity/unity/Modules/UIElements/Core/EventDispatcher.cs:216)
UnityEngine.UIElements.BaseVisualElementPanel:SendEvent (UnityEngine.UIElements.EventBase,UnityEngine.UIElements.DispatchMode) (at /home/bokken/build/output/unity/unity/Modules/UIElements/Core/Panel.cs:723)
UnityEditor.UIElements.EditorEventDispatchUtility:DoDispatch (UnityEngine.UIElements.BaseVisualElementPanel,UnityEngine.Event) (at /home/bokken/build/output/unity/unity/Modules/UIElementsEditor/EditorEventDispatchUtility.cs:89)
UnityEditor.UIElements.DefaultWindowBackend:ProcessEvent (UnityEngine.Event) (at /home/bokken/build/output/unity/unity/Modules/UIElementsEditor/WindowBackends/DefaultWindowBackend.cs:114)
UnityEditor.GUIView:ProcessEvent (UnityEngine.EntityId,intptr,bool&) (at /home/bokken/build/output/unity/unity/Editor/Mono/GUIView.cs:70)

(Filename: Assets/Scripts/GroundGraphBaker.cs Line: 58)

Asset Pipeline Refresh (id=8a490eed8bb56bc498fbac591f80e89d): Total: 0.265 seconds - Initiated by RefreshV2(AllowForceSynchronousImport)
Asset Pipeline Refresh (id=0329d9b14281055cd830bed4a59adee6): Total: 0.273 seconds - Initiated by RefreshV2(AllowForceSynchronousImport)
Asset Pipeline Refresh (id=50c0f66eb8e056a298f97b7c9c07cdf0): Total: 0.194 seconds - Initiated by RefreshV2(AllowForceSynchronousImport)
[ScriptCompilation] Requested script compilation because: AssetDatabase observed changes in script compilation related files
[Licensing::Client] Successfully resolved entitlement details
[Licensing::Module] License group:
  Id: F4-M77M-HXW8-HJ67-XE8W-XXXX
  Product: Unity Personal
  Type: ULF
  Expiration: Unlimited
[Licensing::Module] License group:
  Id: 10170777712478-UnityPersXXXX
  Product: Unity Personal
  Type: Assigned
  Expiration: Unlimited
info: Microsoft.AspNetCore.Hosting.Diagnostics[1]
      Request starting HTTP/2 POST http://ilpp/UnityILPP.PostProcessing/Ping - application/grpc -
info: Microsoft.AspNetCore.Routing.EndpointMiddleware[0]
      Executing endpoint 'gRPC - /UnityILPP.PostProcessing/Ping'
info: Microsoft.AspNetCore.Routing.EndpointMiddleware[1]
      Executed endpoint 'gRPC - /UnityILPP.PostProcessing/Ping'
info: Microsoft.AspNetCore.Hosting.Diagnostics[2]
      Request finished HTTP/2 POST http://ilpp/UnityILPP.PostProcessing/Ping - 200 - application/grpc 21.6934ms
Starting: /home/usio/Unity/Hub/Editor/6000.5.8f1/Data/Tools/BuildPipeline/bee_backend --ipc --defer-dag-verification --dagfile="Library/Bee/2400b0aE.dag" --continue-on-failure --profile="Library/Bee/backend1.traceevents" ScriptAssemblies
WorkingDir: /home/usio/Titan test
info: Microsoft.AspNetCore.Hosting.Diagnostics[1]
      Request starting HTTP/2 POST http://ilpp/UnityILPP.PostProcessing/ConfigurePostProcessors - application/grpc -
info: Microsoft.AspNetCore.Routing.EndpointMiddleware[0]
      Executing endpoint 'gRPC - /UnityILPP.PostProcessing/ConfigurePostProcessors'
info: Unity.ILPP.Runner.PostProcessingAssemblyLoadContext[0]
      Current configuration matches the requested one, skipping
info: Microsoft.AspNetCore.Routing.EndpointMiddleware[1]
      Executed endpoint 'gRPC - /UnityILPP.PostProcessing/ConfigurePostProcessors'
info: Microsoft.AspNetCore.Hosting.Diagnostics[2]
      Request finished HTTP/2 POST http://ilpp/UnityILPP.PostProcessing/ConfigurePostProcessors - 200 - application/grpc 7.3057ms
info: Microsoft.AspNetCore.Hosting.Diagnostics[1]
      Request starting HTTP/2 POST http://ilpp/UnityILPP.PostProcessing/PostProcessAssembly - application/grpc -
info: Microsoft.AspNetCore.Routing.EndpointMiddleware[0]
      Executing endpoint 'gRPC - /UnityILPP.PostProcessing/PostProcessAssembly'
info: Microsoft.AspNetCore.Hosting.Diagnostics[1]
      Request starting HTTP/2 POST http://ilpp/UnityILPP.PostProcessing/PostProcessAssembly - application/grpc -
info: Microsoft.AspNetCore.Routing.EndpointMiddleware[0]
      Executing endpoint 'gRPC - /UnityILPP.PostProcessing/PostProcessAssembly'
info: Unity.ILPP.Runner.PostProcessingPipeline[0]
      Processing assembly Library/Bee/artifacts/2400b0aE.dag/Assembly-CSharp-Editor.dll, with 132 defines and 368 references
info: Unity.ILPP.Runner.PostProcessingPipeline[0]
      Processing assembly Library/Bee/artifacts/2400b0aE.dag/Assembly-CSharp.dll, with 134 defines and 344 references
info: Unity.ILPP.Runner.PostProcessingPipeline[0]
      processors: Unity.Jobs.CodeGen.JobsILPostProcessor, zzzUnity.Burst.CodeGen.BurstILPostProcessor
info: Unity.ILPP.Runner.PostProcessingPipeline[0]
      processors: Unity.Jobs.CodeGen.JobsILPostProcessor, zzzUnity.Burst.CodeGen.BurstILPostProcessor
info: Unity.ILPP.Runner.PostProcessingPipeline[0]
      running Unity.Jobs.CodeGen.JobsILPostProcessor
info: Unity.ILPP.Runner.PostProcessingPipeline[0]
      running Unity.Jobs.CodeGen.JobsILPostProcessor
info: Unity.ILPP.Runner.PostProcessingPipeline[0]
      running zzzUnity.Burst.CodeGen.BurstILPostProcessor
info: Unity.ILPP.Runner.PostProcessingPipeline[0]
      running zzzUnity.Burst.CodeGen.BurstILPostProcessor
info: Microsoft.AspNetCore.Routing.EndpointMiddleware[1]
      Executed endpoint 'gRPC - /UnityILPP.PostProcessing/PostProcessAssembly'
info: Microsoft.AspNetCore.Hosting.Diagnostics[2]
      Request finished HTTP/2 POST http://ilpp/UnityILPP.PostProcessing/PostProcessAssembly - 200 - application/grpc 235.3583ms
info: Microsoft.AspNetCore.Routing.EndpointMiddleware[1]
      Executed endpoint 'gRPC - /UnityILPP.PostProcessing/PostProcessAssembly'
info: Microsoft.AspNetCore.Hosting.Diagnostics[2]
      Request finished HTTP/2 POST http://ilpp/UnityILPP.PostProcessing/PostProcessAssembly - 200 - application/grpc 239.8376ms
ExitCode: 0 Duration: 1s478ms
[715/937    0s] ILPP-Configuration Library/ilpp-configuration.nevergeneratedoutput
[929/937    0s] Csc Library/Bee/artifacts/2400b0aE.dag/Assembly-CSharp.dll (+2 others)
[931/937    0s] ILPostProcess Library/Bee/artifacts/2400b0aE.dag/post-processed/Assembly-CSharp-Editor.dll (+pdb)
Processing assembly Library/Bee/artifacts/2400b0aE.dag/Assembly-CSharp-Editor.dll, with 132 defines and 368 references
processors: Unity.Jobs.CodeGen.JobsILPostProcessor, zzzUnity.Burst.CodeGen.BurstILPostProcessor
running Unity.Jobs.CodeGen.JobsILPostProcessor
running zzzUnity.Burst.CodeGen.BurstILPostProcessor
[934/937    0s] ILPostProcess Library/Bee/artifacts/2400b0aE.dag/post-processed/Assembly-CSharp.dll (+pdb)
Processing assembly Library/Bee/artifacts/2400b0aE.dag/Assembly-CSharp.dll, with 134 defines and 344 references
processors: Unity.Jobs.CodeGen.JobsILPostProcessor, zzzUnity.Burst.CodeGen.BurstILPostProcessor
running Unity.Jobs.CodeGen.JobsILPostProcessor
running zzzUnity.Burst.CodeGen.BurstILPostProcessor
[935/937    0s] CopyFiles Library/ScriptAssemblies/Assembly-CSharp.dll
[936/937    0s] CopyFiles Library/ScriptAssemblies/Assembly-CSharp.pdb
*** Tundra build success (1.37 seconds), 6 items updated, 937 evaluated
Reloading assemblies after forced synchronous recompile.
Begin MonoManager ReloadAssembly
Total cache size 172573348
Total cache size after purge 172573348, took 00:00:00.6318176
Assembly reference Packages/com.unity.cinemachine/Editor/Samples/ExposeHDRPInternals/HDRP-Editor-ref.asmref has no target assembly definition
Refreshing native plugins compatible for Editor in 2.07 ms, found 0 plugins.
Native extension for LinuxStandalone target not found
[MODES] ModeService[none].Initialize
[MODES] ModeService[none].LoadModes
ScheduleIndexationOnStartup MainProcess:True IndexOnStartup:True
Mono: successfully reloaded assembly
- Finished resetting the current domain, in  2.928 seconds
Domain Reload Profiling: 8329ms
	BeginReloadAssembly (3957ms)
		DisableScriptedObjects (333ms)
		CreateAndSetChildDomain (1405ms)
	RebuildCommonClasses (34ms)
	RebuildNativeTypeToScriptingClass (15ms)
	initialDomainReloadingComplete (670ms)
	LoadAllAssembliesAndSetupDomain (721ms)
		LoadAssemblies (1368ms)
		AnalyzeDomain (273ms)
			TypeCache.Refresh (27ms)
			BuildScriptInfoCaches (210ms)
			ResolveRequiredComponents (29ms)
	FinalizeReload (2932ms)
		SetupLoadedEditorAssemblies (0ms)
			InitializePlatformSupportModulesInManaged (3ms)
			BeforeProcessingInitializeOnLoad (398ms)
			ProcessInitializeOnLoadAttributes (527ms)
			ProcessInitializeOnLoadMethodAttributes (244ms)
			AfterProcessingInitializeOnLoad (3ms)
			EditorAssembliesLoaded (10ms)
		AwakeInstancesAfterBackupRestoration (760ms)

Asset Pipeline Refresh (id=4e5aabff3cca8fc9b9ae4002f3d6ee3c): Total: 12.020 seconds - Initiated by RefreshV2(AllowForceSynchronousImport)
	(Values over 0.05ms)
	Summary:
		Imports: total=0 (actual=0, local cache=0, cache server=0)
		Asset DB Process Time: managed=0 ms, native=4029 ms
		Asset DB Callback time: managed=101 ms, native=6 ms
		Scripting: domain reloads=1, domain reload time=5651 ms, compile time=2230 ms, other=0 ms
		Project Asset Count: scripts=1480, non-scripts=2685
		Asset File Changes: new=0, changed=1, moved=0, deleted=0
		Scan Filter Count: 1
	InvokePackagesCallback: 1.617ms
	ApplyChangesToAssetFolders: 0.751ms
	Scan: 660.173ms
	Collect global state as custom dependencies: 4.884ms
	OnSourceAssetsModified: 11.841ms
	CategorizeScriptCompilationAssets: 0.313ms
	ProcessAssetsWithTransientArtifactChanges: 12.945ms
	CategorizeAssets: 109.220ms
	CompileScripts: 2230.225ms
	ImportOutOfDateAssets: 3060.483ms (2962.498ms without children)
		CollectScriptTypesHashes: 4.340ms
		ReloadNativeAssets: 6.577ms
		UnloadImportedAssets: 0.422ms
		EnsureUptoDateAssetsAreRegisteredWithGuidPM: 0.851ms
		ImportSchedulerStart: 90.024ms
	PostProcessAllAssets: 92.941ms
		XRBuildSystem.XRAssetImported 0.705ms
		PostProcessCallbackCreateDeferredMaterials 0.537ms
		MonoPostProcessAllAssets: 90.616ms
			BuilderAssetPostprocessor.OnPostprocessAllAssets 14.370ms
			UniversalRenderPipelineGlobalSettingsPostprocessor.OnPostprocessAllAssets 13.903ms
			SyncVS.PostprocessSyncProject 8.482ms
			AssetChangedListener.OnPostprocessAllAssets 6.242ms
			AssetPostprocessor.OnPostprocessAllAssets 4.635ms
			WindowAssetPostprocessingWatcher.OnPostprocessAllAssets 2.936ms
			SpeedTree9Postprocessor.OnPostprocessAllAssets 1.887ms
			EditModeScopePostprocessor.OnPostprocessAllAssets 1.742ms
			MaterialPostprocessor.OnPostprocessAllAssets 1.581ms
			ShaderGraphAssetPostProcessor.OnPostprocessAllAssets 1.515ms
			RetainedModeAssetPostprocessor.OnPostprocessAllAssets 1.217ms
			ProjectSettingsPostprocessor.OnPostprocessAllAssets 0.967ms
			SamplePostprocessor.OnPostprocessAllAssets 0.958ms
			TMPro_TexturePostProcessor.OnPostprocessAllAssets 0.844ms
			ArtifactBrowserPostProcessor.OnPostprocessAllAssets 0.758ms
			RenderPipelineGlobalSettingsPostprocessor.OnPostprocessAllAssets 0.647ms
			UVCSAssetPostprocessor.OnPostprocessAllAssets 0.479ms
			CinemachineSettings.OnPostprocessAllAssets 0.468ms
			SampleDependencyImporterPostProcessor.OnPostprocessAllAssets 0.449ms
			AudioMixerPostprocessor.OnPostprocessAllAssets 0.376ms
			TextAssetPostProcessor.OnPostprocessAllAssets 0.340ms
			InputActionAssetPostprocessor.OnPostprocessAllAssets 0.336ms
			ShaderReflectionAssetPostProcessor.OnPostprocessAllAssets 0.315ms
			DomainReloadProcessor.OnPostprocessAllAssets 0.288ms
			ReferencedClipsPostProcessor.OnPostprocessAllAssets 0.279ms
			AssetEvents.OnPostprocessAllAssets 0.257ms
			PostProcessor.OnPostprocessAllAssets 0.249ms
			StyleCatalogPostProcessor.OnPostprocessAllAssets 0.246ms
			InputActionJsonNameModifierAssetProcessor.OnPostprocessAllAssets 0.245ms
			AssetDatabaseCallbacks.OnPostprocessAllAssets 0.229ms
			ConfigAssetsTracker.OnPostprocessAllAssets 0.174ms
			SpeedTreePostProcessor.OnPostprocessAllAssets 0.160ms
			ScenarioDriftAssetsTracker.OnPostprocessAllAssets 0.156ms
			TerrainToolbarOverlayPostProcessor.OnPostprocessAllAssets 0.151ms
			AssetReloadNotifier.OnPostprocessAllAssets 0.144ms
			AudioContainerPostProcessor.OnPostprocessAllAssets 0.116ms
	PostAssetChangesProfiler: 3.687ms
	GatherAllCurrentPrimaryImportResultRevisions: 1.629ms
	PersistCurrentRevisions: 0.219ms
	GenerateScriptTypeHashes: 3.742ms
	GenerateScriptTypeSerializationHashes: 6.512ms
	Untracked: 5822.889ms

[Licensing::Client] Successfully resolved entitlement details
[Licensing::Client] Successfully resolved entitlement details
[Licensing::Client] Successfully resolved entitlement details
Ground graph baked. Nodes: 8460
UnityEngine.Debug:ExtractStackTraceNoAlloc (byte*,int,string)
UnityEngine.StackTraceUtility:ExtractStackTrace () (at /home/bokken/build/output/unity/unity/Runtime/Export/Scripting/StackTrace.cs:35)
UnityEngine.DebugLogHandler:Internal_Log (UnityEngine.LogType,UnityEngine.LogOption,string,UnityEngine.Object)
UnityEngine.DebugLogHandler:LogFormat (UnityEngine.LogType,UnityEngine.Object,string,object[])
UnityEngine.Logger:Log (UnityEngine.LogType,object,UnityEngine.Object)
UnityEngine.Debug:Log (object,UnityEngine.Object)
GroundGraphBaker:Bake () (at Assets/Scripts/GroundGraphBaker.cs:58)
GroundGraphBakerEditor:OnInspectorGUI () (at Assets/Scripts/Editor/GroundGraphBakerEditor.cs:20)
UnityEditor.UIElements.InspectorElement/<>c__DisplayClass85_0:<CreateInspectorElementUsingIMGUI>b__2 () (at /home/bokken/build/output/unity/unity/Editor/Mono/UIElements/Inspector/InspectorElement.cs:834)
UnityEngine.UIElements.IMGUIContainer:DoOnGUI (UnityEngine.Event,UnityEngine.Matrix4x4,UnityEngine.Rect,bool,UnityEngine.Rect,System.Action,bool) (at /home/bokken/build/output/unity/unity/Modules/UIElements/Core/IMGUIContainer.cs:380)
UnityEngine.UIElements.IMGUIContainer:HandleIMGUIEvent (UnityEngine.Event,UnityEngine.Matrix4x4,UnityEngine.Rect,System.Action,bool) (at /home/bokken/build/output/unity/unity/Modules/UIElements/Core/IMGUIContainer.cs:705)
UnityEngine.UIElements.IMGUIContainer:HandleIMGUIEvent (UnityEngine.Event,System.Action,bool) (at /home/bokken/build/output/unity/unity/Modules/UIElements/Core/IMGUIContainer.cs:675)
UnityEngine.UIElements.IMGUIContainer:HandleIMGUIEvent (UnityEngine.Event,bool) (at /home/bokken/build/output/unity/unity/Modules/UIElements/Core/IMGUIContainer.cs:668)
UnityEngine.UIElements.IMGUIContainer:SendEventToIMGUIRaw (UnityEngine.UIElements.EventBase,bool,bool) (at /home/bokken/build/output/unity/unity/Modules/UIElements/Core/IMGUIContainer.cs:628)
UnityEngine.UIElements.IMGUIContainer:SendEventToIMGUI (UnityEngine.UIElements.EventBase,bool,bool) (at /home/bokken/build/output/unity/unity/Modules/UIElements/Core/IMGUIContainer.cs:617)
UnityEngine.UIElements.IMGUIContainer:HandleEventBubbleUp (UnityEngine.UIElements.EventBase) (at /home/bokken/build/output/unity/unity/Modules/UIElements/Core/IMGUIContainer.cs:769)
UnityEngine.UIElements.EventDispatchUtilities:HandleEventAcrossPropagationPathWithCompatibilityEvent (UnityEngine.UIElements.EventBase,UnityEngine.UIElements.EventBase,UnityEngine.UIElements.BaseVisualElementPanel,UnityEngine.UIElements.VisualElement,bool) (at /home/bokken/build/output/unity/unity/Modules/UIElements/Core/Events/EventDispatchUtilities.cs:325)
UnityEngine.UIElements.EventDispatchUtilities:DispatchToCapturingElementOrElementUnderPointer (UnityEngine.UIElements.EventBase,UnityEngine.UIElements.BaseVisualElementPanel,int,UnityEngine.Vector2) (at /home/bokken/build/output/unity/unity/Modules/UIElements/Core/Events/EventDispatchUtilities.cs:566)
UnityEngine.UIElements.PointerUpEvent:Dispatch (UnityEngine.UIElements.BaseVisualElementPanel) (at /home/bokken/build/output/unity/unity/Modules/UIElements/Core/Events/PointerEvents.cs:1657)
UnityEngine.UIElements.EventDispatcher:ProcessEvent (UnityEngine.UIElements.EventBase,UnityEngine.UIElements.BaseVisualElementPanel) (at /home/bokken/build/output/unity/unity/Modules/UIElements/Core/EventDispatcher.cs:420)
UnityEngine.UIElements.EventDispatcher:Dispatch (UnityEngine.UIElements.EventBase,UnityEngine.UIElements.BaseVisualElementPanel,UnityEngine.UIElements.DispatchMode) (at /home/bokken/build/output/unity/unity/Modules/UIElements/Core/EventDispatcher.cs:216)
UnityEngine.UIElements.BaseVisualElementPanel:SendEvent (UnityEngine.UIElements.EventBase,UnityEngine.UIElements.DispatchMode) (at /home/bokken/build/output/unity/unity/Modules/UIElements/Core/Panel.cs:723)
UnityEditor.UIElements.EditorEventDispatchUtility:DoDispatch (UnityEngine.UIElements.BaseVisualElementPanel,UnityEngine.Event) (at /home/bokken/build/output/unity/unity/Modules/UIElementsEditor/EditorEventDispatchUtility.cs:89)
UnityEditor.UIElements.DefaultWindowBackend:ProcessEvent (UnityEngine.Event) (at /home/bokken/build/output/unity/unity/Modules/UIElementsEditor/WindowBackends/DefaultWindowBackend.cs:114)
UnityEditor.GUIView:ProcessEvent (UnityEngine.EntityId,intptr,bool&) (at /home/bokken/build/output/unity/unity/Editor/Mono/GUIView.cs:70)

(Filename: Assets/Scripts/GroundGraphBaker.cs Line: 58)

Ground graph baked. Nodes: 2290
UnityEngine.Debug:ExtractStackTraceNoAlloc (byte*,int,string)
UnityEngine.StackTraceUtility:ExtractStackTrace () (at /home/bokken/build/output/unity/unity/Runtime/Export/Scripting/StackTrace.cs:35)
UnityEngine.DebugLogHandler:Internal_Log (UnityEngine.LogType,UnityEngine.LogOption,string,UnityEngine.Object)
UnityEngine.DebugLogHandler:LogFormat (UnityEngine.LogType,UnityEngine.Object,string,object[])
UnityEngine.Logger:Log (UnityEngine.LogType,object,UnityEngine.Object)
UnityEngine.Debug:Log (object,UnityEngine.Object)
GroundGraphBaker:Bake () (at Assets/Scripts/GroundGraphBaker.cs:58)
GroundGraphBakerEditor:OnInspectorGUI () (at Assets/Scripts/Editor/GroundGraphBakerEditor.cs:20)
UnityEditor.UIElements.InspectorElement/<>c__DisplayClass85_0:<CreateInspectorElementUsingIMGUI>b__2 () (at /home/bokken/build/output/unity/unity/Editor/Mono/UIElements/Inspector/InspectorElement.cs:834)
UnityEngine.UIElements.IMGUIContainer:DoOnGUI (UnityEngine.Event,UnityEngine.Matrix4x4,UnityEngine.Rect,bool,UnityEngine.Rect,System.Action,bool) (at /home/bokken/build/output/unity/unity/Modules/UIElements/Core/IMGUIContainer.cs:380)
UnityEngine.UIElements.IMGUIContainer:HandleIMGUIEvent (UnityEngine.Event,UnityEngine.Matrix4x4,UnityEngine.Rect,System.Action,bool) (at /home/bokken/build/output/unity/unity/Modules/UIElements/Core/IMGUIContainer.cs:705)
UnityEngine.UIElements.IMGUIContainer:HandleIMGUIEvent (UnityEngine.Event,System.Action,bool) (at /home/bokken/build/output/unity/unity/Modules/UIElements/Core/IMGUIContainer.cs:675)
UnityEngine.UIElements.IMGUIContainer:HandleIMGUIEvent (UnityEngine.Event,bool) (at /home/bokken/build/output/unity/unity/Modules/UIElements/Core/IMGUIContainer.cs:668)
UnityEngine.UIElements.IMGUIContainer:SendEventToIMGUIRaw (UnityEngine.UIElements.EventBase,bool,bool) (at /home/bokken/build/output/unity/unity/Modules/UIElements/Core/IMGUIContainer.cs:628)
UnityEngine.UIElements.IMGUIContainer:SendEventToIMGUI (UnityEngine.UIElements.EventBase,bool,bool) (at /home/bokken/build/output/unity/unity/Modules/UIElements/Core/IMGUIContainer.cs:617)
UnityEngine.UIElements.IMGUIContainer:HandleEventBubbleUp (UnityEngine.UIElements.EventBase) (at /home/bokken/build/output/unity/unity/Modules/UIElements/Core/IMGUIContainer.cs:769)
UnityEngine.UIElements.EventDispatchUtilities:HandleEventAcrossPropagationPathWithCompatibilityEvent (UnityEngine.UIElements.EventBase,UnityEngine.UIElements.EventBase,UnityEngine.UIElements.BaseVisualElementPanel,UnityEngine.UIElements.VisualElement,bool) (at /home/bokken/build/output/unity/unity/Modules/UIElements/Core/Events/EventDispatchUtilities.cs:325)
UnityEngine.UIElements.EventDispatchUtilities:DispatchToCapturingElementOrElementUnderPointer (UnityEngine.UIElements.EventBase,UnityEngine.UIElements.BaseVisualElementPanel,int,UnityEngine.Vector2) (at /home/bokken/build/output/unity/unity/Modules/UIElements/Core/Events/EventDispatchUtilities.cs:566)
UnityEngine.UIElements.PointerUpEvent:Dispatch (UnityEngine.UIElements.BaseVisualElementPanel) (at /home/bokken/build/output/unity/unity/Modules/UIElements/Core/Events/PointerEvents.cs:1657)
UnityEngine.UIElements.EventDispatcher:ProcessEvent (UnityEngine.UIElements.EventBase,UnityEngine.UIElements.BaseVisualElementPanel) (at /home/bokken/build/output/unity/unity/Modules/UIElements/Core/EventDispatcher.cs:420)
UnityEngine.UIElements.EventDispatcher:Dispatch (UnityEngine.UIElements.EventBase,UnityEngine.UIElements.BaseVisualElementPanel,UnityEngine.UIElements.DispatchMode) (at /home/bokken/build/output/unity/unity/Modules/UIElements/Core/EventDispatcher.cs:216)
UnityEngine.UIElements.BaseVisualElementPanel:SendEvent (UnityEngine.UIElements.EventBase,UnityEngine.UIElements.DispatchMode) (at /home/bokken/build/output/unity/unity/Modules/UIElements/Core/Panel.cs:723)
UnityEditor.UIElements.EditorEventDispatchUtility:DoDispatch (UnityEngine.UIElements.BaseVisualElementPanel,UnityEngine.Event) (at /home/bokken/build/output/unity/unity/Modules/UIElementsEditor/EditorEventDispatchUtility.cs:89)
UnityEditor.UIElements.DefaultWindowBackend:ProcessEvent (UnityEngine.Event) (at /home/bokken/build/output/unity/unity/Modules/UIElementsEditor/WindowBackends/DefaultWindowBackend.cs:114)
UnityEditor.GUIView:ProcessEvent (UnityEngine.EntityId,intptr,bool&) (at /home/bokken/build/output/unity/unity/Editor/Mono/GUIView.cs:70)

(Filename: Assets/Scripts/GroundGraphBaker.cs Line: 58)

Ground graph baked. Nodes: 8460
UnityEngine.Debug:ExtractStackTraceNoAlloc (byte*,int,string)
UnityEngine.StackTraceUtility:ExtractStackTrace () (at /home/bokken/build/output/unity/unity/Runtime/Export/Scripting/StackTrace.cs:35)
UnityEngine.DebugLogHandler:Internal_Log (UnityEngine.LogType,UnityEngine.LogOption,string,UnityEngine.Object)
UnityEngine.DebugLogHandler:LogFormat (UnityEngine.LogType,UnityEngine.Object,string,object[])
UnityEngine.Logger:Log (UnityEngine.LogType,object,UnityEngine.Object)
UnityEngine.Debug:Log (object,UnityEngine.Object)
GroundGraphBaker:Bake () (at Assets/Scripts/GroundGraphBaker.cs:58)
GroundGraphBakerEditor:OnInspectorGUI () (at Assets/Scripts/Editor/GroundGraphBakerEditor.cs:20)
UnityEditor.UIElements.InspectorElement/<>c__DisplayClass85_0:<CreateInspectorElementUsingIMGUI>b__2 () (at /home/bokken/build/output/unity/unity/Editor/Mono/UIElements/Inspector/InspectorElement.cs:834)
UnityEngine.UIElements.IMGUIContainer:DoOnGUI (UnityEngine.Event,UnityEngine.Matrix4x4,UnityEngine.Rect,bool,UnityEngine.Rect,System.Action,bool) (at /home/bokken/build/output/unity/unity/Modules/UIElements/Core/IMGUIContainer.cs:380)
UnityEngine.UIElements.IMGUIContainer:HandleIMGUIEvent (UnityEngine.Event,UnityEngine.Matrix4x4,UnityEngine.Rect,System.Action,bool) (at /home/bokken/build/output/unity/unity/Modules/UIElements/Core/IMGUIContainer.cs:705)
UnityEngine.UIElements.IMGUIContainer:HandleIMGUIEvent (UnityEngine.Event,System.Action,bool) (at /home/bokken/build/output/unity/unity/Modules/UIElements/Core/IMGUIContainer.cs:675)
UnityEngine.UIElements.IMGUIContainer:HandleIMGUIEvent (UnityEngine.Event,bool) (at /home/bokken/build/output/unity/unity/Modules/UIElements/Core/IMGUIContainer.cs:668)
UnityEngine.UIElements.IMGUIContainer:SendEventToIMGUIRaw (UnityEngine.UIElements.EventBase,bool,bool) (at /home/bokken/build/output/unity/unity/Modules/UIElements/Core/IMGUIContainer.cs:628)
UnityEngine.UIElements.IMGUIContainer:SendEventToIMGUI (UnityEngine.UIElements.EventBase,bool,bool) (at /home/bokken/build/output/unity/unity/Modules/UIElements/Core/IMGUIContainer.cs:617)
UnityEngine.UIElements.IMGUIContainer:HandleEventBubbleUp (UnityEngine.UIElements.EventBase) (at /home/bokken/build/output/unity/unity/Modules/UIElements/Core/IMGUIContainer.cs:769)
UnityEngine.UIElements.EventDispatchUtilities:HandleEventAcrossPropagationPathWithCompatibilityEvent (UnityEngine.UIElements.EventBase,UnityEngine.UIElements.EventBase,UnityEngine.UIElements.BaseVisualElementPanel,UnityEngine.UIElements.VisualElement,bool) (at /home/bokken/build/output/unity/unity/Modules/UIElements/Core/Events/EventDispatchUtilities.cs:325)
UnityEngine.UIElements.EventDispatchUtilities:DispatchToCapturingElementOrElementUnderPointer (UnityEngine.UIElements.EventBase,UnityEngine.UIElements.BaseVisualElementPanel,int,UnityEngine.Vector2) (at /home/bokken/build/output/unity/unity/Modules/UIElements/Core/Events/EventDispatchUtilities.cs:566)
UnityEngine.UIElements.PointerUpEvent:Dispatch (UnityEngine.UIElements.BaseVisualElementPanel) (at /home/bokken/build/output/unity/unity/Modules/UIElements/Core/Events/PointerEvents.cs:1657)
UnityEngine.UIElements.EventDispatcher:ProcessEvent (UnityEngine.UIElements.EventBase,UnityEngine.UIElements.BaseVisualElementPanel) (at /home/bokken/build/output/unity/unity/Modules/UIElements/Core/EventDispatcher.cs:420)
UnityEngine.UIElements.EventDispatcher:Dispatch (UnityEngine.UIElements.EventBase,UnityEngine.UIElements.BaseVisualElementPanel,UnityEngine.UIElements.DispatchMode) (at /home/bokken/build/output/unity/unity/Modules/UIElements/Core/EventDispatcher.cs:216)
UnityEngine.UIElements.BaseVisualElementPanel:SendEvent (UnityEngine.UIElements.EventBase,UnityEngine.UIElements.DispatchMode) (at /home/bokken/build/output/unity/unity/Modules/UIElements/Core/Panel.cs:723)
UnityEditor.UIElements.EditorEventDispatchUtility:DoDispatch (UnityEngine.UIElements.BaseVisualElementPanel,UnityEngine.Event) (at /home/bokken/build/output/unity/unity/Modules/UIElementsEditor/EditorEventDispatchUtility.cs:89)
UnityEditor.UIElements.DefaultWindowBackend:ProcessEvent (UnityEngine.Event) (at /home/bokken/build/output/unity/unity/Modules/UIElementsEditor/WindowBackends/DefaultWindowBackend.cs:114)
UnityEditor.GUIView:ProcessEvent (UnityEngine.EntityId,intptr,bool&) (at /home/bokken/build/output/unity/unity/Editor/Mono/GUIView.cs:70)

(Filename: Assets/Scripts/GroundGraphBaker.cs Line: 58)

Ground graph baked. Nodes: 2290
UnityEngine.Debug:ExtractStackTraceNoAlloc (byte*,int,string)
UnityEngine.StackTraceUtility:ExtractStackTrace () (at /home/bokken/build/output/unity/unity/Runtime/Export/Scripting/StackTrace.cs:35)
UnityEngine.DebugLogHandler:Internal_Log (UnityEngine.LogType,UnityEngine.LogOption,string,UnityEngine.Object)
UnityEngine.DebugLogHandler:LogFormat (UnityEngine.LogType,UnityEngine.Object,string,object[])
UnityEngine.Logger:Log (UnityEngine.LogType,object,UnityEngine.Object)
UnityEngine.Debug:Log (object,UnityEngine.Object)
GroundGraphBaker:Bake () (at Assets/Scripts/GroundGraphBaker.cs:58)
GroundGraphBakerEditor:OnInspectorGUI () (at Assets/Scripts/Editor/GroundGraphBakerEditor.cs:20)
UnityEditor.UIElements.InspectorElement/<>c__DisplayClass85_0:<CreateInspectorElementUsingIMGUI>b__2 () (at /home/bokken/build/output/unity/unity/Editor/Mono/UIElements/Inspector/InspectorElement.cs:834)
UnityEngine.UIElements.IMGUIContainer:DoOnGUI (UnityEngine.Event,UnityEngine.Matrix4x4,UnityEngine.Rect,bool,UnityEngine.Rect,System.Action,bool) (at /home/bokken/build/output/unity/unity/Modules/UIElements/Core/IMGUIContainer.cs:380)
UnityEngine.UIElements.IMGUIContainer:HandleIMGUIEvent (UnityEngine.Event,UnityEngine.Matrix4x4,UnityEngine.Rect,System.Action,bool) (at /home/bokken/build/output/unity/unity/Modules/UIElements/Core/IMGUIContainer.cs:705)
UnityEngine.UIElements.IMGUIContainer:HandleIMGUIEvent (UnityEngine.Event,System.Action,bool) (at /home/bokken/build/output/unity/unity/Modules/UIElements/Core/IMGUIContainer.cs:675)
UnityEngine.UIElements.IMGUIContainer:HandleIMGUIEvent (UnityEngine.Event,bool) (at /home/bokken/build/output/unity/unity/Modules/UIElements/Core/IMGUIContainer.cs:668)
UnityEngine.UIElements.IMGUIContainer:SendEventToIMGUIRaw (UnityEngine.UIElements.EventBase,bool,bool) (at /home/bokken/build/output/unity/unity/Modules/UIElements/Core/IMGUIContainer.cs:628)
UnityEngine.UIElements.IMGUIContainer:SendEventToIMGUI (UnityEngine.UIElements.EventBase,bool,bool) (at /home/bokken/build/output/unity/unity/Modules/UIElements/Core/IMGUIContainer.cs:617)
UnityEngine.UIElements.IMGUIContainer:HandleEventBubbleUp (UnityEngine.UIElements.EventBase) (at /home/bokken/build/output/unity/unity/Modules/UIElements/Core/IMGUIContainer.cs:769)
UnityEngine.UIElements.EventDispatchUtilities:HandleEventAcrossPropagationPathWithCompatibilityEvent (UnityEngine.UIElements.EventBase,UnityEngine.UIElements.EventBase,UnityEngine.UIElements.BaseVisualElementPanel,UnityEngine.UIElements.VisualElement,bool) (at /home/bokken/build/output/unity/unity/Modules/UIElements/Core/Events/EventDispatchUtilities.cs:325)
UnityEngine.UIElements.EventDispatchUtilities:DispatchToCapturingElementOrElementUnderPointer (UnityEngine.UIElements.EventBase,UnityEngine.UIElements.BaseVisualElementPanel,int,UnityEngine.Vector2) (at /home/bokken/build/output/unity/unity/Modules/UIElements/Core/Events/EventDispatchUtilities.cs:566)
UnityEngine.UIElements.PointerUpEvent:Dispatch (UnityEngine.UIElements.BaseVisualElementPanel) (at /home/bokken/build/output/unity/unity/Modules/UIElements/Core/Events/PointerEvents.cs:1657)
UnityEngine.UIElements.EventDispatcher:ProcessEvent (UnityEngine.UIElements.EventBase,UnityEngine.UIElements.BaseVisualElementPanel) (at /home/bokken/build/output/unity/unity/Modules/UIElements/Core/EventDispatcher.cs:420)
UnityEngine.UIElements.EventDispatcher:Dispatch (UnityEngine.UIElements.EventBase,UnityEngine.UIElements.BaseVisualElementPanel,UnityEngine.UIElements.DispatchMode) (at /home/bokken/build/output/unity/unity/Modules/UIElements/Core/EventDispatcher.cs:216)
UnityEngine.UIElements.BaseVisualElementPanel:SendEvent (UnityEngine.UIElements.EventBase,UnityEngine.UIElements.DispatchMode) (at /home/bokken/build/output/unity/unity/Modules/UIElements/Core/Panel.cs:723)
UnityEditor.UIElements.EditorEventDispatchUtility:DoDispatch (UnityEngine.UIElements.BaseVisualElementPanel,UnityEngine.Event) (at /home/bokken/build/output/unity/unity/Modules/UIElementsEditor/EditorEventDispatchUtility.cs:89)
UnityEditor.UIElements.DefaultWindowBackend:ProcessEvent (UnityEngine.Event) (at /home/bokken/build/output/unity/unity/Modules/UIElementsEditor/WindowBackends/DefaultWindowBackend.cs:114)
UnityEditor.GUIView:ProcessEvent (UnityEngine.EntityId,intptr,bool&) (at /home/bokken/build/output/unity/unity/Editor/Mono/GUIView.cs:70)

(Filename: Assets/Scripts/GroundGraphBaker.cs Line: 58)

Ground graph baked. Nodes: 2290
UnityEngine.Debug:ExtractStackTraceNoAlloc (byte*,int,string)
UnityEngine.StackTraceUtility:ExtractStackTrace () (at /home/bokken/build/output/unity/unity/Runtime/Export/Scripting/StackTrace.cs:35)
UnityEngine.DebugLogHandler:Internal_Log (UnityEngine.LogType,UnityEngine.LogOption,string,UnityEngine.Object)
UnityEngine.DebugLogHandler:LogFormat (UnityEngine.LogType,UnityEngine.Object,string,object[])
UnityEngine.Logger:Log (UnityEngine.LogType,object,UnityEngine.Object)
UnityEngine.Debug:Log (object,UnityEngine.Object)
GroundGraphBaker:Bake () (at Assets/Scripts/GroundGraphBaker.cs:58)
GroundGraphBakerEditor:OnInspectorGUI () (at Assets/Scripts/Editor/GroundGraphBakerEditor.cs:20)
UnityEditor.UIElements.InspectorElement/<>c__DisplayClass85_0:<CreateInspectorElementUsingIMGUI>b__2 () (at /home/bokken/build/output/unity/unity/Editor/Mono/UIElements/Inspector/InspectorElement.cs:834)
UnityEngine.UIElements.IMGUIContainer:DoOnGUI (UnityEngine.Event,UnityEngine.Matrix4x4,UnityEngine.Rect,bool,UnityEngine.Rect,System.Action,bool) (at /home/bokken/build/output/unity/unity/Modules/UIElements/Core/IMGUIContainer.cs:380)
UnityEngine.UIElements.IMGUIContainer:HandleIMGUIEvent (UnityEngine.Event,UnityEngine.Matrix4x4,UnityEngine.Rect,System.Action,bool) (at /home/bokken/build/output/unity/unity/Modules/UIElements/Core/IMGUIContainer.cs:705)
UnityEngine.UIElements.IMGUIContainer:HandleIMGUIEvent (UnityEngine.Event,System.Action,bool) (at /home/bokken/build/output/unity/unity/Modules/UIElements/Core/IMGUIContainer.cs:675)
UnityEngine.UIElements.IMGUIContainer:HandleIMGUIEvent (UnityEngine.Event,bool) (at /home/bokken/build/output/unity/unity/Modules/UIElements/Core/IMGUIContainer.cs:668)
UnityEngine.UIElements.IMGUIContainer:SendEventToIMGUIRaw (UnityEngine.UIElements.EventBase,bool,bool) (at /home/bokken/build/output/unity/unity/Modules/UIElements/Core/IMGUIContainer.cs:628)
UnityEngine.UIElements.IMGUIContainer:SendEventToIMGUI (UnityEngine.UIElements.EventBase,bool,bool) (at /home/bokken/build/output/unity/unity/Modules/UIElements/Core/IMGUIContainer.cs:617)
UnityEngine.UIElements.IMGUIContainer:HandleEventBubbleUp (UnityEngine.UIElements.EventBase) (at /home/bokken/build/output/unity/unity/Modules/UIElements/Core/IMGUIContainer.cs:769)
UnityEngine.UIElements.EventDispatchUtilities:HandleEventAcrossPropagationPathWithCompatibilityEvent (UnityEngine.UIElements.EventBase,UnityEngine.UIElements.EventBase,UnityEngine.UIElements.BaseVisualElementPanel,UnityEngine.UIElements.VisualElement,bool) (at /home/bokken/build/output/unity/unity/Modules/UIElements/Core/Events/EventDispatchUtilities.cs:325)
UnityEngine.UIElements.EventDispatchUtilities:DispatchToCapturingElementOrElementUnderPointer (UnityEngine.UIElements.EventBase,UnityEngine.UIElements.BaseVisualElementPanel,int,UnityEngine.Vector2) (at /home/bokken/build/output/unity/unity/Modules/UIElements/Core/Events/EventDispatchUtilities.cs:566)
UnityEngine.UIElements.PointerUpEvent:Dispatch (UnityEngine.UIElements.BaseVisualElementPanel) (at /home/bokken/build/output/unity/unity/Modules/UIElements/Core/Events/PointerEvents.cs:1657)
UnityEngine.UIElements.EventDispatcher:ProcessEvent (UnityEngine.UIElements.EventBase,UnityEngine.UIElements.BaseVisualElementPanel) (at /home/bokken/build/output/unity/unity/Modules/UIElements/Core/EventDispatcher.cs:420)
UnityEngine.UIElements.EventDispatcher:Dispatch (UnityEngine.UIElements.EventBase,UnityEngine.UIElements.BaseVisualElementPanel,UnityEngine.UIElements.DispatchMode) (at /home/bokken/build/output/unity/unity/Modules/UIElements/Core/EventDispatcher.cs:216)
UnityEngine.UIElements.BaseVisualElementPanel:SendEvent (UnityEngine.UIElements.EventBase,UnityEngine.UIElements.DispatchMode) (at /home/bokken/build/output/unity/unity/Modules/UIElements/Core/Panel.cs:723)
UnityEditor.UIElements.EditorEventDispatchUtility:DoDispatch (UnityEngine.UIElements.BaseVisualElementPanel,UnityEngine.Event) (at /home/bokken/build/output/unity/unity/Modules/UIElementsEditor/EditorEventDispatchUtility.cs:89)
UnityEditor.UIElements.DefaultWindowBackend:ProcessEvent (UnityEngine.Event) (at /home/bokken/build/output/unity/unity/Modules/UIElementsEditor/WindowBackends/DefaultWindowBackend.cs:114)
UnityEditor.GUIView:ProcessEvent (UnityEngine.EntityId,intptr,bool&) (at /home/bokken/build/output/unity/unity/Editor/Mono/GUIView.cs:70)

(Filename: Assets/Scripts/GroundGraphBaker.cs Line: 58)

Ground graph baked. Nodes: 2290
UnityEngine.Debug:ExtractStackTraceNoAlloc (byte*,int,string)
UnityEngine.StackTraceUtility:ExtractStackTrace () (at /home/bokken/build/output/unity/unity/Runtime/Export/Scripting/StackTrace.cs:35)
UnityEngine.DebugLogHandler:Internal_Log (UnityEngine.LogType,UnityEngine.LogOption,string,UnityEngine.Object)
UnityEngine.DebugLogHandler:LogFormat (UnityEngine.LogType,UnityEngine.Object,string,object[])
UnityEngine.Logger:Log (UnityEngine.LogType,object,UnityEngine.Object)
UnityEngine.Debug:Log (object,UnityEngine.Object)
GroundGraphBaker:Bake () (at Assets/Scripts/GroundGraphBaker.cs:58)
GroundGraphBakerEditor:OnInspectorGUI () (at Assets/Scripts/Editor/GroundGraphBakerEditor.cs:20)
UnityEditor.UIElements.InspectorElement/<>c__DisplayClass85_0:<CreateInspectorElementUsingIMGUI>b__2 () (at /home/bokken/build/output/unity/unity/Editor/Mono/UIElements/Inspector/InspectorElement.cs:834)
UnityEngine.UIElements.IMGUIContainer:DoOnGUI (UnityEngine.Event,UnityEngine.Matrix4x4,UnityEngine.Rect,bool,UnityEngine.Rect,System.Action,bool) (at /home/bokken/build/output/unity/unity/Modules/UIElements/Core/IMGUIContainer.cs:380)
UnityEngine.UIElements.IMGUIContainer:HandleIMGUIEvent (UnityEngine.Event,UnityEngine.Matrix4x4,UnityEngine.Rect,System.Action,bool) (at /home/bokken/build/output/unity/unity/Modules/UIElements/Core/IMGUIContainer.cs:705)
UnityEngine.UIElements.IMGUIContainer:HandleIMGUIEvent (UnityEngine.Event,System.Action,bool) (at /home/bokken/build/output/unity/unity/Modules/UIElements/Core/IMGUIContainer.cs:675)
UnityEngine.UIElements.IMGUIContainer:HandleIMGUIEvent (UnityEngine.Event,bool) (at /home/bokken/build/output/unity/unity/Modules/UIElements/Core/IMGUIContainer.cs:668)
UnityEngine.UIElements.IMGUIContainer:SendEventToIMGUIRaw (UnityEngine.UIElements.EventBase,bool,bool) (at /home/bokken/build/output/unity/unity/Modules/UIElements/Core/IMGUIContainer.cs:628)
UnityEngine.UIElements.IMGUIContainer:SendEventToIMGUI (UnityEngine.UIElements.EventBase,bool,bool) (at /home/bokken/build/output/unity/unity/Modules/UIElements/Core/IMGUIContainer.cs:617)
UnityEngine.UIElements.IMGUIContainer:HandleEventBubbleUp (UnityEngine.UIElements.EventBase) (at /home/bokken/build/output/unity/unity/Modules/UIElements/Core/IMGUIContainer.cs:769)
UnityEngine.UIElements.EventDispatchUtilities:HandleEventAcrossPropagationPathWithCompatibilityEvent (UnityEngine.UIElements.EventBase,UnityEngine.UIElements.EventBase,UnityEngine.UIElements.BaseVisualElementPanel,UnityEngine.UIElements.VisualElement,bool) (at /home/bokken/build/output/unity/unity/Modules/UIElements/Core/Events/EventDispatchUtilities.cs:325)
UnityEngine.UIElements.EventDispatchUtilities:DispatchToCapturingElementOrElementUnderPointer (UnityEngine.UIElements.EventBase,UnityEngine.UIElements.BaseVisualElementPanel,int,UnityEngine.Vector2) (at /home/bokken/build/output/unity/unity/Modules/UIElements/Core/Events/EventDispatchUtilities.cs:566)
UnityEngine.UIElements.PointerUpEvent:Dispatch (UnityEngine.UIElements.BaseVisualElementPanel) (at /home/bokken/build/output/unity/unity/Modules/UIElements/Core/Events/PointerEvents.cs:1657)
UnityEngine.UIElements.EventDispatcher:ProcessEvent (UnityEngine.UIElements.EventBase,UnityEngine.UIElements.BaseVisualElementPanel) (at /home/bokken/build/output/unity/unity/Modules/UIElements/Core/EventDispatcher.cs:420)
UnityEngine.UIElements.EventDispatcher:Dispatch (UnityEngine.UIElements.EventBase,UnityEngine.UIElements.BaseVisualElementPanel,UnityEngine.UIElements.DispatchMode) (at /home/bokken/build/output/unity/unity/Modules/UIElements/Core/EventDispatcher.cs:216)
UnityEngine.UIElements.BaseVisualElementPanel:SendEvent (UnityEngine.UIElements.EventBase,UnityEngine.UIElements.DispatchMode) (at /home/bokken/build/output/unity/unity/Modules/UIElements/Core/Panel.cs:723)
UnityEditor.UIElements.EditorEventDispatchUtility:DoDispatch (UnityEngine.UIElements.BaseVisualElementPanel,UnityEngine.Event) (at /home/bokken/build/output/unity/unity/Modules/UIElementsEditor/EditorEventDispatchUtility.cs:89)
UnityEditor.UIElements.DefaultWindowBackend:ProcessEvent (UnityEngine.Event) (at /home/bokken/build/output/unity/unity/Modules/UIElementsEditor/WindowBackends/DefaultWindowBackend.cs:114)
UnityEditor.GUIView:ProcessEvent (UnityEngine.EntityId,intptr,bool&) (at /home/bokken/build/output/unity/unity/Editor/Mono/GUIView.cs:70)

(Filename: Assets/Scripts/GroundGraphBaker.cs Line: 58)

Asset Pipeline Refresh (id=421bfb2d7913391059cca3c717235f53): Total: 0.264 seconds - Initiated by RefreshV2(AllowForceSynchronousImport)
Refreshing native plugins compatible for Editor in 2.68 ms, found 0 plugins.

Asset Pipeline Refresh (id=8a5de6ac2185ee01c87b4c1d6fd609a5): Total: 0.306 seconds - Initiated by StopAssetImportingV2(NoUpdateAssetOptions)
	(Values over 0.05ms)
	Summary:
		Imports: total=0 (actual=0, local cache=0, cache server=0)
		Asset DB Process Time: managed=0 ms, native=251 ms
		Asset DB Callback time: managed=45 ms, native=8 ms
		Scripting: domain reloads=0, domain reload time=0 ms, compile time=0 ms, other=0 ms
		Project Asset Count: scripts=1480, non-scripts=2684
		Asset File Changes: new=0, changed=0, moved=0, deleted=1
		Scan Filter Count: 4
	ApplyChangesToAssetFolders: 0.246ms
	Scan: 8.742ms
	Collect global state as custom dependencies: 0.273ms
	OnSourceAssetsModified: 2.350ms
	CategorizeScriptCompilationAssets: 0.266ms
	ProcessAssetsWithTransientArtifactChanges: 6.626ms
	CategorizeAssets: 98.246ms
	ImportOutOfDateAssets: 97.210ms (39.533ms without children)
		ReloadNativeAssets: 0.999ms
		UnloadImportedAssets: 0.269ms
		EnsureUptoDateAssetsAreRegisteredWithGuidPM: 0.972ms
		ImportSchedulerStart: 55.430ms
	PostProcessAllAssets: 10.826ms
		XRBuildSystem.XRAssetImported 1.636ms
		ObjectImages.AssetImported 0.058ms
		MonoPostProcessAllAssets: 7.235ms
			SyncVS.PostprocessSyncProject 2.827ms
			ShaderGraphAssetPostProcessor.OnPostprocessAllAssets 1.723ms
			AssetChangedListener.OnPostprocessAllAssets 0.715ms
			AssetPostprocessor.OnPostprocessAllAssets 0.246ms
			StyleCatalogPostProcessor.OnPostprocessAllAssets 0.200ms
			EditModeScopePostprocessor.OnPostprocessAllAssets 0.167ms
			RetainedModeAssetPostprocessor.OnPostprocessAllAssets 0.123ms
			RenderPipelineGlobalSettingsPostprocessor.OnPostprocessAllAssets 0.095ms
			BuilderAssetPostprocessor.OnPostprocessAllAssets 0.085ms
			UniversalRenderPipelineGlobalSettingsPostprocessor.OnPostprocessAllAssets 0.083ms
			MaterialPostprocessor.OnPostprocessAllAssets 0.074ms
			DomainReloadProcessor.OnPostprocessAllAssets 0.053ms
	PostAssetChangesProfiler: 41.497ms
	GatherAllCurrentPrimaryImportResultRevisions: 0.639ms
	PersistCurrentRevisions: 1.643ms
	Untracked: 37.284ms

Importing 'GUID: 0de31bbbdf38c849aa101e0ae4a3bbb8 - Path: Assets/Scenes/SampleScene/NavMesh-NavMesh Surface big.asset' with importer (NativeFormatImporter)
Imported 'GUID: 0de31bbbdf38c849aa101e0ae4a3bbb8' -> (Import Result ID: '47957a5704c982e22cf1dfae7e2b1a68') in 0.014 seconds [static dependencies only]. Details - ImportResultOutputID=633bdfb7dd0c68bbd64c4366efb34fc4 DependenciesID=53c08d52ea690c2bb836a099305bd10e StaticDependenciesID=418af7934b13d857d067707d3be361ea 
Asset Pipeline Refresh (id=a2c07cdc47be2e48898d9c6888029932): Total: 0.115 seconds - Initiated by StopAssetImportingV2(NoUpdateAssetOptions)
Asset Pipeline Refresh (id=729fc79e82cf3df36b0b22a91a25f497): Total: 0.185 seconds - Initiated by RefreshV2(AllowForceSynchronousImport)
Ground graph baked. Nodes: 2
UnityEngine.Debug:ExtractStackTraceNoAlloc (byte*,int,string)
UnityEngine.StackTraceUtility:ExtractStackTrace () (at /home/bokken/build/output/unity/unity/Runtime/Export/Scripting/StackTrace.cs:35)
UnityEngine.DebugLogHandler:Internal_Log (UnityEngine.LogType,UnityEngine.LogOption,string,UnityEngine.Object)
UnityEngine.DebugLogHandler:LogFormat (UnityEngine.LogType,UnityEngine.Object,string,object[])
UnityEngine.Logger:Log (UnityEngine.LogType,object,UnityEngine.Object)
UnityEngine.Debug:Log (object,UnityEngine.Object)
GroundGraphBaker:Bake () (at Assets/Scripts/GroundGraphBaker.cs:58)
GroundGraphBakerEditor:OnInspectorGUI () (at Assets/Scripts/Editor/GroundGraphBakerEditor.cs:20)
UnityEditor.UIElements.InspectorElement/<>c__DisplayClass85_0:<CreateInspectorElementUsingIMGUI>b__2 () (at /home/bokken/build/output/unity/unity/Editor/Mono/UIElements/Inspector/InspectorElement.cs:834)
UnityEngine.UIElements.IMGUIContainer:DoOnGUI (UnityEngine.Event,UnityEngine.Matrix4x4,UnityEngine.Rect,bool,UnityEngine.Rect,System.Action,bool) (at /home/bokken/build/output/unity/unity/Modules/UIElements/Core/IMGUIContainer.cs:380)
UnityEngine.UIElements.IMGUIContainer:HandleIMGUIEvent (UnityEngine.Event,UnityEngine.Matrix4x4,UnityEngine.Rect,System.Action,bool) (at /home/bokken/build/output/unity/unity/Modules/UIElements/Core/IMGUIContainer.cs:705)
UnityEngine.UIElements.IMGUIContainer:HandleIMGUIEvent (UnityEngine.Event,System.Action,bool) (at /home/bokken/build/output/unity/unity/Modules/UIElements/Core/IMGUIContainer.cs:675)
UnityEngine.UIElements.IMGUIContainer:HandleIMGUIEvent (UnityEngine.Event,bool) (at /home/bokken/build/output/unity/unity/Modules/UIElements/Core/IMGUIContainer.cs:668)
UnityEngine.UIElements.IMGUIContainer:SendEventToIMGUIRaw (UnityEngine.UIElements.EventBase,bool,bool) (at /home/bokken/build/output/unity/unity/Modules/UIElements/Core/IMGUIContainer.cs:628)
UnityEngine.UIElements.IMGUIContainer:SendEventToIMGUI (UnityEngine.UIElements.EventBase,bool,bool) (at /home/bokken/build/output/unity/unity/Modules/UIElements/Core/IMGUIContainer.cs:617)
UnityEngine.UIElements.IMGUIContainer:HandleEventBubbleUp (UnityEngine.UIElements.EventBase) (at /home/bokken/build/output/unity/unity/Modules/UIElements/Core/IMGUIContainer.cs:769)
UnityEngine.UIElements.EventDispatchUtilities:HandleEventAcrossPropagationPathWithCompatibilityEvent (UnityEngine.UIElements.EventBase,UnityEngine.UIElements.EventBase,UnityEngine.UIElements.BaseVisualElementPanel,UnityEngine.UIElements.VisualElement,bool) (at /home/bokken/build/output/unity/unity/Modules/UIElements/Core/Events/EventDispatchUtilities.cs:325)
UnityEngine.UIElements.EventDispatchUtilities:DispatchToCapturingElementOrElementUnderPointer (UnityEngine.UIElements.EventBase,UnityEngine.UIElements.BaseVisualElementPanel,int,UnityEngine.Vector2) (at /home/bokken/build/output/unity/unity/Modules/UIElements/Core/Events/EventDispatchUtilities.cs:566)
UnityEngine.UIElements.PointerUpEvent:Dispatch (UnityEngine.UIElements.BaseVisualElementPanel) (at /home/bokken/build/output/unity/unity/Modules/UIElements/Core/Events/PointerEvents.cs:1657)
UnityEngine.UIElements.EventDispatcher:ProcessEvent (UnityEngine.UIElements.EventBase,UnityEngine.UIElements.BaseVisualElementPanel) (at /home/bokken/build/output/unity/unity/Modules/UIElements/Core/EventDispatcher.cs:420)
UnityEngine.UIElements.EventDispatcher:Dispatch (UnityEngine.UIElements.EventBase,UnityEngine.UIElements.BaseVisualElementPanel,UnityEngine.UIElements.DispatchMode) (at /home/bokken/build/output/unity/unity/Modules/UIElements/Core/EventDispatcher.cs:216)
UnityEngine.UIElements.BaseVisualElementPanel:SendEvent (UnityEngine.UIElements.EventBase,UnityEngine.UIElements.DispatchMode) (at /home/bokken/build/output/unity/unity/Modules/UIElements/Core/Panel.cs:723)
UnityEditor.UIElements.EditorEventDispatchUtility:DoDispatch (UnityEngine.UIElements.BaseVisualElementPanel,UnityEngine.Event) (at /home/bokken/build/output/unity/unity/Modules/UIElementsEditor/EditorEventDispatchUtility.cs:89)
UnityEditor.UIElements.DefaultWindowBackend:ProcessEvent (UnityEngine.Event) (at /home/bokken/build/output/unity/unity/Modules/UIElementsEditor/WindowBackends/DefaultWindowBackend.cs:114)
UnityEditor.GUIView:ProcessEvent (UnityEngine.EntityId,intptr,bool&) (at /home/bokken/build/output/unity/unity/Editor/Mono/GUIView.cs:70)

(Filename: Assets/Scripts/GroundGraphBaker.cs Line: 58)

Ground graph baked. Nodes: 8188
UnityEngine.Debug:ExtractStackTraceNoAlloc (byte*,int,string)
UnityEngine.StackTraceUtility:ExtractStackTrace () (at /home/bokken/build/output/unity/unity/Runtime/Export/Scripting/StackTrace.cs:35)
UnityEngine.DebugLogHandler:Internal_Log (UnityEngine.LogType,UnityEngine.LogOption,string,UnityEngine.Object)
UnityEngine.DebugLogHandler:LogFormat (UnityEngine.LogType,UnityEngine.Object,string,object[])
UnityEngine.Logger:Log (UnityEngine.LogType,object,UnityEngine.Object)
UnityEngine.Debug:Log (object,UnityEngine.Object)
GroundGraphBaker:Bake () (at Assets/Scripts/GroundGraphBaker.cs:58)
GroundGraphBakerEditor:OnInspectorGUI () (at Assets/Scripts/Editor/GroundGraphBakerEditor.cs:20)
UnityEditor.UIElements.InspectorElement/<>c__DisplayClass85_0:<CreateInspectorElementUsingIMGUI>b__2 () (at /home/bokken/build/output/unity/unity/Editor/Mono/UIElements/Inspector/InspectorElement.cs:834)
UnityEngine.UIElements.IMGUIContainer:DoOnGUI (UnityEngine.Event,UnityEngine.Matrix4x4,UnityEngine.Rect,bool,UnityEngine.Rect,System.Action,bool) (at /home/bokken/build/output/unity/unity/Modules/UIElements/Core/IMGUIContainer.cs:380)
UnityEngine.UIElements.IMGUIContainer:HandleIMGUIEvent (UnityEngine.Event,UnityEngine.Matrix4x4,UnityEngine.Rect,System.Action,bool) (at /home/bokken/build/output/unity/unity/Modules/UIElements/Core/IMGUIContainer.cs:705)
UnityEngine.UIElements.IMGUIContainer:HandleIMGUIEvent (UnityEngine.Event,System.Action,bool) (at /home/bokken/build/output/unity/unity/Modules/UIElements/Core/IMGUIContainer.cs:675)
UnityEngine.UIElements.IMGUIContainer:HandleIMGUIEvent (UnityEngine.Event,bool) (at /home/bokken/build/output/unity/unity/Modules/UIElements/Core/IMGUIContainer.cs:668)
UnityEngine.UIElements.IMGUIContainer:SendEventToIMGUIRaw (UnityEngine.UIElements.EventBase,bool,bool) (at /home/bokken/build/output/unity/unity/Modules/UIElements/Core/IMGUIContainer.cs:628)
UnityEngine.UIElements.IMGUIContainer:SendEventToIMGUI (UnityEngine.UIElements.EventBase,bool,bool) (at /home/bokken/build/output/unity/unity/Modules/UIElements/Core/IMGUIContainer.cs:617)
UnityEngine.UIElements.IMGUIContainer:HandleEventBubbleUp (UnityEngine.UIElements.EventBase) (at /home/bokken/build/output/unity/unity/Modules/UIElements/Core/IMGUIContainer.cs:769)
UnityEngine.UIElements.EventDispatchUtilities:HandleEventAcrossPropagationPathWithCompatibilityEvent (UnityEngine.UIElements.EventBase,UnityEngine.UIElements.EventBase,UnityEngine.UIElements.BaseVisualElementPanel,UnityEngine.UIElements.VisualElement,bool) (at /home/bokken/build/output/unity/unity/Modules/UIElements/Core/Events/EventDispatchUtilities.cs:325)
UnityEngine.UIElements.EventDispatchUtilities:DispatchToCapturingElementOrElementUnderPointer (UnityEngine.UIElements.EventBase,UnityEngine.UIElements.BaseVisualElementPanel,int,UnityEngine.Vector2) (at /home/bokken/build/output/unity/unity/Modules/UIElements/Core/Events/EventDispatchUtilities.cs:566)
UnityEngine.UIElements.PointerUpEvent:Dispatch (UnityEngine.UIElements.BaseVisualElementPanel) (at /home/bokken/build/output/unity/unity/Modules/UIElements/Core/Events/PointerEvents.cs:1657)
UnityEngine.UIElements.EventDispatcher:ProcessEvent (UnityEngine.UIElements.EventBase,UnityEngine.UIElements.BaseVisualElementPanel) (at /home/bokken/build/output/unity/unity/Modules/UIElements/Core/EventDispatcher.cs:420)
UnityEngine.UIElements.EventDispatcher:Dispatch (UnityEngine.UIElements.EventBase,UnityEngine.UIElements.BaseVisualElementPanel,UnityEngine.UIElements.DispatchMode) (at /home/bokken/build/output/unity/unity/Modules/UIElements/Core/EventDispatcher.cs:216)
UnityEngine.UIElements.BaseVisualElementPanel:SendEvent (UnityEngine.UIElements.EventBase,UnityEngine.UIElements.DispatchMode) (at /home/bokken/build/output/unity/unity/Modules/UIElements/Core/Panel.cs:723)
UnityEditor.UIElements.EditorEventDispatchUtility:DoDispatch (UnityEngine.UIElements.BaseVisualElementPanel,UnityEngine.Event) (at /home/bokken/build/output/unity/unity/Modules/UIElementsEditor/EditorEventDispatchUtility.cs:89)
UnityEditor.UIElements.DefaultWindowBackend:ProcessEvent (UnityEngine.Event) (at /home/bokken/build/output/unity/unity/Modules/UIElementsEditor/WindowBackends/DefaultWindowBackend.cs:114)
UnityEditor.GUIView:ProcessEvent (UnityEngine.EntityId,intptr,bool&) (at /home/bokken/build/output/unity/unity/Editor/Mono/GUIView.cs:70)

(Filename: Assets/Scripts/GroundGraphBaker.cs Line: 58)

Ground graph baked. Nodes: 8220
UnityEngine.Debug:ExtractStackTraceNoAlloc (byte*,int,string)
UnityEngine.StackTraceUtility:ExtractStackTrace () (at /home/bokken/build/output/unity/unity/Runtime/Export/Scripting/StackTrace.cs:35)
UnityEngine.DebugLogHandler:Internal_Log (UnityEngine.LogType,UnityEngine.LogOption,string,UnityEngine.Object)
UnityEngine.DebugLogHandler:LogFormat (UnityEngine.LogType,UnityEngine.Object,string,object[])
UnityEngine.Logger:Log (UnityEngine.LogType,object,UnityEngine.Object)
UnityEngine.Debug:Log (object,UnityEngine.Object)
GroundGraphBaker:Bake () (at Assets/Scripts/GroundGraphBaker.cs:58)
GroundGraphBakerEditor:OnInspectorGUI () (at Assets/Scripts/Editor/GroundGraphBakerEditor.cs:20)
UnityEditor.UIElements.InspectorElement/<>c__DisplayClass85_0:<CreateInspectorElementUsingIMGUI>b__2 () (at /home/bokken/build/output/unity/unity/Editor/Mono/UIElements/Inspector/InspectorElement.cs:834)
UnityEngine.UIElements.IMGUIContainer:DoOnGUI (UnityEngine.Event,UnityEngine.Matrix4x4,UnityEngine.Rect,bool,UnityEngine.Rect,System.Action,bool) (at /home/bokken/build/output/unity/unity/Modules/UIElements/Core/IMGUIContainer.cs:380)
UnityEngine.UIElements.IMGUIContainer:HandleIMGUIEvent (UnityEngine.Event,UnityEngine.Matrix4x4,UnityEngine.Rect,System.Action,bool) (at /home/bokken/build/output/unity/unity/Modules/UIElements/Core/IMGUIContainer.cs:705)
UnityEngine.UIElements.IMGUIContainer:HandleIMGUIEvent (UnityEngine.Event,System.Action,bool) (at /home/bokken/build/output/unity/unity/Modules/UIElements/Core/IMGUIContainer.cs:675)
UnityEngine.UIElements.IMGUIContainer:HandleIMGUIEvent (UnityEngine.Event,bool) (at /home/bokken/build/output/unity/unity/Modules/UIElements/Core/IMGUIContainer.cs:668)
UnityEngine.UIElements.IMGUIContainer:SendEventToIMGUIRaw (UnityEngine.UIElements.EventBase,bool,bool) (at /home/bokken/build/output/unity/unity/Modules/UIElements/Core/IMGUIContainer.cs:628)
UnityEngine.UIElements.IMGUIContainer:SendEventToIMGUI (UnityEngine.UIElements.EventBase,bool,bool) (at /home/bokken/build/output/unity/unity/Modules/UIElements/Core/IMGUIContainer.cs:617)
UnityEngine.UIElements.IMGUIContainer:HandleEventBubbleUp (UnityEngine.UIElements.EventBase) (at /home/bokken/build/output/unity/unity/Modules/UIElements/Core/IMGUIContainer.cs:769)
UnityEngine.UIElements.EventDispatchUtilities:HandleEventAcrossPropagationPathWithCompatibilityEvent (UnityEngine.UIElements.EventBase,UnityEngine.UIElements.EventBase,UnityEngine.UIElements.BaseVisualElementPanel,UnityEngine.UIElements.VisualElement,bool) (at /home/bokken/build/output/unity/unity/Modules/UIElements/Core/Events/EventDispatchUtilities.cs:325)
UnityEngine.UIElements.EventDispatchUtilities:DispatchToCapturingElementOrElementUnderPointer (UnityEngine.UIElements.EventBase,UnityEngine.UIElements.BaseVisualElementPanel,int,UnityEngine.Vector2) (at /home/bokken/build/output/unity/unity/Modules/UIElements/Core/Events/EventDispatchUtilities.cs:566)
UnityEngine.UIElements.PointerUpEvent:Dispatch (UnityEngine.UIElements.BaseVisualElementPanel) (at /home/bokken/build/output/unity/unity/Modules/UIElements/Core/Events/PointerEvents.cs:1657)
UnityEngine.UIElements.EventDispatcher:ProcessEvent (UnityEngine.UIElements.EventBase,UnityEngine.UIElements.BaseVisualElementPanel) (at /home/bokken/build/output/unity/unity/Modules/UIElements/Core/EventDispatcher.cs:420)
UnityEngine.UIElements.EventDispatcher:Dispatch (UnityEngine.UIElements.EventBase,UnityEngine.UIElements.BaseVisualElementPanel,UnityEngine.UIElements.DispatchMode) (at /home/bokken/build/output/unity/unity/Modules/UIElements/Core/EventDispatcher.cs:216)
UnityEngine.UIElements.BaseVisualElementPanel:SendEvent (UnityEngine.UIElements.EventBase,UnityEngine.UIElements.DispatchMode) (at /home/bokken/build/output/unity/unity/Modules/UIElements/Core/Panel.cs:723)
UnityEditor.UIElements.EditorEventDispatchUtility:DoDispatch (UnityEngine.UIElements.BaseVisualElementPanel,UnityEngine.Event) (at /home/bokken/build/output/unity/unity/Modules/UIElementsEditor/EditorEventDispatchUtility.cs:89)
UnityEditor.UIElements.DefaultWindowBackend:ProcessEvent (UnityEngine.Event) (at /home/bokken/build/output/unity/unity/Modules/UIElementsEditor/WindowBackends/DefaultWindowBackend.cs:114)
UnityEditor.GUIView:ProcessEvent (UnityEngine.EntityId,intptr,bool&) (at /home/bokken/build/output/unity/unity/Editor/Mono/GUIView.cs:70)

(Filename: Assets/Scripts/GroundGraphBaker.cs Line: 58)

Asset Pipeline Refresh (id=92478fd8b12c43f6181f0f77aec5d70a): Total: 0.188 seconds - Initiated by RefreshV2(AllowForceSynchronousImport)
Importing 'GUID: 99c9720ab356a0642a771bea13969a05 - Path: Assets/Scenes/SampleScene.unity' with importer (DefaultImporter)
Imported 'GUID: 99c9720ab356a0642a771bea13969a05' -> (Import Result ID: '290be8094dcdb54b9d97e32b4ccab34d') in 0.010 seconds [static dependencies only]. Details - ImportResultOutputID=378ca25c6c95e370f41ed482e616ed68 DependenciesID=4772e5165e7ae5703b29082051a95ca7 StaticDependenciesID=da090d561a8825554e47af5bc965b301 
Refreshing native plugins compatible for Editor in 6.56 ms, found 0 plugins.
Asset Pipeline Refresh (id=c3c1a7cd4855ca4a281171dbe21ff2bf): Total: 0.265 seconds - Initiated by StopAssetImportingV2(NoUpdateAssetOptions)
[ScriptCompilation] Requested script compilation because: AssetDatabase observed changes in script compilation related files
AssetDatabase: script compilation time: 0.013924s
[Licensing::Client] Successfully resolved entitlement details
[Licensing::Module] License group:
  Id: F4-M77M-HXW8-HJ67-XE8W-XXXX
  Product: Unity Personal
  Type: ULF
  Expiration: Unlimited
[Licensing::Module] License group:
  Id: 10170777712478-UnityPersXXXX
  Product: Unity Personal
  Type: Assigned
  Expiration: Unlimited
info: Microsoft.AspNetCore.Hosting.Diagnostics[1]
      Request starting HTTP/2 POST http://ilpp/UnityILPP.PostProcessing/Ping - application/grpc -
info: Microsoft.AspNetCore.Routing.EndpointMiddleware[0]
      Executing endpoint 'gRPC - /UnityILPP.PostProcessing/Ping'
info: Microsoft.AspNetCore.Routing.EndpointMiddleware[1]
      Executed endpoint 'gRPC - /UnityILPP.PostProcessing/Ping'
info: Microsoft.AspNetCore.Hosting.Diagnostics[2]
      Request finished HTTP/2 POST http://ilpp/UnityILPP.PostProcessing/Ping - 200 - application/grpc 17.4774ms
Starting: /home/usio/Unity/Hub/Editor/6000.5.8f1/Data/Tools/BuildPipeline/bee_backend --ipc --defer-dag-verification --dagfile="Library/Bee/2400b0aE.dag" --continue-on-failure --profile="Library/Bee/backend1.traceevents" ScriptAssemblies
WorkingDir: /home/usio/Titan test
info: Microsoft.AspNetCore.Hosting.Diagnostics[1]
      Request starting HTTP/2 POST http://ilpp/UnityILPP.PostProcessing/ConfigurePostProcessors - application/grpc -
info: Microsoft.AspNetCore.Routing.EndpointMiddleware[0]
      Executing endpoint 'gRPC - /UnityILPP.PostProcessing/ConfigurePostProcessors'
info: Unity.ILPP.Runner.PostProcessingAssemblyLoadContext[0]
      Current configuration matches the requested one, skipping
info: Microsoft.AspNetCore.Routing.EndpointMiddleware[1]
      Executed endpoint 'gRPC - /UnityILPP.PostProcessing/ConfigurePostProcessors'
info: Microsoft.AspNetCore.Hosting.Diagnostics[2]
      Request finished HTTP/2 POST http://ilpp/UnityILPP.PostProcessing/ConfigurePostProcessors - 200 - application/grpc 1.9236ms
info: Microsoft.AspNetCore.Hosting.Diagnostics[1]
      Request starting HTTP/2 POST http://ilpp/UnityILPP.PostProcessing/PostProcessAssembly - application/grpc -
info: Microsoft.AspNetCore.Hosting.Diagnostics[1]
      Request starting HTTP/2 POST http://ilpp/UnityILPP.PostProcessing/PostProcessAssembly - application/grpc -
info: Microsoft.AspNetCore.Routing.EndpointMiddleware[0]
      Executing endpoint 'gRPC - /UnityILPP.PostProcessing/PostProcessAssembly'
info: Microsoft.AspNetCore.Routing.EndpointMiddleware[0]
      Executing endpoint 'gRPC - /UnityILPP.PostProcessing/PostProcessAssembly'
info: Unity.ILPP.Runner.PostProcessingPipeline[0]
      Processing assembly Library/Bee/artifacts/2400b0aE.dag/Assembly-CSharp-Editor.dll, with 132 defines and 368 references
info: Unity.ILPP.Runner.PostProcessingPipeline[0]
      Processing assembly Library/Bee/artifacts/2400b0aE.dag/Assembly-CSharp.dll, with 134 defines and 344 references
info: Unity.ILPP.Runner.PostProcessingPipeline[0]
      processors: Unity.Jobs.CodeGen.JobsILPostProcessor, zzzUnity.Burst.CodeGen.BurstILPostProcessor
info: Unity.ILPP.Runner.PostProcessingPipeline[0]
      processors: Unity.Jobs.CodeGen.JobsILPostProcessor, zzzUnity.Burst.CodeGen.BurstILPostProcessor
info: Unity.ILPP.Runner.PostProcessingPipeline[0]
      running Unity.Jobs.CodeGen.JobsILPostProcessor
info: Unity.ILPP.Runner.PostProcessingPipeline[0]
      running Unity.Jobs.CodeGen.JobsILPostProcessor
info: Unity.ILPP.Runner.PostProcessingPipeline[0]
      running zzzUnity.Burst.CodeGen.BurstILPostProcessor
info: Unity.ILPP.Runner.PostProcessingPipeline[0]
      running zzzUnity.Burst.CodeGen.BurstILPostProcessor
info: Microsoft.AspNetCore.Routing.EndpointMiddleware[1]
      Executed endpoint 'gRPC - /UnityILPP.PostProcessing/PostProcessAssembly'
info: Microsoft.AspNetCore.Hosting.Diagnostics[2]
      Request finished HTTP/2 POST http://ilpp/UnityILPP.PostProcessing/PostProcessAssembly - 200 - application/grpc 86.7573ms
info: Microsoft.AspNetCore.Routing.EndpointMiddleware[1]
      Executed endpoint 'gRPC - /UnityILPP.PostProcessing/PostProcessAssembly'
info: Microsoft.AspNetCore.Hosting.Diagnostics[2]
      Request finished HTTP/2 POST http://ilpp/UnityILPP.PostProcessing/PostProcessAssembly - 200 - application/grpc 87.3871ms
ExitCode: 0 Duration: 1s78ms
[715/937    0s] ILPP-Configuration Library/ilpp-configuration.nevergeneratedoutput
[929/937    0s] Csc Library/Bee/artifacts/2400b0aE.dag/Assembly-CSharp.dll (+2 others)
[931/937    0s] ILPostProcess Library/Bee/artifacts/2400b0aE.dag/post-processed/Assembly-CSharp-Editor.dll (+pdb)
Processing assembly Library/Bee/artifacts/2400b0aE.dag/Assembly-CSharp-Editor.dll, with 132 defines and 368 references
processors: Unity.Jobs.CodeGen.JobsILPostProcessor, zzzUnity.Burst.CodeGen.BurstILPostProcessor
running Unity.Jobs.CodeGen.JobsILPostProcessor
running zzzUnity.Burst.CodeGen.BurstILPostProcessor
[932/937    0s] ILPostProcess Library/Bee/artifacts/2400b0aE.dag/post-processed/Assembly-CSharp.dll (+pdb)
Processing assembly Library/Bee/artifacts/2400b0aE.dag/Assembly-CSharp.dll, with 134 defines and 344 references
processors: Unity.Jobs.CodeGen.JobsILPostProcessor, zzzUnity.Burst.CodeGen.BurstILPostProcessor
running Unity.Jobs.CodeGen.JobsILPostProcessor
running zzzUnity.Burst.CodeGen.BurstILPostProcessor
[935/937    0s] CopyFiles Library/ScriptAssemblies/Assembly-CSharp.pdb
[936/937    0s] CopyFiles Library/ScriptAssemblies/Assembly-CSharp.dll
*** Tundra build success (0.95 seconds), 6 items updated, 937 evaluated
Reloading assemblies after forced synchronous recompile.
Total cache size 172573348
Begin MonoManager ReloadAssembly
Total cache size after purge 172573348, took 00:00:00.4688785
Assembly reference Packages/com.unity.cinemachine/Editor/Samples/ExposeHDRPInternals/HDRP-Editor-ref.asmref has no target assembly definition
Refreshing native plugins compatible for Editor in 3.62 ms, found 0 plugins.
Native extension for LinuxStandalone target not found
[MODES] ModeService[none].Initialize
[MODES] ModeService[none].LoadModes
ScheduleIndexationOnStartup MainProcess:True IndexOnStartup:True
Mono: successfully reloaded assembly
- Finished resetting the current domain, in  2.504 seconds
Domain Reload Profiling: 7326ms
	BeginReloadAssembly (3796ms)
		DisableScriptedObjects (438ms)
		CreateAndSetChildDomain (2769ms)
	RebuildCommonClasses (12ms)
	RebuildNativeTypeToScriptingClass (10ms)
	initialDomainReloadingComplete (195ms)
	LoadAllAssembliesAndSetupDomain (807ms)
		LoadAssemblies (497ms)
		AnalyzeDomain (325ms)
			TypeCache.Refresh (22ms)
			BuildScriptInfoCaches (265ms)
			ResolveRequiredComponents (28ms)
	FinalizeReload (2506ms)
		SetupLoadedEditorAssemblies (0ms)
			InitializePlatformSupportModulesInManaged (3ms)
			BeforeProcessingInitializeOnLoad (329ms)
			ProcessInitializeOnLoadAttributes (607ms)
			ProcessInitializeOnLoadMethodAttributes (151ms)
			AfterProcessingInitializeOnLoad (6ms)
		AwakeInstancesAfterBackupRestoration (629ms)

Asset Pipeline Refresh (id=a84b718816d47e615a33dce4f1c5b82b): Total: 10.770 seconds - Initiated by RefreshV2(AllowForceSynchronousImport)
	(Values over 0.05ms)
	Summary:
		Imports: total=0 (actual=0, local cache=0, cache server=0)
		Asset DB Process Time: managed=0 ms, native=3679 ms
		Asset DB Callback time: managed=79 ms, native=11 ms
		Scripting: domain reloads=1, domain reload time=4951 ms, compile time=2046 ms, other=0 ms
		Project Asset Count: scripts=1480, non-scripts=2685
		Asset File Changes: new=0, changed=1, moved=0, deleted=0
		Scan Filter Count: 1
	InvokePackagesCallback: 5.290ms
	ApplyChangesToAssetFolders: 1.230ms
	Scan: 756.946ms
	Collect global state as custom dependencies: 5.587ms
	OnSourceAssetsModified: 1.520ms
	CategorizeScriptCompilationAssets: 0.252ms
	ProcessAssetsWithTransientArtifactChanges: 16.136ms
	CategorizeAssets: 161.819ms
	CompileScripts: 2046.426ms
	ImportOutOfDateAssets: 2605.688ms (2532.923ms without children)
		CollectScriptTypesHashes: 7.016ms
		ReloadNativeAssets: 0.874ms
		UnloadImportedAssets: 0.521ms
		EnsureUptoDateAssetsAreRegisteredWithGuidPM: 1.235ms
		ImportSchedulerStart: 70.037ms
	PostProcessAllAssets: 81.918ms
		XRBuildSystem.XRAssetImported 1.192ms
		PostProcessCallbackCreateDeferredMaterials 0.448ms
		ObjectImages.AssetImported 0.076ms
		PostprocessAssetsUpdateCachedIcon 0.061ms
		MonoPostProcessAllAssets: 78.749ms
			BuilderAssetPostprocessor.OnPostprocessAllAssets 9.937ms
			UniversalRenderPipelineGlobalSettingsPostprocessor.OnPostprocessAllAssets 9.923ms
			SyncVS.PostprocessSyncProject 7.062ms
			AssetChangedListener.OnPostprocessAllAssets 5.471ms
			AssetPostprocessor.OnPostprocessAllAssets 4.264ms
			WindowAssetPostprocessingWatcher.OnPostprocessAllAssets 2.996ms
			EditModeScopePostprocessor.OnPostprocessAllAssets 2.487ms
			SpeedTree9Postprocessor.OnPostprocessAllAssets 1.954ms
			TMPro_TexturePostProcessor.OnPostprocessAllAssets 1.306ms
			ShaderGraphAssetPostProcessor.OnPostprocessAllAssets 1.280ms
			RetainedModeAssetPostprocessor.OnPostprocessAllAssets 1.156ms
			ProjectSettingsPostprocessor.OnPostprocessAllAssets 0.787ms
			MaterialPostprocessor.OnPostprocessAllAssets 0.749ms
			SampleDependencyImporterPostProcessor.OnPostprocessAllAssets 0.641ms
			ArtifactBrowserPostProcessor.OnPostprocessAllAssets 0.634ms
			RenderPipelineGlobalSettingsPostprocessor.OnPostprocessAllAssets 0.626ms
			CinemachineSettings.OnPostprocessAllAssets 0.480ms
			UVCSAssetPostprocessor.OnPostprocessAllAssets 0.432ms
			AudioMixerPostprocessor.OnPostprocessAllAssets 0.377ms
			TextAssetPostProcessor.OnPostprocessAllAssets 0.326ms
			ShaderReflectionAssetPostProcessor.OnPostprocessAllAssets 0.321ms
			InputActionAssetPostprocessor.OnPostprocessAllAssets 0.295ms
			DomainReloadProcessor.OnPostprocessAllAssets 0.273ms
			InputActionJsonNameModifierAssetProcessor.OnPostprocessAllAssets 0.270ms
			ReferencedClipsPostProcessor.OnPostprocessAllAssets 0.265ms
			AssetEvents.OnPostprocessAllAssets 0.243ms
			StyleCatalogPostProcessor.OnPostprocessAllAssets 0.234ms
			PostProcessor.OnPostprocessAllAssets 0.204ms
			AssetDatabaseCallbacks.OnPostprocessAllAssets 0.193ms
			ScenarioDriftAssetsTracker.OnPostprocessAllAssets 0.168ms
			SamplePostprocessor.OnPostprocessAllAssets 0.163ms
			TerrainToolbarOverlayPostProcessor.OnPostprocessAllAssets 0.163ms
			ConfigAssetsTracker.OnPostprocessAllAssets 0.162ms
			SpeedTreePostProcessor.OnPostprocessAllAssets 0.157ms
			AssetReloadNotifier.OnPostprocessAllAssets 0.128ms
			AudioContainerPostProcessor.OnPostprocessAllAssets 0.079ms
	PostAssetChangesProfiler: 4.120ms
	GatherAllCurrentPrimaryImportResultRevisions: 1.941ms
	UnloadStreamsBegin: 1.704ms
	PersistCurrentRevisions: 0.407ms
	GenerateScriptTypeHashes: 3.288ms
	GenerateScriptTypeSerializationHashes: 5.454ms
	Untracked: 5070.266ms

[Licensing::Client] Successfully resolved entitlement details
[Licensing::Client] Successfully resolved entitlement details
[Licensing::Client] Successfully resolved entitlement details
Reloading assemblies for play mode.
Reloading assemblies after forced synchronous recompile.
Begin MonoManager ReloadAssembly
Assembly reference Packages/com.unity.cinemachine/Editor/Samples/ExposeHDRPInternals/HDRP-Editor-ref.asmref has no target assembly definition
Native extension for LinuxStandalone target not found
ScheduleIndexationOnStartup MainProcess:True IndexOnStartup:True
[MODES] ModeService[none].Initialize
[MODES] ModeService[none].LoadModes
Mono: successfully reloaded assembly
- Finished resetting the current domain, in  2.474 seconds
Domain Reload Profiling: 5681ms
	BeginReloadAssembly (2787ms)
		DisableScriptedObjects (93ms)
		CreateAndSetChildDomain (2422ms)
	RebuildCommonClasses (13ms)
	RebuildNativeTypeToScriptingClass (11ms)
	initialDomainReloadingComplete (80ms)
	LoadAllAssembliesAndSetupDomain (315ms)
		LoadAssemblies (331ms)
		AnalyzeDomain (54ms)
			TypeCache.Refresh (15ms)
			ResolveRequiredComponents (28ms)
	FinalizeReload (2475ms)
		SetupLoadedEditorAssemblies (0ms)
			BeforeProcessingInitializeOnLoad (149ms)
			ProcessInitializeOnLoadAttributes (541ms)
			ProcessInitializeOnLoadMethodAttributes (168ms)
			AfterProcessingInitializeOnLoad (5ms)
		AwakeInstancesAfterBackupRestoration (852ms)

Asset Pipeline Refresh (id=26baf008f9d6c89deb41d9c8b7e7b2e0): Total: 6.086 seconds - Initiated by StopAssetImportingV2(ForceSynchronousImport | ForceDomainReload)
	(Values over 0.05ms)
	Summary:
		Imports: total=0 (actual=0, local cache=0, cache server=0)
		Asset DB Process Time: managed=0 ms, native=2753 ms
		Asset DB Callback time: managed=67 ms, native=0 ms
		Scripting: domain reloads=1, domain reload time=3262 ms, compile time=2 ms, other=0 ms
		Project Asset Count: scripts=1480, non-scripts=2685
		Asset File Changes: new=0, changed=0, moved=0, deleted=0
		Scan Filter Count: 0
	InvokePackagesCallback: 1.123ms
	ApplyChangesToAssetFolders: 0.641ms
	Collect global state as custom dependencies: 2.660ms
	ProcessAssetsWithTransientArtifactChanges: 3.080ms
	CategorizeAssets: 69.475ms
	CompileScripts: 2.192ms
	ImportOutOfDateAssets: 2579.121ms (2497.188ms without children)
		CollectScriptTypesHashes: 1.776ms
		ReloadNativeAssets: 1.126ms
		UnloadImportedAssets: 0.172ms
		EnsureUptoDateAssetsAreRegisteredWithGuidPM: 0.861ms
		ImportSchedulerStart: 79.700ms
	PostProcessAllAssets: 67.452ms
		MonoPostProcessAllAssets: 67.442ms
			UniversalRenderPipelineGlobalSettingsPostprocessor.OnPostprocessAllAssets 20.875ms
			SyncVS.PostprocessSyncProject 12.113ms
			BuilderAssetPostprocessor.OnPostprocessAllAssets 9.937ms
			RenderPipelineGlobalSettingsPostprocessor.OnPostprocessAllAssets 8.088ms
			AssetChangedListener.OnPostprocessAllAssets 5.471ms
			AssetPostprocessor.OnPostprocessAllAssets 4.264ms
			SpeedTree9Postprocessor.OnPostprocessAllAssets 3.477ms
			WindowAssetPostprocessingWatcher.OnPostprocessAllAssets 3.436ms
			ProjectSettingsPostprocessor.OnPostprocessAllAssets 1.316ms
			TMPro_TexturePostProcessor.OnPostprocessAllAssets 1.306ms
			ShaderGraphAssetPostProcessor.OnPostprocessAllAssets 1.280ms
			RetainedModeAssetPostprocessor.OnPostprocessAllAssets 1.156ms
			MaterialPostprocessor.OnPostprocessAllAssets 0.749ms
			ShaderReflectionAssetPostProcessor.OnPostprocessAllAssets 0.649ms
			SampleDependencyImporterPostProcessor.OnPostprocessAllAssets 0.641ms
			ArtifactBrowserPostProcessor.OnPostprocessAllAssets 0.634ms
			CinemachineSettings.OnPostprocessAllAssets 0.551ms
			EditModeScopePostprocessor.OnPostprocessAllAssets 0.542ms
			InputActionAssetPostprocessor.OnPostprocessAllAssets 0.440ms
			UVCSAssetPostprocessor.OnPostprocessAllAssets 0.432ms
			AudioMixerPostprocessor.OnPostprocessAllAssets 0.377ms
			ReferencedClipsPostProcessor.OnPostprocessAllAssets 0.365ms
			TextAssetPostProcessor.OnPostprocessAllAssets 0.326ms
			DomainReloadProcessor.OnPostprocessAllAssets 0.283ms
			InputActionJsonNameModifierAssetProcessor.OnPostprocessAllAssets 0.270ms
			TerrainToolbarOverlayPostProcessor.OnPostprocessAllAssets 0.247ms
			AssetEvents.OnPostprocessAllAssets 0.243ms
			StyleCatalogPostProcessor.OnPostprocessAllAssets 0.234ms
			AssetDatabaseCallbacks.OnPostprocessAllAssets 0.204ms
			PostProcessor.OnPostprocessAllAssets 0.204ms
			ScenarioDriftAssetsTracker.OnPostprocessAllAssets 0.168ms
			SamplePostprocessor.OnPostprocessAllAssets 0.163ms
			ConfigAssetsTracker.OnPostprocessAllAssets 0.162ms
			SpeedTreePostProcessor.OnPostprocessAllAssets 0.157ms
			AssetReloadNotifier.OnPostprocessAllAssets 0.128ms
			AudioContainerPostProcessor.OnPostprocessAllAssets 0.079ms
	GatherAllCurrentPrimaryImportResultRevisions: 0.545ms
	UnloadStreamsBegin: 5.173ms
	PersistCurrentRevisions: 0.267ms
	GenerateScriptTypeHashes: 3.536ms
	GenerateScriptTypeSerializationHashes: 6.022ms
	Untracked: 3349.633ms

Loaded scene 'Temp/__Backupscenes/0.backup'
	Deserialize:            40.783 ms
	Integration:            804.855 ms
	Integration of assets:  1.197 ms
	Thread Wait Time:       -0.041 ms
	Total Operation Time:   846.794 ms
[Licensing::Client] Successfully resolved entitlement details
[Licensing::Client] Successfully resolved entitlement details
[Licensing::Client] Successfully resolved entitlement details
hurtbox
UnityEngine.Debug:ExtractStackTraceNoAlloc (byte*,int,string)
UnityEngine.StackTraceUtility:ExtractStackTrace () (at /home/bokken/build/output/unity/unity/Runtime/Export/Scripting/StackTrace.cs:35)
UnityEngine.DebugLogHandler:Internal_Log (UnityEngine.LogType,UnityEngine.LogOption,string,UnityEngine.Object)
UnityEngine.DebugLogHandler:LogFormat (UnityEngine.LogType,UnityEngine.Object,string,object[])
UnityEngine.Logger:Log (UnityEngine.LogType,object)
UnityEngine.Debug:Log (object)
HitBox:OnTriggerEnter (UnityEngine.Collider) (at Assets/Scripts/HitBox.cs:12)

(Filename: Assets/Scripts/HitBox.cs Line: 12)

hurtbox
UnityEngine.Debug:ExtractStackTraceNoAlloc (byte*,int,string)
UnityEngine.StackTraceUtility:ExtractStackTrace () (at /home/bokken/build/output/unity/unity/Runtime/Export/Scripting/StackTrace.cs:35)
UnityEngine.DebugLogHandler:Internal_Log (UnityEngine.LogType,UnityEngine.LogOption,string,UnityEngine.Object)
UnityEngine.DebugLogHandler:LogFormat (UnityEngine.LogType,UnityEngine.Object,string,object[])
UnityEngine.Logger:Log (UnityEngine.LogType,object)
UnityEngine.Debug:Log (object)
HitBox:OnTriggerEnter (UnityEngine.Collider) (at Assets/Scripts/HitBox.cs:13)

(Filename: Assets/Scripts/HitBox.cs Line: 13)

 Took 7 damage.
UnityEngine.Debug:ExtractStackTraceNoAlloc (byte*,int,string)
UnityEngine.StackTraceUtility:ExtractStackTrace () (at /home/bokken/build/output/unity/unity/Runtime/Export/Scripting/StackTrace.cs:35)
UnityEngine.DebugLogHandler:Internal_Log (UnityEngine.LogType,UnityEngine.LogOption,string,UnityEngine.Object)
UnityEngine.DebugLogHandler:LogFormat (UnityEngine.LogType,UnityEngine.Object,string,object[])
UnityEngine.Logger:Log (UnityEngine.LogType,object)
UnityEngine.Debug:Log (object)
HurtBox:TakeDamage (int) (at Assets/Scripts/HurtBox.cs:7)
HitBox:OnTriggerEnter (UnityEngine.Collider) (at Assets/Scripts/HitBox.cs:17)

(Filename: Assets/Scripts/HurtBox.cs Line: 7)

hurtbox
UnityEngine.Debug:ExtractStackTraceNoAlloc (byte*,int,string)
UnityEngine.StackTraceUtility:ExtractStackTrace () (at /home/bokken/build/output/unity/unity/Runtime/Export/Scripting/StackTrace.cs:35)
UnityEngine.DebugLogHandler:Internal_Log (UnityEngine.LogType,UnityEngine.LogOption,string,UnityEngine.Object)
UnityEngine.DebugLogHandler:LogFormat (UnityEngine.LogType,UnityEngine.Object,string,object[])
UnityEngine.Logger:Log (UnityEngine.LogType,object)
UnityEngine.Debug:Log (object)
HitBox:OnTriggerEnter (UnityEngine.Collider) (at Assets/Scripts/HitBox.cs:12)

(Filename: Assets/Scripts/HitBox.cs Line: 12)

hurtbox
UnityEngine.Debug:ExtractStackTraceNoAlloc (byte*,int,string)
UnityEngine.StackTraceUtility:ExtractStackTrace () (at /home/bokken/build/output/unity/unity/Runtime/Export/Scripting/StackTrace.cs:35)
UnityEngine.DebugLogHandler:Internal_Log (UnityEngine.LogType,UnityEngine.LogOption,string,UnityEngine.Object)
UnityEngine.DebugLogHandler:LogFormat (UnityEngine.LogType,UnityEngine.Object,string,object[])
UnityEngine.Logger:Log (UnityEngine.LogType,object)
UnityEngine.Debug:Log (object)
HitBox:OnTriggerEnter (UnityEngine.Collider) (at Assets/Scripts/HitBox.cs:13)

(Filename: Assets/Scripts/HitBox.cs Line: 13)

 Took 7 damage.
UnityEngine.Debug:ExtractStackTraceNoAlloc (byte*,int,string)
UnityEngine.StackTraceUtility:ExtractStackTrace () (at /home/bokken/build/output/unity/unity/Runtime/Export/Scripting/StackTrace.cs:35)
UnityEngine.DebugLogHandler:Internal_Log (UnityEngine.LogType,UnityEngine.LogOption,string,UnityEngine.Object)
UnityEngine.DebugLogHandler:LogFormat (UnityEngine.LogType,UnityEngine.Object,string,object[])
UnityEngine.Logger:Log (UnityEngine.LogType,object)
UnityEngine.Debug:Log (object)
HurtBox:TakeDamage (int) (at Assets/Scripts/HurtBox.cs:7)
HitBox:OnTriggerEnter (UnityEngine.Collider) (at Assets/Scripts/HitBox.cs:17)

(Filename: Assets/Scripts/HurtBox.cs Line: 7)

hurtbox
UnityEngine.Debug:ExtractStackTraceNoAlloc (byte*,int,string)
UnityEngine.StackTraceUtility:ExtractStackTrace () (at /home/bokken/build/output/unity/unity/Runtime/Export/Scripting/StackTrace.cs:35)
UnityEngine.DebugLogHandler:Internal_Log (UnityEngine.LogType,UnityEngine.LogOption,string,UnityEngine.Object)
UnityEngine.DebugLogHandler:LogFormat (UnityEngine.LogType,UnityEngine.Object,string,object[])
UnityEngine.Logger:Log (UnityEngine.LogType,object)
UnityEngine.Debug:Log (object)
HitBox:OnTriggerEnter (UnityEngine.Collider) (at Assets/Scripts/HitBox.cs:12)

(Filename: Assets/Scripts/HitBox.cs Line: 12)

hurtbox
UnityEngine.Debug:ExtractStackTraceNoAlloc (byte*,int,string)
UnityEngine.StackTraceUtility:ExtractStackTrace () (at /home/bokken/build/output/unity/unity/Runtime/Export/Scripting/StackTrace.cs:35)
UnityEngine.DebugLogHandler:Internal_Log (UnityEngine.LogType,UnityEngine.LogOption,string,UnityEngine.Object)
UnityEngine.DebugLogHandler:LogFormat (UnityEngine.LogType,UnityEngine.Object,string,object[])
UnityEngine.Logger:Log (UnityEngine.LogType,object)
UnityEngine.Debug:Log (object)
HitBox:OnTriggerEnter (UnityEngine.Collider) (at Assets/Scripts/HitBox.cs:13)

(Filename: Assets/Scripts/HitBox.cs Line: 13)

 Took 7 damage.
UnityEngine.Debug:ExtractStackTraceNoAlloc (byte*,int,string)
UnityEngine.StackTraceUtility:ExtractStackTrace () (at /home/bokken/build/output/unity/unity/Runtime/Export/Scripting/StackTrace.cs:35)
UnityEngine.DebugLogHandler:Internal_Log (UnityEngine.LogType,UnityEngine.LogOption,string,UnityEngine.Object)
UnityEngine.DebugLogHandler:LogFormat (UnityEngine.LogType,UnityEngine.Object,string,object[])
UnityEngine.Logger:Log (UnityEngine.LogType,object)
UnityEngine.Debug:Log (object)
HurtBox:TakeDamage (int) (at Assets/Scripts/HurtBox.cs:7)
HitBox:OnTriggerEnter (UnityEngine.Collider) (at Assets/Scripts/HitBox.cs:17)

(Filename: Assets/Scripts/HurtBox.cs Line: 7)

hurtbox
UnityEngine.Debug:ExtractStackTraceNoAlloc (byte*,int,string)
UnityEngine.StackTraceUtility:ExtractStackTrace () (at /home/bokken/build/output/unity/unity/Runtime/Export/Scripting/StackTrace.cs:35)
UnityEngine.DebugLogHandler:Internal_Log (UnityEngine.LogType,UnityEngine.LogOption,string,UnityEngine.Object)
UnityEngine.DebugLogHandler:LogFormat (UnityEngine.LogType,UnityEngine.Object,string,object[])
UnityEngine.Logger:Log (UnityEngine.LogType,object)
UnityEngine.Debug:Log (object)
HitBox:OnTriggerEnter (UnityEngine.Collider) (at Assets/Scripts/HitBox.cs:12)

(Filename: Assets/Scripts/HitBox.cs Line: 12)

hurtbox
UnityEngine.Debug:ExtractStackTraceNoAlloc (byte*,int,string)
UnityEngine.StackTraceUtility:ExtractStackTrace () (at /home/bokken/build/output/unity/unity/Runtime/Export/Scripting/StackTrace.cs:35)
UnityEngine.DebugLogHandler:Internal_Log (UnityEngine.LogType,UnityEngine.LogOption,string,UnityEngine.Object)
UnityEngine.DebugLogHandler:LogFormat (UnityEngine.LogType,UnityEngine.Object,string,object[])
UnityEngine.Logger:Log (UnityEngine.LogType,object)
UnityEngine.Debug:Log (object)
HitBox:OnTriggerEnter (UnityEngine.Collider) (at Assets/Scripts/HitBox.cs:13)

(Filename: Assets/Scripts/HitBox.cs Line: 13)

 Took 7 damage.
UnityEngine.Debug:ExtractStackTraceNoAlloc (byte*,int,string)
UnityEngine.StackTraceUtility:ExtractStackTrace () (at /home/bokken/build/output/unity/unity/Runtime/Export/Scripting/StackTrace.cs:35)
UnityEngine.DebugLogHandler:Internal_Log (UnityEngine.LogType,UnityEngine.LogOption,string,UnityEngine.Object)
UnityEngine.DebugLogHandler:LogFormat (UnityEngine.LogType,UnityEngine.Object,string,object[])
UnityEngine.Logger:Log (UnityEngine.LogType,object)
UnityEngine.Debug:Log (object)
HurtBox:TakeDamage (int) (at Assets/Scripts/HurtBox.cs:7)
HitBox:OnTriggerEnter (UnityEngine.Collider) (at Assets/Scripts/HitBox.cs:17)

(Filename: Assets/Scripts/HurtBox.cs Line: 7)

hurtbox
UnityEngine.Debug:ExtractStackTraceNoAlloc (byte*,int,string)
UnityEngine.StackTraceUtility:ExtractStackTrace () (at /home/bokken/build/output/unity/unity/Runtime/Export/Scripting/StackTrace.cs:35)
UnityEngine.DebugLogHandler:Internal_Log (UnityEngine.LogType,UnityEngine.LogOption,string,UnityEngine.Object)
UnityEngine.DebugLogHandler:LogFormat (UnityEngine.LogType,UnityEngine.Object,string,object[])
UnityEngine.Logger:Log (UnityEngine.LogType,object)
UnityEngine.Debug:Log (object)
HitBox:OnTriggerEnter (UnityEngine.Collider) (at Assets/Scripts/HitBox.cs:12)

(Filename: Assets/Scripts/HitBox.cs Line: 12)

hurtbox
UnityEngine.Debug:ExtractStackTraceNoAlloc (byte*,int,string)
UnityEngine.StackTraceUtility:ExtractStackTrace () (at /home/bokken/build/output/unity/unity/Runtime/Export/Scripting/StackTrace.cs:35)
UnityEngine.DebugLogHandler:Internal_Log (UnityEngine.LogType,UnityEngine.LogOption,string,UnityEngine.Object)
UnityEngine.DebugLogHandler:LogFormat (UnityEngine.LogType,UnityEngine.Object,string,object[])
UnityEngine.Logger:Log (UnityEngine.LogType,object)
UnityEngine.Debug:Log (object)
HitBox:OnTriggerEnter (UnityEngine.Collider) (at Assets/Scripts/HitBox.cs:13)

(Filename: Assets/Scripts/HitBox.cs Line: 13)

 Took 7 damage.
UnityEngine.Debug:ExtractStackTraceNoAlloc (byte*,int,string)
UnityEngine.StackTraceUtility:ExtractStackTrace () (at /home/bokken/build/output/unity/unity/Runtime/Export/Scripting/StackTrace.cs:35)
UnityEngine.DebugLogHandler:Internal_Log (UnityEngine.LogType,UnityEngine.LogOption,string,UnityEngine.Object)
UnityEngine.DebugLogHandler:LogFormat (UnityEngine.LogType,UnityEngine.Object,string,object[])
UnityEngine.Logger:Log (UnityEngine.LogType,object)
UnityEngine.Debug:Log (object)
HurtBox:TakeDamage (int) (at Assets/Scripts/HurtBox.cs:7)
HitBox:OnTriggerEnter (UnityEngine.Collider) (at Assets/Scripts/HitBox.cs:17)

(Filename: Assets/Scripts/HurtBox.cs Line: 7)

hurtbox
UnityEngine.Debug:ExtractStackTraceNoAlloc (byte*,int,string)
UnityEngine.StackTraceUtility:ExtractStackTrace () (at /home/bokken/build/output/unity/unity/Runtime/Export/Scripting/StackTrace.cs:35)
UnityEngine.DebugLogHandler:Internal_Log (UnityEngine.LogType,UnityEngine.LogOption,string,UnityEngine.Object)
UnityEngine.DebugLogHandler:LogFormat (UnityEngine.LogType,UnityEngine.Object,string,object[])
UnityEngine.Logger:Log (UnityEngine.LogType,object)
UnityEngine.Debug:Log (object)
HitBox:OnTriggerEnter (UnityEngine.Collider) (at Assets/Scripts/HitBox.cs:12)

(Filename: Assets/Scripts/HitBox.cs Line: 12)

hurtbox
UnityEngine.Debug:ExtractStackTraceNoAlloc (byte*,int,string)
UnityEngine.StackTraceUtility:ExtractStackTrace () (at /home/bokken/build/output/unity/unity/Runtime/Export/Scripting/StackTrace.cs:35)
UnityEngine.DebugLogHandler:Internal_Log (UnityEngine.LogType,UnityEngine.LogOption,string,UnityEngine.Object)
UnityEngine.DebugLogHandler:LogFormat (UnityEngine.LogType,UnityEngine.Object,string,object[])
UnityEngine.Logger:Log (UnityEngine.LogType,object)
UnityEngine.Debug:Log (object)
HitBox:OnTriggerEnter (UnityEngine.Collider) (at Assets/Scripts/HitBox.cs:13)

(Filename: Assets/Scripts/HitBox.cs Line: 13)

 Took 7 damage.
UnityEngine.Debug:ExtractStackTraceNoAlloc (byte*,int,string)
UnityEngine.StackTraceUtility:ExtractStackTrace () (at /home/bokken/build/output/unity/unity/Runtime/Export/Scripting/StackTrace.cs:35)
UnityEngine.DebugLogHandler:Internal_Log (UnityEngine.LogType,UnityEngine.LogOption,string,UnityEngine.Object)
UnityEngine.DebugLogHandler:LogFormat (UnityEngine.LogType,UnityEngine.Object,string,object[])
UnityEngine.Logger:Log (UnityEngine.LogType,object)
UnityEngine.Debug:Log (object)
HurtBox:TakeDamage (int) (at Assets/Scripts/HurtBox.cs:7)
HitBox:OnTriggerEnter (UnityEngine.Collider) (at Assets/Scripts/HitBox.cs:17)

(Filename: Assets/Scripts/HurtBox.cs Line: 7)

hurtbox
UnityEngine.Debug:ExtractStackTraceNoAlloc (byte*,int,string)
UnityEngine.StackTraceUtility:ExtractStackTrace () (at /home/bokken/build/output/unity/unity/Runtime/Export/Scripting/StackTrace.cs:35)
UnityEngine.DebugLogHandler:Internal_Log (UnityEngine.LogType,UnityEngine.LogOption,string,UnityEngine.Object)
UnityEngine.DebugLogHandler:LogFormat (UnityEngine.LogType,UnityEngine.Object,string,object[])
UnityEngine.Logger:Log (UnityEngine.LogType,object)
UnityEngine.Debug:Log (object)
HitBox:OnTriggerEnter (UnityEngine.Collider) (at Assets/Scripts/HitBox.cs:12)

(Filename: Assets/Scripts/HitBox.cs Line: 12)

hurtbox
UnityEngine.Debug:ExtractStackTraceNoAlloc (byte*,int,string)
UnityEngine.StackTraceUtility:ExtractStackTrace () (at /home/bokken/build/output/unity/unity/Runtime/Export/Scripting/StackTrace.cs:35)
UnityEngine.DebugLogHandler:Internal_Log (UnityEngine.LogType,UnityEngine.LogOption,string,UnityEngine.Object)
UnityEngine.DebugLogHandler:LogFormat (UnityEngine.LogType,UnityEngine.Object,string,object[])
UnityEngine.Logger:Log (UnityEngine.LogType,object)
UnityEngine.Debug:Log (object)
HitBox:OnTriggerEnter (UnityEngine.Collider) (at Assets/Scripts/HitBox.cs:13)

(Filename: Assets/Scripts/HitBox.cs Line: 13)

 Took 7 damage.
UnityEngine.Debug:ExtractStackTraceNoAlloc (byte*,int,string)
UnityEngine.StackTraceUtility:ExtractStackTrace () (at /home/bokken/build/output/unity/unity/Runtime/Export/Scripting/StackTrace.cs:35)
UnityEngine.DebugLogHandler:Internal_Log (UnityEngine.LogType,UnityEngine.LogOption,string,UnityEngine.Object)
UnityEngine.DebugLogHandler:LogFormat (UnityEngine.LogType,UnityEngine.Object,string,object[])
UnityEngine.Logger:Log (UnityEngine.LogType,object)
UnityEngine.Debug:Log (object)
HurtBox:TakeDamage (int) (at Assets/Scripts/HurtBox.cs:7)
HitBox:OnTriggerEnter (UnityEngine.Collider) (at Assets/Scripts/HitBox.cs:17)

(Filename: Assets/Scripts/HurtBox.cs Line: 7)

Unloading 4 Unused Serialized files (Serialized files now loaded: 0)
Loaded scene 'Temp/__Backupscenes/0.backup'
	Deserialize:            68.212 ms
	Integration:            434.447 ms
	Integration of assets:  0.173 ms
	Thread Wait Time:       -0.147 ms
	Total Operation Time:   502.686 ms
Unloading 182 unused Assets / (1.1 MB). Loaded Objects now: 9774.
Memory consumption went from 508.6 MB to 507.5 MB.
Total: 79.426247 ms (FindLiveObjects: 1.004943 ms CreateObjectMapping: 2.854696 ms MarkObjects: 71.660239 ms  DeleteObjects: 3.902554 ms)

[Licensing::Client] Successfully resolved entitlement details
[Licensing::Module] License group:
  Id: F4-M77M-HXW8-HJ67-XE8W-XXXX
  Product: Unity Personal
  Type: ULF
  Expiration: Unlimited
[Licensing::Module] License group:
  Id: 10170777712478-UnityPersXXXX
  Product: Unity Personal
  Type: Assigned
  Expiration: Unlimited

Asset Pipeline Refresh (id=31bb745f39ab7e76e9b01a0f640f77be): Total: 0.507 seconds - Initiated by RefreshV2(AllowForceSynchronousImport)
	(Values over 0.05ms)
	Summary:
		Imports: total=0 (actual=0, local cache=0, cache server=0)
		Asset DB Process Time: managed=0 ms, native=502 ms
		Asset DB Callback time: managed=0 ms, native=2 ms
		Scripting: domain reloads=0, domain reload time=0 ms, compile time=0 ms, other=0 ms
		Project Asset Count: scripts=1480, non-scripts=2685
		Asset File Changes: new=0, changed=0, moved=0, deleted=0
		Scan Filter Count: 1
	InvokePackagesCallback: 1.908ms
	ApplyChangesToAssetFolders: 0.671ms
	Scan: 485.830ms
	Collect global state as custom dependencies: 2.493ms
	GatherAllCurrentPrimaryImportResultRevisions: 2.271ms
	UnloadStreamsBegin: 2.406ms
	UnloadStreamsEnd: 0.141ms
	Untracked: 9.339ms

Asset Pipeline Refresh (id=03dd9d49289012b538d544fd6d0c4d6b): Total: 0.193 seconds - Initiated by RefreshV2(AllowForceSynchronousImport)
GLX Extensions: GLX_ARB_context_flush_control GLX_ARB_create_context GLX_ARB_create_context_no_error GLX_ARB_create_context_profile GLX_ARB_create_context_robustness GLX_ARB_fbconfig_float GLX_ARB_framebuffer_sRGB GLX_ARB_get_proc_address GLX_ARB_multisample GLX_EXT_buffer_age GLX_EXT_create_context_es2_profile GLX_EXT_create_context_es_profile GLX_EXT_fbconfig_packed_float GLX_EXT_framebuffer_sRGB GLX_EXT_no_config_context GLX_EXT_swap_control GLX_EXT_swap_control_tear GLX_EXT_texture_from_pixmap GLX_EXT_visual_info GLX_EXT_visual_rating GLX_MESA_copy_sub_buffer GLX_MESA_gl_interop GLX_MESA_query_renderer GLX_MESA_swap_control GLX_OML_sync_control GLX_SGIS_multisample GLX_SGIX_fbconfig GLX_SGIX_pbuffer GLX_SGIX_visual_select_group GLX_SGI_make_current_read GLX_SGI_video_sync 
GLX Extensions: GLX_ARB_context_flush_control GLX_ARB_create_context GLX_ARB_create_context_no_error GLX_ARB_create_context_profile GLX_ARB_create_context_robustness GLX_ARB_fbconfig_float GLX_ARB_framebuffer_sRGB GLX_ARB_get_proc_address GLX_ARB_multisample GLX_EXT_buffer_age GLX_EXT_create_context_es2_profile GLX_EXT_create_context_es_profile GLX_EXT_fbconfig_packed_float GLX_EXT_framebuffer_sRGB GLX_EXT_no_config_context GLX_EXT_swap_control GLX_EXT_swap_control_tear GLX_EXT_texture_from_pixmap GLX_EXT_visual_info GLX_EXT_visual_rating GLX_MESA_copy_sub_buffer GLX_MESA_gl_interop GLX_MESA_query_renderer GLX_MESA_swap_control GLX_OML_sync_control GLX_SGIS_multisample GLX_SGIX_fbconfig GLX_SGIX_pbuffer GLX_SGIX_visual_select_group GLX_SGI_make_current_read GLX_SGI_video_sync 
Reloading assemblies for play mode.
Reloading assemblies after forced synchronous recompile.
[Licensing::Client] Successfully resolved entitlement details
[Licensing::Module] License group:
  Id: F4-M77M-HXW8-HJ67-XE8W-XXXX
  Product: Unity Personal
  Type: ULF
  Expiration: Unlimited
[Licensing::Module] License group:
  Id: 10170777712478-UnityPersXXXX
  Product: Unity Personal
  Type: Assigned
  Expiration: Unlimited
Begin MonoManager ReloadAssembly
Assembly reference Packages/com.unity.cinemachine/Editor/Samples/ExposeHDRPInternals/HDRP-Editor-ref.asmref has no target assembly definition
Native extension for LinuxStandalone target not found
ScheduleIndexationOnStartup MainProcess:True IndexOnStartup:True
[MODES] ModeService[none].Initialize
[MODES] ModeService[none].LoadModes
Mono: successfully reloaded assembly
- Finished resetting the current domain, in  2.186 seconds
Domain Reload Profiling: 4806ms
	BeginReloadAssembly (2006ms)
		DisableScriptedObjects (115ms)
		CreateAndSetChildDomain (1418ms)
	RebuildCommonClasses (13ms)
	RebuildNativeTypeToScriptingClass (10ms)
	initialDomainReloadingComplete (164ms)
	LoadAllAssembliesAndSetupDomain (426ms)
		LoadAssemblies (542ms)
		AnalyzeDomain (58ms)
			TypeCache.Refresh (14ms)
			ResolveRequiredComponents (34ms)
	FinalizeReload (2187ms)
		SetupLoadedEditorAssemblies (0ms)
			BeforeProcessingInitializeOnLoad (125ms)
			ProcessInitializeOnLoadAttributes (433ms)
			ProcessInitializeOnLoadMethodAttributes (112ms)
			AfterProcessingInitializeOnLoad (3ms)
		AwakeInstancesAfterBackupRestoration (772ms)

Asset Pipeline Refresh (id=9deab33847acdaa59b366c5ce6245cc1): Total: 5.575 seconds - Initiated by StopAssetImportingV2(ForceSynchronousImport | ForceDomainReload)
	(Values over 0.05ms)
	Summary:
		Imports: total=0 (actual=0, local cache=0, cache server=0)
		Asset DB Process Time: managed=0 ms, native=2544 ms
		Asset DB Callback time: managed=35 ms, native=0 ms
		Scripting: domain reloads=1, domain reload time=2993 ms, compile time=2 ms, other=0 ms
		Project Asset Count: scripts=1480, non-scripts=2685
		Asset File Changes: new=0, changed=0, moved=0, deleted=0
		Scan Filter Count: 0
	InvokePackagesCallback: 0.659ms
	ApplyChangesToAssetFolders: 0.615ms
	Collect global state as custom dependencies: 4.484ms
	ProcessAssetsWithTransientArtifactChanges: 4.091ms
	CategorizeAssets: 166.293ms
	CompileScripts: 1.882ms
	ImportOutOfDateAssets: 2236.738ms (2205.687ms without children)
		CollectScriptTypesHashes: 3.397ms
		ReloadNativeAssets: 1.185ms
		UnloadImportedAssets: 0.221ms
		EnsureUptoDateAssetsAreRegisteredWithGuidPM: 0.659ms
		ImportSchedulerStart: 28.947ms
	PostProcessAllAssets: 35.859ms
		MonoPostProcessAllAssets: 35.853ms
			SyncVS.PostprocessSyncProject 11.292ms
			BuilderAssetPostprocessor.OnPostprocessAllAssets 9.937ms
			UniversalRenderPipelineGlobalSettingsPostprocessor.OnPostprocessAllAssets 8.851ms
			AssetChangedListener.OnPostprocessAllAssets 5.471ms
			AssetPostprocessor.OnPostprocessAllAssets 4.264ms
			WindowAssetPostprocessingWatcher.OnPostprocessAllAssets 2.072ms
			SpeedTree9Postprocessor.OnPostprocessAllAssets 1.691ms
			TMPro_TexturePostProcessor.OnPostprocessAllAssets 1.306ms
			ShaderGraphAssetPostProcessor.OnPostprocessAllAssets 1.280ms
			RetainedModeAssetPostprocessor.OnPostprocessAllAssets 1.156ms
			MaterialPostprocessor.OnPostprocessAllAssets 0.749ms
			ProjectSettingsPostprocessor.OnPostprocessAllAssets 0.667ms
			RenderPipelineGlobalSettingsPostprocessor.OnPostprocessAllAssets 0.661ms
			SampleDependencyImporterPostProcessor.OnPostprocessAllAssets 0.641ms
			ArtifactBrowserPostProcessor.OnPostprocessAllAssets 0.634ms
			UVCSAssetPostprocessor.OnPostprocessAllAssets 0.432ms
			AudioMixerPostprocessor.OnPostprocessAllAssets 0.377ms
			TextAssetPostProcessor.OnPostprocessAllAssets 0.326ms
			ShaderReflectionAssetPostProcessor.OnPostprocessAllAssets 0.308ms
			CinemachineSettings.OnPostprocessAllAssets 0.284ms
			InputActionJsonNameModifierAssetProcessor.OnPostprocessAllAssets 0.270ms
			EditModeScopePostprocessor.OnPostprocessAllAssets 0.264ms
			AssetEvents.OnPostprocessAllAssets 0.243ms
			ReferencedClipsPostProcessor.OnPostprocessAllAssets 0.242ms
			StyleCatalogPostProcessor.OnPostprocessAllAssets 0.234ms
			InputActionAssetPostprocessor.OnPostprocessAllAssets 0.233ms
			PostProcessor.OnPostprocessAllAssets 0.204ms
			DomainReloadProcessor.OnPostprocessAllAssets 0.170ms
			ScenarioDriftAssetsTracker.OnPostprocessAllAssets 0.168ms
			SamplePostprocessor.OnPostprocessAllAssets 0.163ms
			ConfigAssetsTracker.OnPostprocessAllAssets 0.162ms
			SpeedTreePostProcessor.OnPostprocessAllAssets 0.157ms
			AssetDatabaseCallbacks.OnPostprocessAllAssets 0.129ms
			AssetReloadNotifier.OnPostprocessAllAssets 0.128ms
			TerrainToolbarOverlayPostProcessor.OnPostprocessAllAssets 0.123ms
			AudioContainerPostProcessor.OnPostprocessAllAssets 0.079ms
	GatherAllCurrentPrimaryImportResultRevisions: 2.166ms
	UnloadStreamsBegin: 6.604ms
	PersistCurrentRevisions: 0.137ms
	GenerateScriptTypeHashes: 2.842ms
	GenerateScriptTypeSerializationHashes: 4.809ms
	Untracked: 3106.848ms

BigJhonny: EnemyGroundNavigator has no target assigned.
UnityEngine.Debug:ExtractStackTraceNoAlloc (byte*,int,string)
UnityEngine.StackTraceUtility:ExtractStackTrace () (at /home/bokken/build/output/unity/unity/Runtime/Export/Scripting/StackTrace.cs:35)
UnityEngine.DebugLogHandler:Internal_Log (UnityEngine.LogType,UnityEngine.LogOption,string,UnityEngine.Object)
UnityEngine.DebugLogHandler:LogFormat (UnityEngine.LogType,UnityEngine.Object,string,object[])
UnityEngine.Logger:Log (UnityEngine.LogType,object)
UnityEngine.Debug:LogError (object)
EnemyGroundNavigator:Awake () (at Assets/Scripts/EnemyScripts/EnemyGroundNavigator.cs:44)

(Filename: Assets/Scripts/EnemyScripts/EnemyGroundNavigator.cs Line: 44)

Loaded scene 'Temp/__Backupscenes/0.backup'
	Deserialize:            24.816 ms
	Integration:            582.612 ms
	Integration of assets:  0.028 ms
	Thread Wait Time:       -0.021 ms
	Total Operation Time:   607.436 ms
[Licensing::Client] Successfully resolved entitlement details
[Licensing::Client] Successfully resolved entitlement details
[Licensing::Client] Successfully resolved entitlement details
hurtbox
UnityEngine.Debug:ExtractStackTraceNoAlloc (byte*,int,string)
UnityEngine.StackTraceUtility:ExtractStackTrace () (at /home/bokken/build/output/unity/unity/Runtime/Export/Scripting/StackTrace.cs:35)
UnityEngine.DebugLogHandler:Internal_Log (UnityEngine.LogType,UnityEngine.LogOption,string,UnityEngine.Object)
UnityEngine.DebugLogHandler:LogFormat (UnityEngine.LogType,UnityEngine.Object,string,object[])
UnityEngine.Logger:Log (UnityEngine.LogType,object)
UnityEngine.Debug:Log (object)
HitBox:OnTriggerEnter (UnityEngine.Collider) (at Assets/Scripts/HitBox.cs:12)

(Filename: Assets/Scripts/HitBox.cs Line: 12)

hurtbox
UnityEngine.Debug:ExtractStackTraceNoAlloc (byte*,int,string)
UnityEngine.StackTraceUtility:ExtractStackTrace () (at /home/bokken/build/output/unity/unity/Runtime/Export/Scripting/StackTrace.cs:35)
UnityEngine.DebugLogHandler:Internal_Log (UnityEngine.LogType,UnityEngine.LogOption,string,UnityEngine.Object)
UnityEngine.DebugLogHandler:LogFormat (UnityEngine.LogType,UnityEngine.Object,string,object[])
UnityEngine.Logger:Log (UnityEngine.LogType,object)
UnityEngine.Debug:Log (object)
HitBox:OnTriggerEnter (UnityEngine.Collider) (at Assets/Scripts/HitBox.cs:13)

(Filename: Assets/Scripts/HitBox.cs Line: 13)

 Took 7 damage.
UnityEngine.Debug:ExtractStackTraceNoAlloc (byte*,int,string)
UnityEngine.StackTraceUtility:ExtractStackTrace () (at /home/bokken/build/output/unity/unity/Runtime/Export/Scripting/StackTrace.cs:35)
UnityEngine.DebugLogHandler:Internal_Log (UnityEngine.LogType,UnityEngine.LogOption,string,UnityEngine.Object)
UnityEngine.DebugLogHandler:LogFormat (UnityEngine.LogType,UnityEngine.Object,string,object[])
UnityEngine.Logger:Log (UnityEngine.LogType,object)
UnityEngine.Debug:Log (object)
HurtBox:TakeDamage (int) (at Assets/Scripts/HurtBox.cs:7)
HitBox:OnTriggerEnter (UnityEngine.Collider) (at Assets/Scripts/HitBox.cs:17)

(Filename: Assets/Scripts/HurtBox.cs Line: 7)

hurtbox
UnityEngine.Debug:ExtractStackTraceNoAlloc (byte*,int,string)
UnityEngine.StackTraceUtility:ExtractStackTrace () (at /home/bokken/build/output/unity/unity/Runtime/Export/Scripting/StackTrace.cs:35)
UnityEngine.DebugLogHandler:Internal_Log (UnityEngine.LogType,UnityEngine.LogOption,string,UnityEngine.Object)
UnityEngine.DebugLogHandler:LogFormat (UnityEngine.LogType,UnityEngine.Object,string,object[])
UnityEngine.Logger:Log (UnityEngine.LogType,object)
UnityEngine.Debug:Log (object)
HitBox:OnTriggerEnter (UnityEngine.Collider) (at Assets/Scripts/HitBox.cs:12)

(Filename: Assets/Scripts/HitBox.cs Line: 12)

hurtbox
UnityEngine.Debug:ExtractStackTraceNoAlloc (byte*,int,string)
UnityEngine.StackTraceUtility:ExtractStackTrace () (at /home/bokken/build/output/unity/unity/Runtime/Export/Scripting/StackTrace.cs:35)
UnityEngine.DebugLogHandler:Internal_Log (UnityEngine.LogType,UnityEngine.LogOption,string,UnityEngine.Object)
UnityEngine.DebugLogHandler:LogFormat (UnityEngine.LogType,UnityEngine.Object,string,object[])
UnityEngine.Logger:Log (UnityEngine.LogType,object)
UnityEngine.Debug:Log (object)
HitBox:OnTriggerEnter (UnityEngine.Collider) (at Assets/Scripts/HitBox.cs:13)

(Filename: Assets/Scripts/HitBox.cs Line: 13)

 Took 7 damage.
UnityEngine.Debug:ExtractStackTraceNoAlloc (byte*,int,string)
UnityEngine.StackTraceUtility:ExtractStackTrace () (at /home/bokken/build/output/unity/unity/Runtime/Export/Scripting/StackTrace.cs:35)
UnityEngine.DebugLogHandler:Internal_Log (UnityEngine.LogType,UnityEngine.LogOption,string,UnityEngine.Object)
UnityEngine.DebugLogHandler:LogFormat (UnityEngine.LogType,UnityEngine.Object,string,object[])
UnityEngine.Logger:Log (UnityEngine.LogType,object)
UnityEngine.Debug:Log (object)
HurtBox:TakeDamage (int) (at Assets/Scripts/HurtBox.cs:7)
HitBox:OnTriggerEnter (UnityEngine.Collider) (at Assets/Scripts/HitBox.cs:17)

(Filename: Assets/Scripts/HurtBox.cs Line: 7)

Unloading 1 Unused Serialized files (Serialized files now loaded: 0)
Loaded scene 'Temp/__Backupscenes/0.backup'
	Deserialize:            61.869 ms
	Integration:            470.457 ms
	Integration of assets:  0.100 ms
	Thread Wait Time:       -0.011 ms
	Total Operation Time:   532.414 ms
Unloading 41 unused Assets / (360.3 KB). Loaded Objects now: 9947.
Memory consumption went from 492.5 MB to 492.2 MB.
Total: 51.451027 ms (FindLiveObjects: 0.632040 ms CreateObjectMapping: 1.535571 ms MarkObjects: 47.215281 ms  DeleteObjects: 2.060375 ms)

[Licensing::Client] Successfully resolved entitlement details
[Licensing::Module] License group:
  Id: F4-M77M-HXW8-HJ67-XE8W-XXXX
  Product: Unity Personal
  Type: ULF
  Expiration: Unlimited
[Licensing::Module] License group:
  Id: 10170777712478-UnityPersXXXX
  Product: Unity Personal
  Type: Assigned
  Expiration: Unlimited

Asset Pipeline Refresh (id=3a6d8a8aa68e5b21ab377b841412e358): Total: 0.386 seconds - Initiated by RefreshV2(AllowForceSynchronousImport)
	(Values over 0.05ms)
	Summary:
		Imports: total=0 (actual=0, local cache=0, cache server=0)
		Asset DB Process Time: managed=0 ms, native=384 ms
		Asset DB Callback time: managed=0 ms, native=0 ms
		Scripting: domain reloads=0, domain reload time=0 ms, compile time=0 ms, other=0 ms
		Project Asset Count: scripts=1480, non-scripts=2685
		Asset File Changes: new=0, changed=0, moved=0, deleted=0
		Scan Filter Count: 1
	InvokePackagesCallback: 0.760ms
	ApplyChangesToAssetFolders: 0.430ms
	Scan: 368.992ms
	Collect global state as custom dependencies: 0.235ms
	GatherAllCurrentPrimaryImportResultRevisions: 2.533ms
	UnloadStreamsBegin: 0.327ms
	UnloadStreamsEnd: 0.194ms
	Untracked: 8.825ms

Asset Pipeline Refresh (id=109a35f42f3b955b5b0e23d8f26f2543): Total: 0.199 seconds - Initiated by RefreshV2(AllowForceSynchronousImport)
GLX Extensions: GLX_ARB_context_flush_control GLX_ARB_create_context GLX_ARB_create_context_no_error GLX_ARB_create_context_profile GLX_ARB_create_context_robustness GLX_ARB_fbconfig_float GLX_ARB_framebuffer_sRGB GLX_ARB_get_proc_address GLX_ARB_multisample GLX_EXT_buffer_age GLX_EXT_create_context_es2_profile GLX_EXT_create_context_es_profile GLX_EXT_fbconfig_packed_float GLX_EXT_framebuffer_sRGB GLX_EXT_no_config_context GLX_EXT_swap_control GLX_EXT_swap_control_tear GLX_EXT_texture_from_pixmap GLX_EXT_visual_info GLX_EXT_visual_rating GLX_MESA_copy_sub_buffer GLX_MESA_gl_interop GLX_MESA_query_renderer GLX_MESA_swap_control GLX_OML_sync_control GLX_SGIS_multisample GLX_SGIX_fbconfig GLX_SGIX_pbuffer GLX_SGIX_visual_select_group GLX_SGI_make_current_read GLX_SGI_video_sync 
Reloading assemblies for play mode.
Reloading assemblies after forced synchronous recompile.
Begin MonoManager ReloadAssembly
Assembly reference Packages/com.unity.cinemachine/Editor/Samples/ExposeHDRPInternals/HDRP-Editor-ref.asmref has no target assembly definition
Native extension for LinuxStandalone target not found
ScheduleIndexationOnStartup MainProcess:True IndexOnStartup:True
[MODES] ModeService[none].Initialize
[MODES] ModeService[none].LoadModes
Mono: successfully reloaded assembly
- Finished resetting the current domain, in  2.240 seconds
Domain Reload Profiling: 3588ms
	BeginReloadAssembly (905ms)
		DisableScriptedObjects (68ms)
		CreateAndSetChildDomain (509ms)
	RebuildCommonClasses (12ms)
	RebuildNativeTypeToScriptingClass (9ms)
	initialDomainReloadingComplete (79ms)
	LoadAllAssembliesAndSetupDomain (341ms)
		LoadAssemblies (332ms)
		AnalyzeDomain (56ms)
			TypeCache.Refresh (22ms)
			ResolveRequiredComponents (26ms)
	FinalizeReload (2241ms)
		SetupLoadedEditorAssemblies (0ms)
			BeforeProcessingInitializeOnLoad (99ms)
			ProcessInitializeOnLoadAttributes (409ms)
			ProcessInitializeOnLoadMethodAttributes (115ms)
			AfterProcessingInitializeOnLoad (3ms)
		AwakeInstancesAfterBackupRestoration (806ms)

Asset Pipeline Refresh (id=a79aa9bf244a9dac6a7af27b54ccbf86): Total: 4.157 seconds - Initiated by StopAssetImportingV2(ForceSynchronousImport | ForceDomainReload)
	(Values over 0.05ms)
	Summary:
		Imports: total=0 (actual=0, local cache=0, cache server=0)
		Asset DB Process Time: managed=0 ms, native=2493 ms
		Asset DB Callback time: managed=36 ms, native=0 ms
		Scripting: domain reloads=1, domain reload time=1624 ms, compile time=2 ms, other=0 ms
		Project Asset Count: scripts=1480, non-scripts=2685
		Asset File Changes: new=0, changed=0, moved=0, deleted=0
		Scan Filter Count: 0
	InvokePackagesCallback: 0.819ms
	ApplyChangesToAssetFolders: 0.638ms
	Collect global state as custom dependencies: 4.412ms
	ProcessAssetsWithTransientArtifactChanges: 3.085ms
	CategorizeAssets: 69.371ms
	CompileScripts: 1.900ms
	ImportOutOfDateAssets: 2330.405ms (2281.306ms without children)
		CollectScriptTypesHashes: 1.965ms
		ReloadNativeAssets: 2.220ms
		UnloadImportedAssets: 0.157ms
		EnsureUptoDateAssetsAreRegisteredWithGuidPM: 0.956ms
		ImportSchedulerStart: 45.723ms
	PostProcessAllAssets: 36.371ms
		MonoPostProcessAllAssets: 36.364ms
			UniversalRenderPipelineGlobalSettingsPostprocessor.OnPostprocessAllAssets 10.043ms
			BuilderAssetPostprocessor.OnPostprocessAllAssets 9.937ms
			SyncVS.PostprocessSyncProject 8.088ms
			AssetChangedListener.OnPostprocessAllAssets 5.471ms
			AssetPostprocessor.OnPostprocessAllAssets 4.264ms
			SpeedTree9Postprocessor.OnPostprocessAllAssets 3.129ms
			WindowAssetPostprocessingWatcher.OnPostprocessAllAssets 1.947ms
			TMPro_TexturePostProcessor.OnPostprocessAllAssets 1.306ms
			ShaderGraphAssetPostProcessor.OnPostprocessAllAssets 1.280ms
			RetainedModeAssetPostprocessor.OnPostprocessAllAssets 1.156ms
			ProjectSettingsPostprocessor.OnPostprocessAllAssets 0.786ms
			MaterialPostprocessor.OnPostprocessAllAssets 0.749ms
			RenderPipelineGlobalSettingsPostprocessor.OnPostprocessAllAssets 0.663ms
			SampleDependencyImporterPostProcessor.OnPostprocessAllAssets 0.641ms
			ArtifactBrowserPostProcessor.OnPostprocessAllAssets 0.634ms
			UVCSAssetPostprocessor.OnPostprocessAllAssets 0.432ms
			AudioMixerPostprocessor.OnPostprocessAllAssets 0.377ms
			ShaderReflectionAssetPostProcessor.OnPostprocessAllAssets 0.345ms
			TextAssetPostProcessor.OnPostprocessAllAssets 0.326ms
			CinemachineSettings.OnPostprocessAllAssets 0.301ms
			EditModeScopePostprocessor.OnPostprocessAllAssets 0.280ms
			InputActionAssetPostprocessor.OnPostprocessAllAssets 0.271ms
			InputActionJsonNameModifierAssetProcessor.OnPostprocessAllAssets 0.270ms
			AssetEvents.OnPostprocessAllAssets 0.243ms
			StyleCatalogPostProcessor.OnPostprocessAllAssets 0.234ms
			ReferencedClipsPostProcessor.OnPostprocessAllAssets 0.228ms
			PostProcessor.OnPostprocessAllAssets 0.204ms
			DomainReloadProcessor.OnPostprocessAllAssets 0.177ms
			ScenarioDriftAssetsTracker.OnPostprocessAllAssets 0.168ms
			SamplePostprocessor.OnPostprocessAllAssets 0.163ms
			ConfigAssetsTracker.OnPostprocessAllAssets 0.162ms
			SpeedTreePostProcessor.OnPostprocessAllAssets 0.157ms
			TerrainToolbarOverlayPostProcessor.OnPostprocessAllAssets 0.133ms
			AssetReloadNotifier.OnPostprocessAllAssets 0.128ms
			AssetDatabaseCallbacks.OnPostprocessAllAssets 0.126ms
			AudioContainerPostProcessor.OnPostprocessAllAssets 0.079ms
	GatherAllCurrentPrimaryImportResultRevisions: 0.512ms
	PersistCurrentRevisions: 0.173ms
	GenerateScriptTypeHashes: 3.521ms
	GenerateScriptTypeSerializationHashes: 5.967ms
	Untracked: 1705.387ms

BigJhonny: EnemyGroundNavigator has no target assigned.
UnityEngine.Debug:ExtractStackTraceNoAlloc (byte*,int,string)
UnityEngine.StackTraceUtility:ExtractStackTrace () (at /home/bokken/build/output/unity/unity/Runtime/Export/Scripting/StackTrace.cs:35)
UnityEngine.DebugLogHandler:Internal_Log (UnityEngine.LogType,UnityEngine.LogOption,string,UnityEngine.Object)
UnityEngine.DebugLogHandler:LogFormat (UnityEngine.LogType,UnityEngine.Object,string,object[])
UnityEngine.Logger:Log (UnityEngine.LogType,object)
UnityEngine.Debug:LogError (object)
EnemyGroundNavigator:Awake () (at Assets/Scripts/EnemyScripts/EnemyGroundNavigator.cs:44)

(Filename: Assets/Scripts/EnemyScripts/EnemyGroundNavigator.cs Line: 44)

Loaded scene 'Temp/__Backupscenes/0.backup'
	Deserialize:            29.327 ms
	Integration:            654.522 ms
	Integration of assets:  0.017 ms
	Thread Wait Time:       -0.006 ms
	Total Operation Time:   683.860 ms
[Licensing::Client] Successfully resolved entitlement details
[Licensing::Client] Successfully resolved entitlement details
[Licensing::Client] Successfully resolved entitlement details
hurtbox
UnityEngine.Debug:ExtractStackTraceNoAlloc (byte*,int,string)
UnityEngine.StackTraceUtility:ExtractStackTrace () (at /home/bokken/build/output/unity/unity/Runtime/Export/Scripting/StackTrace.cs:35)
UnityEngine.DebugLogHandler:Internal_Log (UnityEngine.LogType,UnityEngine.LogOption,string,UnityEngine.Object)
UnityEngine.DebugLogHandler:LogFormat (UnityEngine.LogType,UnityEngine.Object,string,object[])
UnityEngine.Logger:Log (UnityEngine.LogType,object)
UnityEngine.Debug:Log (object)
HitBox:OnTriggerEnter (UnityEngine.Collider) (at Assets/Scripts/HitBox.cs:12)

(Filename: Assets/Scripts/HitBox.cs Line: 12)

hurtbox
UnityEngine.Debug:ExtractStackTraceNoAlloc (byte*,int,string)
UnityEngine.StackTraceUtility:ExtractStackTrace () (at /home/bokken/build/output/unity/unity/Runtime/Export/Scripting/StackTrace.cs:35)
UnityEngine.DebugLogHandler:Internal_Log (UnityEngine.LogType,UnityEngine.LogOption,string,UnityEngine.Object)
UnityEngine.DebugLogHandler:LogFormat (UnityEngine.LogType,UnityEngine.Object,string,object[])
UnityEngine.Logger:Log (UnityEngine.LogType,object)
UnityEngine.Debug:Log (object)
HitBox:OnTriggerEnter (UnityEngine.Collider) (at Assets/Scripts/HitBox.cs:13)

(Filename: Assets/Scripts/HitBox.cs Line: 13)

 Took 7 damage.
UnityEngine.Debug:ExtractStackTraceNoAlloc (byte*,int,string)
UnityEngine.StackTraceUtility:ExtractStackTrace () (at /home/bokken/build/output/unity/unity/Runtime/Export/Scripting/StackTrace.cs:35)
UnityEngine.DebugLogHandler:Internal_Log (UnityEngine.LogType,UnityEngine.LogOption,string,UnityEngine.Object)
UnityEngine.DebugLogHandler:LogFormat (UnityEngine.LogType,UnityEngine.Object,string,object[])
UnityEngine.Logger:Log (UnityEngine.LogType,object)
UnityEngine.Debug:Log (object)
HurtBox:TakeDamage (int) (at Assets/Scripts/HurtBox.cs:7)
HitBox:OnTriggerEnter (UnityEngine.Collider) (at Assets/Scripts/HitBox.cs:17)

(Filename: Assets/Scripts/HurtBox.cs Line: 7)

hurtbox
UnityEngine.Debug:ExtractStackTraceNoAlloc (byte*,int,string)
UnityEngine.StackTraceUtility:ExtractStackTrace () (at /home/bokken/build/output/unity/unity/Runtime/Export/Scripting/StackTrace.cs:35)
UnityEngine.DebugLogHandler:Internal_Log (UnityEngine.LogType,UnityEngine.LogOption,string,UnityEngine.Object)
UnityEngine.DebugLogHandler:LogFormat (UnityEngine.LogType,UnityEngine.Object,string,object[])
UnityEngine.Logger:Log (UnityEngine.LogType,object)
UnityEngine.Debug:Log (object)
HitBox:OnTriggerEnter (UnityEngine.Collider) (at Assets/Scripts/HitBox.cs:12)

(Filename: Assets/Scripts/HitBox.cs Line: 12)

hurtbox
UnityEngine.Debug:ExtractStackTraceNoAlloc (byte*,int,string)
UnityEngine.StackTraceUtility:ExtractStackTrace () (at /home/bokken/build/output/unity/unity/Runtime/Export/Scripting/StackTrace.cs:35)
UnityEngine.DebugLogHandler:Internal_Log (UnityEngine.LogType,UnityEngine.LogOption,string,UnityEngine.Object)
UnityEngine.DebugLogHandler:LogFormat (UnityEngine.LogType,UnityEngine.Object,string,object[])
UnityEngine.Logger:Log (UnityEngine.LogType,object)
UnityEngine.Debug:Log (object)
HitBox:OnTriggerEnter (UnityEngine.Collider) (at Assets/Scripts/HitBox.cs:13)

(Filename: Assets/Scripts/HitBox.cs Line: 13)

 Took 7 damage.
UnityEngine.Debug:ExtractStackTraceNoAlloc (byte*,int,string)
UnityEngine.StackTraceUtility:ExtractStackTrace () (at /home/bokken/build/output/unity/unity/Runtime/Export/Scripting/StackTrace.cs:35)
UnityEngine.DebugLogHandler:Internal_Log (UnityEngine.LogType,UnityEngine.LogOption,string,UnityEngine.Object)
UnityEngine.DebugLogHandler:LogFormat (UnityEngine.LogType,UnityEngine.Object,string,object[])
UnityEngine.Logger:Log (UnityEngine.LogType,object)
UnityEngine.Debug:Log (object)
HurtBox:TakeDamage (int) (at Assets/Scripts/HurtBox.cs:7)
HitBox:OnTriggerEnter (UnityEngine.Collider) (at Assets/Scripts/HitBox.cs:17)

(Filename: Assets/Scripts/HurtBox.cs Line: 7)

hurtbox
UnityEngine.Debug:ExtractStackTraceNoAlloc (byte*,int,string)
UnityEngine.StackTraceUtility:ExtractStackTrace () (at /home/bokken/build/output/unity/unity/Runtime/Export/Scripting/StackTrace.cs:35)
UnityEngine.DebugLogHandler:Internal_Log (UnityEngine.LogType,UnityEngine.LogOption,string,UnityEngine.Object)
UnityEngine.DebugLogHandler:LogFormat (UnityEngine.LogType,UnityEngine.Object,string,object[])
UnityEngine.Logger:Log (UnityEngine.LogType,object)
UnityEngine.Debug:Log (object)
HitBox:OnTriggerEnter (UnityEngine.Collider) (at Assets/Scripts/HitBox.cs:12)

(Filename: Assets/Scripts/HitBox.cs Line: 12)

hurtbox
UnityEngine.Debug:ExtractStackTraceNoAlloc (byte*,int,string)
UnityEngine.StackTraceUtility:ExtractStackTrace () (at /home/bokken/build/output/unity/unity/Runtime/Export/Scripting/StackTrace.cs:35)
UnityEngine.DebugLogHandler:Internal_Log (UnityEngine.LogType,UnityEngine.LogOption,string,UnityEngine.Object)
UnityEngine.DebugLogHandler:LogFormat (UnityEngine.LogType,UnityEngine.Object,string,object[])
UnityEngine.Logger:Log (UnityEngine.LogType,object)
UnityEngine.Debug:Log (object)
HitBox:OnTriggerEnter (UnityEngine.Collider) (at Assets/Scripts/HitBox.cs:13)

(Filename: Assets/Scripts/HitBox.cs Line: 13)

 Took 7 damage.
UnityEngine.Debug:ExtractStackTraceNoAlloc (byte*,int,string)
UnityEngine.StackTraceUtility:ExtractStackTrace () (at /home/bokken/build/output/unity/unity/Runtime/Export/Scripting/StackTrace.cs:35)
UnityEngine.DebugLogHandler:Internal_Log (UnityEngine.LogType,UnityEngine.LogOption,string,UnityEngine.Object)
UnityEngine.DebugLogHandler:LogFormat (UnityEngine.LogType,UnityEngine.Object,string,object[])
UnityEngine.Logger:Log (UnityEngine.LogType,object)
UnityEngine.Debug:Log (object)
HurtBox:TakeDamage (int) (at Assets/Scripts/HurtBox.cs:7)
HitBox:OnTriggerEnter (UnityEngine.Collider) (at Assets/Scripts/HitBox.cs:17)

(Filename: Assets/Scripts/HurtBox.cs Line: 7)

hurtbox
UnityEngine.Debug:ExtractStackTraceNoAlloc (byte*,int,string)
UnityEngine.StackTraceUtility:ExtractStackTrace () (at /home/bokken/build/output/unity/unity/Runtime/Export/Scripting/StackTrace.cs:35)
UnityEngine.DebugLogHandler:Internal_Log (UnityEngine.LogType,UnityEngine.LogOption,string,UnityEngine.Object)
UnityEngine.DebugLogHandler:LogFormat (UnityEngine.LogType,UnityEngine.Object,string,object[])
UnityEngine.Logger:Log (UnityEngine.LogType,object)
UnityEngine.Debug:Log (object)
HitBox:OnTriggerEnter (UnityEngine.Collider) (at Assets/Scripts/HitBox.cs:12)

(Filename: Assets/Scripts/HitBox.cs Line: 12)

hurtbox
UnityEngine.Debug:ExtractStackTraceNoAlloc (byte*,int,string)
UnityEngine.StackTraceUtility:ExtractStackTrace () (at /home/bokken/build/output/unity/unity/Runtime/Export/Scripting/StackTrace.cs:35)
UnityEngine.DebugLogHandler:Internal_Log (UnityEngine.LogType,UnityEngine.LogOption,string,UnityEngine.Object)
UnityEngine.DebugLogHandler:LogFormat (UnityEngine.LogType,UnityEngine.Object,string,object[])
UnityEngine.Logger:Log (UnityEngine.LogType,object)
UnityEngine.Debug:Log (object)
HitBox:OnTriggerEnter (UnityEngine.Collider) (at Assets/Scripts/HitBox.cs:13)

(Filename: Assets/Scripts/HitBox.cs Line: 13)

 Took 7 damage.
UnityEngine.Debug:ExtractStackTraceNoAlloc (byte*,int,string)
UnityEngine.StackTraceUtility:ExtractStackTrace () (at /home/bokken/build/output/unity/unity/Runtime/Export/Scripting/StackTrace.cs:35)
UnityEngine.DebugLogHandler:Internal_Log (UnityEngine.LogType,UnityEngine.LogOption,string,UnityEngine.Object)
UnityEngine.DebugLogHandler:LogFormat (UnityEngine.LogType,UnityEngine.Object,string,object[])
UnityEngine.Logger:Log (UnityEngine.LogType,object)
UnityEngine.Debug:Log (object)
HurtBox:TakeDamage (int) (at Assets/Scripts/HurtBox.cs:7)
HitBox:OnTriggerEnter (UnityEngine.Collider) (at Assets/Scripts/HitBox.cs:17)

(Filename: Assets/Scripts/HurtBox.cs Line: 7)

hurtbox
UnityEngine.Debug:ExtractStackTraceNoAlloc (byte*,int,string)
UnityEngine.StackTraceUtility:ExtractStackTrace () (at /home/bokken/build/output/unity/unity/Runtime/Export/Scripting/StackTrace.cs:35)
UnityEngine.DebugLogHandler:Internal_Log (UnityEngine.LogType,UnityEngine.LogOption,string,UnityEngine.Object)
UnityEngine.DebugLogHandler:LogFormat (UnityEngine.LogType,UnityEngine.Object,string,object[])
UnityEngine.Logger:Log (UnityEngine.LogType,object)
UnityEngine.Debug:Log (object)
HitBox:OnTriggerEnter (UnityEngine.Collider) (at Assets/Scripts/HitBox.cs:12)

(Filename: Assets/Scripts/HitBox.cs Line: 12)

hurtbox
UnityEngine.Debug:ExtractStackTraceNoAlloc (byte*,int,string)
UnityEngine.StackTraceUtility:ExtractStackTrace () (at /home/bokken/build/output/unity/unity/Runtime/Export/Scripting/StackTrace.cs:35)
UnityEngine.DebugLogHandler:Internal_Log (UnityEngine.LogType,UnityEngine.LogOption,string,UnityEngine.Object)
UnityEngine.DebugLogHandler:LogFormat (UnityEngine.LogType,UnityEngine.Object,string,object[])
UnityEngine.Logger:Log (UnityEngine.LogType,object)
UnityEngine.Debug:Log (object)
HitBox:OnTriggerEnter (UnityEngine.Collider) (at Assets/Scripts/HitBox.cs:13)

(Filename: Assets/Scripts/HitBox.cs Line: 13)

 Took 7 damage.
UnityEngine.Debug:ExtractStackTraceNoAlloc (byte*,int,string)
UnityEngine.StackTraceUtility:ExtractStackTrace () (at /home/bokken/build/output/unity/unity/Runtime/Export/Scripting/StackTrace.cs:35)
UnityEngine.DebugLogHandler:Internal_Log (UnityEngine.LogType,UnityEngine.LogOption,string,UnityEngine.Object)
UnityEngine.DebugLogHandler:LogFormat (UnityEngine.LogType,UnityEngine.Object,string,object[])
UnityEngine.Logger:Log (UnityEngine.LogType,object)
UnityEngine.Debug:Log (object)
HurtBox:TakeDamage (int) (at Assets/Scripts/HurtBox.cs:7)
HitBox:OnTriggerEnter (UnityEngine.Collider) (at Assets/Scripts/HitBox.cs:17)

(Filename: Assets/Scripts/HurtBox.cs Line: 7)

Unloading 1 Unused Serialized files (Serialized files now loaded: 0)
Loaded scene 'Temp/__Backupscenes/0.backup'
	Deserialize:            53.425 ms
	Integration:            381.158 ms
	Integration of assets:  0.072 ms
	Thread Wait Time:       -0.006 ms
	Total Operation Time:   434.648 ms
Unloading 20 unused Assets / (287.5 KB). Loaded Objects now: 9949.
Memory consumption went from 482.4 MB to 482.1 MB.
Total: 76.896803 ms (FindLiveObjects: 0.972183 ms CreateObjectMapping: 2.750061 ms MarkObjects: 72.729933 ms  DeleteObjects: 0.441442 ms)

[Licensing::Client] Successfully resolved entitlement details
[Licensing::Module] License group:
  Id: F4-M77M-HXW8-HJ67-XE8W-XXXX
  Product: Unity Personal
  Type: ULF
  Expiration: Unlimited
[Licensing::Module] License group:
  Id: 10170777712478-UnityPersXXXX
  Product: Unity Personal
  Type: Assigned
  Expiration: Unlimited
[ScriptCompilation] Requested script compilation because: AssetDatabase observed changes in script compilation related files
info: Microsoft.AspNetCore.Hosting.Diagnostics[1]
      Request starting HTTP/2 POST http://ilpp/UnityILPP.PostProcessing/Ping - application/grpc -
info: Microsoft.AspNetCore.Routing.EndpointMiddleware[0]
      Executing endpoint 'gRPC - /UnityILPP.PostProcessing/Ping'
info: Microsoft.AspNetCore.Routing.EndpointMiddleware[1]
      Executed endpoint 'gRPC - /UnityILPP.PostProcessing/Ping'
info: Microsoft.AspNetCore.Hosting.Diagnostics[2]
      Request finished HTTP/2 POST http://ilpp/UnityILPP.PostProcessing/Ping - 200 - application/grpc 19.9947ms
Starting: /home/usio/Unity/Hub/Editor/6000.5.8f1/Data/Tools/BuildPipeline/bee_backend --ipc --defer-dag-verification --dagfile="Library/Bee/2400b0aE.dag" --continue-on-failure --profile="Library/Bee/backend1.traceevents" ScriptAssemblies
WorkingDir: /home/usio/Titan test
info: Microsoft.AspNetCore.Hosting.Diagnostics[1]
      Request starting HTTP/2 POST http://ilpp/UnityILPP.PostProcessing/ConfigurePostProcessors - application/grpc -
info: Microsoft.AspNetCore.Routing.EndpointMiddleware[0]
      Executing endpoint 'gRPC - /UnityILPP.PostProcessing/ConfigurePostProcessors'
info: Unity.ILPP.Runner.PostProcessingAssemblyLoadContext[0]
      Current configuration matches the requested one, skipping
info: Microsoft.AspNetCore.Routing.EndpointMiddleware[1]
      Executed endpoint 'gRPC - /UnityILPP.PostProcessing/ConfigurePostProcessors'
info: Microsoft.AspNetCore.Hosting.Diagnostics[2]
      Request finished HTTP/2 POST http://ilpp/UnityILPP.PostProcessing/ConfigurePostProcessors - 200 - application/grpc 4.4003ms
info: Microsoft.AspNetCore.Hosting.Diagnostics[1]
      Request starting HTTP/2 POST http://ilpp/UnityILPP.PostProcessing/PostProcessAssembly - application/grpc -
info: Microsoft.AspNetCore.Routing.EndpointMiddleware[0]
      Executing endpoint 'gRPC - /UnityILPP.PostProcessing/PostProcessAssembly'
info: Microsoft.AspNetCore.Hosting.Diagnostics[1]
      Request starting HTTP/2 POST http://ilpp/UnityILPP.PostProcessing/PostProcessAssembly - application/grpc -
info: Microsoft.AspNetCore.Routing.EndpointMiddleware[0]
      Executing endpoint 'gRPC - /UnityILPP.PostProcessing/PostProcessAssembly'
info: Unity.ILPP.Runner.PostProcessingPipeline[0]
      Processing assembly Library/Bee/artifacts/2400b0aE.dag/Assembly-CSharp.dll, with 134 defines and 344 references
info: Unity.ILPP.Runner.PostProcessingPipeline[0]
      Processing assembly Library/Bee/artifacts/2400b0aE.dag/Assembly-CSharp-Editor.dll, with 132 defines and 368 references
info: Unity.ILPP.Runner.PostProcessingPipeline[0]
      processors: Unity.Jobs.CodeGen.JobsILPostProcessor, zzzUnity.Burst.CodeGen.BurstILPostProcessor
info: Unity.ILPP.Runner.PostProcessingPipeline[0]
      processors: Unity.Jobs.CodeGen.JobsILPostProcessor, zzzUnity.Burst.CodeGen.BurstILPostProcessor
info: Unity.ILPP.Runner.PostProcessingPipeline[0]
      running Unity.Jobs.CodeGen.JobsILPostProcessor
info: Unity.ILPP.Runner.PostProcessingPipeline[0]
      running Unity.Jobs.CodeGen.JobsILPostProcessor
info: Unity.ILPP.Runner.PostProcessingPipeline[0]
      running zzzUnity.Burst.CodeGen.BurstILPostProcessor
info: Unity.ILPP.Runner.PostProcessingPipeline[0]
      running zzzUnity.Burst.CodeGen.BurstILPostProcessor
info: Microsoft.AspNetCore.Routing.EndpointMiddleware[1]
      Executed endpoint 'gRPC - /UnityILPP.PostProcessing/PostProcessAssembly'
info: Microsoft.AspNetCore.Routing.EndpointMiddleware[1]
      Executed endpoint 'gRPC - /UnityILPP.PostProcessing/PostProcessAssembly'
info: Microsoft.AspNetCore.Hosting.Diagnostics[2]
      Request finished HTTP/2 POST http://ilpp/UnityILPP.PostProcessing/PostProcessAssembly - 200 - application/grpc 156.1050ms
info: Microsoft.AspNetCore.Hosting.Diagnostics[2]
      Request finished HTTP/2 POST http://ilpp/UnityILPP.PostProcessing/PostProcessAssembly - 200 - application/grpc 156.7295ms
ExitCode: 0 Duration: 1s88ms
[715/937    0s] ILPP-Configuration Library/ilpp-configuration.nevergeneratedoutput
[929/937    0s] Csc Library/Bee/artifacts/2400b0aE.dag/Assembly-CSharp.dll (+2 others)
[931/937    0s] ILPostProcess Library/Bee/artifacts/2400b0aE.dag/post-processed/Assembly-CSharp-Editor.dll (+pdb)
Processing assembly Library/Bee/artifacts/2400b0aE.dag/Assembly-CSharp-Editor.dll, with 132 defines and 368 references
processors: Unity.Jobs.CodeGen.JobsILPostProcessor, zzzUnity.Burst.CodeGen.BurstILPostProcessor
running Unity.Jobs.CodeGen.JobsILPostProcessor
running zzzUnity.Burst.CodeGen.BurstILPostProcessor
[932/937    0s] ILPostProcess Library/Bee/artifacts/2400b0aE.dag/post-processed/Assembly-CSharp.dll (+pdb)
Processing assembly Library/Bee/artifacts/2400b0aE.dag/Assembly-CSharp.dll, with 134 defines and 344 references
processors: Unity.Jobs.CodeGen.JobsILPostProcessor, zzzUnity.Burst.CodeGen.BurstILPostProcessor
running Unity.Jobs.CodeGen.JobsILPostProcessor
running zzzUnity.Burst.CodeGen.BurstILPostProcessor
[935/937    0s] CopyFiles Library/ScriptAssemblies/Assembly-CSharp.pdb
[936/937    0s] CopyFiles Library/ScriptAssemblies/Assembly-CSharp.dll
*** Tundra build success (0.98 seconds), 6 items updated, 937 evaluated
Reloading assemblies after forced synchronous recompile.
Begin MonoManager ReloadAssembly
Total cache size 172573348
Total cache size after purge 172573348, took 00:00:01.0577530
Assembly reference Packages/com.unity.cinemachine/Editor/Samples/ExposeHDRPInternals/HDRP-Editor-ref.asmref has no target assembly definition
Native extension for LinuxStandalone target not found
[MODES] ModeService[none].Initialize
[MODES] ModeService[none].LoadModes
ScheduleIndexationOnStartup MainProcess:True IndexOnStartup:True
Mono: successfully reloaded assembly
- Finished resetting the current domain, in  2.158 seconds
Domain Reload Profiling: 5892ms
	BeginReloadAssembly (1465ms)
		DisableScriptedObjects (317ms)
		CreateAndSetChildDomain (711ms)
	RebuildCommonClasses (13ms)
	RebuildNativeTypeToScriptingClass (10ms)
	initialDomainReloadingComplete (204ms)
	LoadAllAssembliesAndSetupDomain (2041ms)
		LoadAssemblies (862ms)
		AnalyzeDomain (1296ms)
			TypeCache.Refresh (21ms)
			BuildScriptInfoCaches (1205ms)
			ResolveRequiredComponents (63ms)
	FinalizeReload (2160ms)
		SetupLoadedEditorAssemblies (0ms)
			InitializePlatformSupportModulesInManaged (3ms)
			BeforeProcessingInitializeOnLoad (347ms)
			ProcessInitializeOnLoadAttributes (442ms)
			ProcessInitializeOnLoadMethodAttributes (113ms)
			AfterProcessingInitializeOnLoad (3ms)
		AwakeInstancesAfterBackupRestoration (550ms)

Asset Pipeline Refresh (id=ffcd1b542481b6cadb2393f5dd70f74c): Total: 9.531 seconds - Initiated by RefreshV2(AllowForceSynchronousImport)
	(Values over 0.05ms)
	Summary:
		Imports: total=0 (actual=0, local cache=0, cache server=0)
		Asset DB Process Time: managed=0 ms, native=3418 ms
		Asset DB Callback time: managed=81 ms, native=8 ms
		Scripting: domain reloads=1, domain reload time=3954 ms, compile time=2068 ms, other=0 ms
		Project Asset Count: scripts=1480, non-scripts=2685
		Asset File Changes: new=0, changed=1, moved=0, deleted=0
		Scan Filter Count: 1
	InvokePackagesCallback: 2.387ms
	ApplyChangesToAssetFolders: 2.037ms
	Scan: 935.543ms
	Collect global state as custom dependencies: 5.697ms
	OnSourceAssetsModified: 3.906ms
	CategorizeScriptCompilationAssets: 0.406ms
	ProcessAssetsWithTransientArtifactChanges: 12.968ms
	CategorizeAssets: 78.235ms
	CompileScripts: 2068.033ms
	ImportOutOfDateAssets: 2227.885ms (2186.664ms without children)
		CollectScriptTypesHashes: 3.451ms
		ReloadNativeAssets: 1.257ms
		UnloadImportedAssets: 0.380ms
		EnsureUptoDateAssetsAreRegisteredWithGuidPM: 0.817ms
		ImportSchedulerStart: 38.665ms
	PostProcessAllAssets: 81.372ms
		XRBuildSystem.XRAssetImported 0.935ms
		PostProcessCallbackCreateDeferredMaterials 0.373ms
		SpeedTreeImporter.PostprocessAllAssets 0.223ms
		ObjectImages.AssetImported 0.082ms
		MonoPostProcessAllAssets: 78.703ms
			UniversalRenderPipelineGlobalSettingsPostprocessor.OnPostprocessAllAssets 10.766ms
			SyncVS.PostprocessSyncProject 9.057ms
			BuilderAssetPostprocessor.OnPostprocessAllAssets 8.539ms
			AssetChangedListener.OnPostprocessAllAssets 6.628ms
			AssetPostprocessor.OnPostprocessAllAssets 6.552ms
			WindowAssetPostprocessingWatcher.OnPostprocessAllAssets 2.664ms
			SpeedTree9Postprocessor.OnPostprocessAllAssets 2.032ms
			RetainedModeAssetPostprocessor.OnPostprocessAllAssets 1.984ms
			ShaderGraphAssetPostProcessor.OnPostprocessAllAssets 1.737ms
			EditModeScopePostprocessor.OnPostprocessAllAssets 1.492ms
			ProjectSettingsPostprocessor.OnPostprocessAllAssets 0.974ms
			RenderPipelineGlobalSettingsPostprocessor.OnPostprocessAllAssets 0.961ms
			ArtifactBrowserPostProcessor.OnPostprocessAllAssets 0.925ms
			MaterialPostprocessor.OnPostprocessAllAssets 0.866ms
			TMPro_TexturePostProcessor.OnPostprocessAllAssets 0.825ms
			UVCSAssetPostprocessor.OnPostprocessAllAssets 0.551ms
			AudioMixerPostprocessor.OnPostprocessAllAssets 0.538ms
			CinemachineSettings.OnPostprocessAllAssets 0.498ms
			SampleDependencyImporterPostProcessor.OnPostprocessAllAssets 0.433ms
			TextAssetPostProcessor.OnPostprocessAllAssets 0.401ms
			AssetEvents.OnPostprocessAllAssets 0.394ms
			InputActionAssetPostprocessor.OnPostprocessAllAssets 0.383ms
			StyleCatalogPostProcessor.OnPostprocessAllAssets 0.354ms
			ReferencedClipsPostProcessor.OnPostprocessAllAssets 0.338ms
			ShaderReflectionAssetPostProcessor.OnPostprocessAllAssets 0.336ms
			InputActionJsonNameModifierAssetProcessor.OnPostprocessAllAssets 0.294ms
			PostProcessor.OnPostprocessAllAssets 0.265ms
			DomainReloadProcessor.OnPostprocessAllAssets 0.223ms
			SpeedTreePostProcessor.OnPostprocessAllAssets 0.167ms
			AssetDatabaseCallbacks.OnPostprocessAllAssets 0.165ms
			ConfigAssetsTracker.OnPostprocessAllAssets 0.163ms
			TerrainToolbarOverlayPostProcessor.OnPostprocessAllAssets 0.156ms
			SamplePostprocessor.OnPostprocessAllAssets 0.153ms
			AssetReloadNotifier.OnPostprocessAllAssets 0.139ms
			ScenarioDriftAssetsTracker.OnPostprocessAllAssets 0.125ms
			AudioContainerPostProcessor.OnPostprocessAllAssets 0.110ms
	PostAssetChangesProfiler: 2.587ms
	GatherAllCurrentPrimaryImportResultRevisions: 12.790ms
	UnloadStreamsBegin: 0.477ms
	PersistCurrentRevisions: 0.195ms
	GenerateScriptTypeHashes: 3.435ms
	GenerateScriptTypeSerializationHashes: 5.754ms
	Untracked: 4089.981ms

[Licensing::Client] Successfully resolved entitlement details
[Licensing::Client] Successfully resolved entitlement details
[Licensing::Client] Successfully resolved entitlement details
Reloading assemblies for play mode.
Reloading assemblies after forced synchronous recompile.
Begin MonoManager ReloadAssembly
Assembly reference Packages/com.unity.cinemachine/Editor/Samples/ExposeHDRPInternals/HDRP-Editor-ref.asmref has no target assembly definition
Native extension for LinuxStandalone target not found
ScheduleIndexationOnStartup MainProcess:True IndexOnStartup:True
[MODES] ModeService[none].Initialize
[MODES] ModeService[none].LoadModes
Mono: successfully reloaded assembly
- Finished resetting the current domain, in  2.235 seconds
Domain Reload Profiling: 3511ms
	BeginReloadAssembly (884ms)
		DisableScriptedObjects (105ms)
		CreateAndSetChildDomain (518ms)
	RebuildCommonClasses (12ms)
	RebuildNativeTypeToScriptingClass (16ms)
	initialDomainReloadingComplete (99ms)
	LoadAllAssembliesAndSetupDomain (262ms)
		LoadAssemblies (276ms)
		AnalyzeDomain (41ms)
			TypeCache.Refresh (11ms)
			ResolveRequiredComponents (24ms)
	FinalizeReload (2236ms)
		SetupLoadedEditorAssemblies (0ms)
			BeforeProcessingInitializeOnLoad (191ms)
			ProcessInitializeOnLoadAttributes (438ms)
			ProcessInitializeOnLoadMethodAttributes (143ms)
			AfterProcessingInitializeOnLoad (3ms)
		AwakeInstancesAfterBackupRestoration (600ms)

Asset Pipeline Refresh (id=5cc359f35f60d0294b7e3b99ff5eb6ef): Total: 3.857 seconds - Initiated by StopAssetImportingV2(ForceSynchronousImport | ForceDomainReload)
	(Values over 0.05ms)
	Summary:
		Imports: total=0 (actual=0, local cache=0, cache server=0)
		Asset DB Process Time: managed=0 ms, native=2419 ms
		Asset DB Callback time: managed=78 ms, native=0 ms
		Scripting: domain reloads=1, domain reload time=1357 ms, compile time=2 ms, other=0 ms
		Project Asset Count: scripts=1480, non-scripts=2685
		Asset File Changes: new=0, changed=0, moved=0, deleted=0
		Scan Filter Count: 0
	InvokePackagesCallback: 0.543ms
	ApplyChangesToAssetFolders: 0.413ms
	Collect global state as custom dependencies: 2.306ms
	ProcessAssetsWithTransientArtifactChanges: 0.344ms
	CategorizeAssets: 52.336ms
	CompileScripts: 1.829ms
	ImportOutOfDateAssets: 2308.004ms (2250.903ms without children)
		CollectScriptTypesHashes: 1.086ms
		ReloadNativeAssets: 1.041ms
		UnloadImportedAssets: 0.104ms
		EnsureUptoDateAssetsAreRegisteredWithGuidPM: 0.641ms
		ImportSchedulerStart: 55.276ms
	PostProcessAllAssets: 78.151ms
		MonoPostProcessAllAssets: 78.140ms
			UniversalRenderPipelineGlobalSettingsPostprocessor.OnPostprocessAllAssets 23.512ms
			SyncVS.PostprocessSyncProject 17.625ms
			BuilderAssetPostprocessor.OnPostprocessAllAssets 8.539ms
			AssetChangedListener.OnPostprocessAllAssets 6.628ms
			AssetPostprocessor.OnPostprocessAllAssets 6.552ms
			SpeedTree9Postprocessor.OnPostprocessAllAssets 4.491ms
			WindowAssetPostprocessingWatcher.OnPostprocessAllAssets 4.426ms
			RetainedModeAssetPostprocessor.OnPostprocessAllAssets 1.984ms
			RenderPipelineGlobalSettingsPostprocessor.OnPostprocessAllAssets 1.839ms
			ProjectSettingsPostprocessor.OnPostprocessAllAssets 1.773ms
			ShaderGraphAssetPostProcessor.OnPostprocessAllAssets 1.737ms
			ArtifactBrowserPostProcessor.OnPostprocessAllAssets 0.925ms
			MaterialPostprocessor.OnPostprocessAllAssets 0.866ms
			TMPro_TexturePostProcessor.OnPostprocessAllAssets 0.825ms
			ShaderReflectionAssetPostProcessor.OnPostprocessAllAssets 0.788ms
			InputActionAssetPostprocessor.OnPostprocessAllAssets 0.669ms
			CinemachineSettings.OnPostprocessAllAssets 0.648ms
			EditModeScopePostprocessor.OnPostprocessAllAssets 0.639ms
			ReferencedClipsPostProcessor.OnPostprocessAllAssets 0.600ms
			UVCSAssetPostprocessor.OnPostprocessAllAssets 0.551ms
			AudioMixerPostprocessor.OnPostprocessAllAssets 0.538ms
			SampleDependencyImporterPostProcessor.OnPostprocessAllAssets 0.433ms
			TextAssetPostProcessor.OnPostprocessAllAssets 0.401ms
			DomainReloadProcessor.OnPostprocessAllAssets 0.395ms
			AssetEvents.OnPostprocessAllAssets 0.394ms
			StyleCatalogPostProcessor.OnPostprocessAllAssets 0.354ms
			TerrainToolbarOverlayPostProcessor.OnPostprocessAllAssets 0.319ms
			AssetDatabaseCallbacks.OnPostprocessAllAssets 0.317ms
			InputActionJsonNameModifierAssetProcessor.OnPostprocessAllAssets 0.294ms
			PostProcessor.OnPostprocessAllAssets 0.265ms
			SpeedTreePostProcessor.OnPostprocessAllAssets 0.167ms
			ConfigAssetsTracker.OnPostprocessAllAssets 0.163ms
			SamplePostprocessor.OnPostprocessAllAssets 0.153ms
			AssetReloadNotifier.OnPostprocessAllAssets 0.139ms
			ScenarioDriftAssetsTracker.OnPostprocessAllAssets 0.125ms
			AudioContainerPostProcessor.OnPostprocessAllAssets 0.110ms
	GatherAllCurrentPrimaryImportResultRevisions: 0.877ms
	PersistCurrentRevisions: 0.288ms
	GenerateScriptTypeHashes: 3.226ms
	GenerateScriptTypeSerializationHashes: 5.488ms
	Untracked: 1409.804ms

BigJhonny: EnemyGroundNavigator has no target assigned.
UnityEngine.Debug:ExtractStackTraceNoAlloc (byte*,int,string)
UnityEngine.StackTraceUtility:ExtractStackTrace () (at /home/bokken/build/output/unity/unity/Runtime/Export/Scripting/StackTrace.cs:35)
UnityEngine.DebugLogHandler:Internal_Log (UnityEngine.LogType,UnityEngine.LogOption,string,UnityEngine.Object)
UnityEngine.DebugLogHandler:LogFormat (UnityEngine.LogType,UnityEngine.Object,string,object[])
UnityEngine.Logger:Log (UnityEngine.LogType,object)
UnityEngine.Debug:LogError (object)
EnemyGroundNavigator:Awake () (at Assets/Scripts/EnemyScripts/EnemyGroundNavigator.cs:44)

(Filename: Assets/Scripts/EnemyScripts/EnemyGroundNavigator.cs Line: 44)

Loaded scene 'Temp/__Backupscenes/0.backup'
	Deserialize:            26.267 ms
	Integration:            494.748 ms
	Integration of assets:  0.023 ms
	Thread Wait Time:       -0.018 ms
	Total Operation Time:   521.021 ms
playerCharater (UnityEngine.Transform)
UnityEngine.Debug:ExtractStackTraceNoAlloc (byte*,int,string)
UnityEngine.StackTraceUtility:ExtractStackTrace () (at /home/bokken/build/output/unity/unity/Runtime/Export/Scripting/StackTrace.cs:35)
UnityEngine.DebugLogHandler:Internal_Log (UnityEngine.LogType,UnityEngine.LogOption,string,UnityEngine.Object)
UnityEngine.DebugLogHandler:LogFormat (UnityEngine.LogType,UnityEngine.Object,string,object[])
UnityEngine.Logger:Log (UnityEngine.LogType,object)
UnityEngine.Debug:Log (object)
EnemyGroundNavigator:Update () (at Assets/Scripts/EnemyScripts/EnemyGroundNavigator.cs:52)

(Filename: Assets/Scripts/EnemyScripts/EnemyGroundNavigator.cs Line: 52)

[Licensing::Client] Successfully resolved entitlement details
[Licensing::Client] Successfully resolved entitlement details
playerCharater (UnityEngine.Transform)
UnityEngine.Debug:ExtractStackTraceNoAlloc (byte*,int,string)
UnityEngine.StackTraceUtility:ExtractStackTrace () (at /home/bokken/build/output/unity/unity/Runtime/Export/Scripting/StackTrace.cs:35)
UnityEngine.DebugLogHandler:Internal_Log (UnityEngine.LogType,UnityEngine.LogOption,string,UnityEngine.Object)
UnityEngine.DebugLogHandler:LogFormat (UnityEngine.LogType,UnityEngine.Object,string,object[])
UnityEngine.Logger:Log (UnityEngine.LogType,object)
UnityEngine.Debug:Log (object)
EnemyGroundNavigator:Update () (at Assets/Scripts/EnemyScripts/EnemyGroundNavigator.cs:52)

(Filename: Assets/Scripts/EnemyScripts/EnemyGroundNavigator.cs Line: 52)

[Licensing::Client] Successfully resolved entitlement details
playerCharater (UnityEngine.Transform)
UnityEngine.Debug:ExtractStackTraceNoAlloc (byte*,int,string)
UnityEngine.StackTraceUtility:ExtractStackTrace () (at /home/bokken/build/output/unity/unity/Runtime/Export/Scripting/StackTrace.cs:35)
UnityEngine.DebugLogHandler:Internal_Log (UnityEngine.LogType,UnityEngine.LogOption,string,UnityEngine.Object)
UnityEngine.DebugLogHandler:LogFormat (UnityEngine.LogType,UnityEngine.Object,string,object[])
UnityEngine.Logger:Log (UnityEngine.LogType,object)
UnityEngine.Debug:Log (object)
EnemyGroundNavigator:Update () (at Assets/Scripts/EnemyScripts/EnemyGroundNavigator.cs:52)

(Filename: Assets/Scripts/EnemyScripts/EnemyGroundNavigator.cs Line: 52)

playerCharater (UnityEngine.Transform)
UnityEngine.Debug:ExtractStackTraceNoAlloc (byte*,int,string)
UnityEngine.StackTraceUtility:ExtractStackTrace () (at /home/bokken/build/output/unity/unity/Runtime/Export/Scripting/StackTrace.cs:35)
UnityEngine.DebugLogHandler:Internal_Log (UnityEngine.LogType,UnityEngine.LogOption,string,UnityEngine.Object)
UnityEngine.DebugLogHandler:LogFormat (UnityEngine.LogType,UnityEngine.Object,string,object[])
UnityEngine.Logger:Log (UnityEngine.LogType,object)
UnityEngine.Debug:Log (object)
EnemyGroundNavigator:Update () (at Assets/Scripts/EnemyScripts/EnemyGroundNavigator.cs:52)

(Filename: Assets/Scripts/EnemyScripts/EnemyGroundNavigator.cs Line: 52)

playerCharater (UnityEngine.Transform)
UnityEngine.Debug:ExtractStackTraceNoAlloc (byte*,int,string)
UnityEngine.StackTraceUtility:ExtractStackTrace () (at /home/bokken/build/output/unity/unity/Runtime/Export/Scripting/StackTrace.cs:35)
UnityEngine.DebugLogHandler:Internal_Log (UnityEngine.LogType,UnityEngine.LogOption,string,UnityEngine.Object)
UnityEngine.DebugLogHandler:LogFormat (UnityEngine.LogType,UnityEngine.Object,string,object[])
UnityEngine.Logger:Log (UnityEngine.LogType,object)
UnityEngine.Debug:Log (object)
EnemyGroundNavigator:Update () (at Assets/Scripts/EnemyScripts/EnemyGroundNavigator.cs:52)

(Filename: Assets/Scripts/EnemyScripts/EnemyGroundNavigator.cs Line: 52)

playerCharater (UnityEngine.Transform)
UnityEngine.Debug:ExtractStackTraceNoAlloc (byte*,int,string)
UnityEngine.StackTraceUtility:ExtractStackTrace () (at /home/bokken/build/output/unity/unity/Runtime/Export/Scripting/StackTrace.cs:35)
UnityEngine.DebugLogHandler:Internal_Log (UnityEngine.LogType,UnityEngine.LogOption,string,UnityEngine.Object)
UnityEngine.DebugLogHandler:LogFormat (UnityEngine.LogType,UnityEngine.Object,string,object[])
UnityEngine.Logger:Log (UnityEngine.LogType,object)
UnityEngine.Debug:Log (object)
EnemyGroundNavigator:Update () (at Assets/Scripts/EnemyScripts/EnemyGroundNavigator.cs:52)

(Filename: Assets/Scripts/EnemyScripts/EnemyGroundNavigator.cs Line: 52)

playerCharater (UnityEngine.Transform)
UnityEngine.Debug:ExtractStackTraceNoAlloc (byte*,int,string)
UnityEngine.StackTraceUtility:ExtractStackTrace () (at /home/bokken/build/output/unity/unity/Runtime/Export/Scripting/StackTrace.cs:35)
UnityEngine.DebugLogHandler:Internal_Log (UnityEngine.LogType,UnityEngine.LogOption,string,UnityEngine.Object)
UnityEngine.DebugLogHandler:LogFormat (UnityEngine.LogType,UnityEngine.Object,string,object[])
UnityEngine.Logger:Log (UnityEngine.LogType,object)
UnityEngine.Debug:Log (object)
EnemyGroundNavigator:Update () (at Assets/Scripts/EnemyScripts/EnemyGroundNavigator.cs:52)

(Filename: Assets/Scripts/EnemyScripts/EnemyGroundNavigator.cs Line: 52)

playerCharater (UnityEngine.Transform)
UnityEngine.Debug:ExtractStackTraceNoAlloc (byte*,int,string)
UnityEngine.StackTraceUtility:ExtractStackTrace () (at /home/bokken/build/output/unity/unity/Runtime/Export/Scripting/StackTrace.cs:35)
UnityEngine.DebugLogHandler:Internal_Log (UnityEngine.LogType,UnityEngine.LogOption,string,UnityEngine.Object)
UnityEngine.DebugLogHandler:LogFormat (UnityEngine.LogType,UnityEngine.Object,string,object[])
UnityEngine.Logger:Log (UnityEngine.LogType,object)
UnityEngine.Debug:Log (object)
EnemyGroundNavigator:Update () (at Assets/Scripts/EnemyScripts/EnemyGroundNavigator.cs:52)

(Filename: Assets/Scripts/EnemyScripts/EnemyGroundNavigator.cs Line: 52)

playerCharater (UnityEngine.Transform)
UnityEngine.Debug:ExtractStackTraceNoAlloc (byte*,int,string)
UnityEngine.StackTraceUtility:ExtractStackTrace () (at /home/bokken/build/output/unity/unity/Runtime/Export/Scripting/StackTrace.cs:35)
UnityEngine.DebugLogHandler:Internal_Log (UnityEngine.LogType,UnityEngine.LogOption,string,UnityEngine.Object)
UnityEngine.DebugLogHandler:LogFormat (UnityEngine.LogType,UnityEngine.Object,string,object[])
UnityEngine.Logger:Log (UnityEngine.LogType,object)
UnityEngine.Debug:Log (object)
EnemyGroundNavigator:Update () (at Assets/Scripts/EnemyScripts/EnemyGroundNavigator.cs:52)

(Filename: Assets/Scripts/EnemyScripts/EnemyGroundNavigator.cs Line: 52)

playerCharater (UnityEngine.Transform)
UnityEngine.Debug:ExtractStackTraceNoAlloc (byte*,int,string)
UnityEngine.StackTraceUtility:ExtractStackTrace () (at /home/bokken/build/output/unity/unity/Runtime/Export/Scripting/StackTrace.cs:35)
UnityEngine.DebugLogHandler:Internal_Log (UnityEngine.LogType,UnityEngine.LogOption,string,UnityEngine.Object)
UnityEngine.DebugLogHandler:LogFormat (UnityEngine.LogType,UnityEngine.Object,string,object[])
UnityEngine.Logger:Log (UnityEngine.LogType,object)
UnityEngine.Debug:Log (object)
EnemyGroundNavigator:Update () (at Assets/Scripts/EnemyScripts/EnemyGroundNavigator.cs:52)

(Filename: Assets/Scripts/EnemyScripts/EnemyGroundNavigator.cs Line: 52)

playerCharater (UnityEngine.Transform)
UnityEngine.Debug:ExtractStackTraceNoAlloc (byte*,int,string)
UnityEngine.StackTraceUtility:ExtractStackTrace () (at /home/bokken/build/output/unity/unity/Runtime/Export/Scripting/StackTrace.cs:35)
UnityEngine.DebugLogHandler:Internal_Log (UnityEngine.LogType,UnityEngine.LogOption,string,UnityEngine.Object)
UnityEngine.DebugLogHandler:LogFormat (UnityEngine.LogType,UnityEngine.Object,string,object[])
UnityEngine.Logger:Log (UnityEngine.LogType,object)
UnityEngine.Debug:Log (object)
EnemyGroundNavigator:Update () (at Assets/Scripts/EnemyScripts/EnemyGroundNavigator.cs:52)

(Filename: Assets/Scripts/EnemyScripts/EnemyGroundNavigator.cs Line: 52)

playerCharater (UnityEngine.Transform)
UnityEngine.Debug:ExtractStackTraceNoAlloc (byte*,int,string)
UnityEngine.StackTraceUtility:ExtractStackTrace () (at /home/bokken/build/output/unity/unity/Runtime/Export/Scripting/StackTrace.cs:35)
UnityEngine.DebugLogHandler:Internal_Log (UnityEngine.LogType,UnityEngine.LogOption,string,UnityEngine.Object)
UnityEngine.DebugLogHandler:LogFormat (UnityEngine.LogType,UnityEngine.Object,string,object[])
UnityEngine.Logger:Log (UnityEngine.LogType,object)
UnityEngine.Debug:Log (object)
EnemyGroundNavigator:Update () (at Assets/Scripts/EnemyScripts/EnemyGroundNavigator.cs:52)

(Filename: Assets/Scripts/EnemyScripts/EnemyGroundNavigator.cs Line: 52)

playerCharater (UnityEngine.Transform)
UnityEngine.Debug:ExtractStackTraceNoAlloc (byte*,int,string)
UnityEngine.StackTraceUtility:ExtractStackTrace () (at /home/bokken/build/output/unity/unity/Runtime/Export/Scripting/StackTrace.cs:35)
UnityEngine.DebugLogHandler:Internal_Log (UnityEngine.LogType,UnityEngine.LogOption,string,UnityEngine.Object)
UnityEngine.DebugLogHandler:LogFormat (UnityEngine.LogType,UnityEngine.Object,string,object[])
UnityEngine.Logger:Log (UnityEngine.LogType,object)
UnityEngine.Debug:Log (object)
EnemyGroundNavigator:Update () (at Assets/Scripts/EnemyScripts/EnemyGroundNavigator.cs:52)

(Filename: Assets/Scripts/EnemyScripts/EnemyGroundNavigator.cs Line: 52)

playerCharater (UnityEngine.Transform)
UnityEngine.Debug:ExtractStackTraceNoAlloc (byte*,int,string)
UnityEngine.StackTraceUtility:ExtractStackTrace () (at /home/bokken/build/output/unity/unity/Runtime/Export/Scripting/StackTrace.cs:35)
UnityEngine.DebugLogHandler:Internal_Log (UnityEngine.LogType,UnityEngine.LogOption,string,UnityEngine.Object)
UnityEngine.DebugLogHandler:LogFormat (UnityEngine.LogType,UnityEngine.Object,string,object[])
UnityEngine.Logger:Log (UnityEngine.LogType,object)
UnityEngine.Debug:Log (object)
EnemyGroundNavigator:Update () (at Assets/Scripts/EnemyScripts/EnemyGroundNavigator.cs:52)

(Filename: Assets/Scripts/EnemyScripts/EnemyGroundNavigator.cs Line: 52)

playerCharater (UnityEngine.Transform)
UnityEngine.Debug:ExtractStackTraceNoAlloc (byte*,int,string)
UnityEngine.StackTraceUtility:ExtractStackTrace () (at /home/bokken/build/output/unity/unity/Runtime/Export/Scripting/StackTrace.cs:35)
UnityEngine.DebugLogHandler:Internal_Log (UnityEngine.LogType,UnityEngine.LogOption,string,UnityEngine.Object)
UnityEngine.DebugLogHandler:LogFormat (UnityEngine.LogType,UnityEngine.Object,string,object[])
UnityEngine.Logger:Log (UnityEngine.LogType,object)
UnityEngine.Debug:Log (object)
EnemyGroundNavigator:Update () (at Assets/Scripts/EnemyScripts/EnemyGroundNavigator.cs:52)

(Filename: Assets/Scripts/EnemyScripts/EnemyGroundNavigator.cs Line: 52)

playerCharater (UnityEngine.Transform)
UnityEngine.Debug:ExtractStackTraceNoAlloc (byte*,int,string)
UnityEngine.StackTraceUtility:ExtractStackTrace () (at /home/bokken/build/output/unity/unity/Runtime/Export/Scripting/StackTrace.cs:35)
UnityEngine.DebugLogHandler:Internal_Log (UnityEngine.LogType,UnityEngine.LogOption,string,UnityEngine.Object)
UnityEngine.DebugLogHandler:LogFormat (UnityEngine.LogType,UnityEngine.Object,string,object[])
UnityEngine.Logger:Log (UnityEngine.LogType,object)
UnityEngine.Debug:Log (object)
EnemyGroundNavigator:Update () (at Assets/Scripts/EnemyScripts/EnemyGroundNavigator.cs:52)

(Filename: Assets/Scripts/EnemyScripts/EnemyGroundNavigator.cs Line: 52)

playerCharater (UnityEngine.Transform)
UnityEngine.Debug:ExtractStackTraceNoAlloc (byte*,int,string)
UnityEngine.StackTraceUtility:ExtractStackTrace () (at /home/bokken/build/output/unity/unity/Runtime/Export/Scripting/StackTrace.cs:35)
UnityEngine.DebugLogHandler:Internal_Log (UnityEngine.LogType,UnityEngine.LogOption,string,UnityEngine.Object)
UnityEngine.DebugLogHandler:LogFormat (UnityEngine.LogType,UnityEngine.Object,string,object[])
UnityEngine.Logger:Log (UnityEngine.LogType,object)
UnityEngine.Debug:Log (object)
EnemyGroundNavigator:Update () (at Assets/Scripts/EnemyScripts/EnemyGroundNavigator.cs:52)

(Filename: Assets/Scripts/EnemyScripts/EnemyGroundNavigator.cs Line: 52)

playerCharater (UnityEngine.Transform)
UnityEngine.Debug:ExtractStackTraceNoAlloc (byte*,int,string)
UnityEngine.StackTraceUtility:ExtractStackTrace () (at /home/bokken/build/output/unity/unity/Runtime/Export/Scripting/StackTrace.cs:35)
UnityEngine.DebugLogHandler:Internal_Log (UnityEngine.LogType,UnityEngine.LogOption,string,UnityEngine.Object)
UnityEngine.DebugLogHandler:LogFormat (UnityEngine.LogType,UnityEngine.Object,string,object[])
UnityEngine.Logger:Log (UnityEngine.LogType,object)
UnityEngine.Debug:Log (object)
EnemyGroundNavigator:Update () (at Assets/Scripts/EnemyScripts/EnemyGroundNavigator.cs:52)

(Filename: Assets/Scripts/EnemyScripts/EnemyGroundNavigator.cs Line: 52)

playerCharater (UnityEngine.Transform)
UnityEngine.Debug:ExtractStackTraceNoAlloc (byte*,int,string)
UnityEngine.StackTraceUtility:ExtractStackTrace () (at /home/bokken/build/output/unity/unity/Runtime/Export/Scripting/StackTrace.cs:35)
UnityEngine.DebugLogHandler:Internal_Log (UnityEngine.LogType,UnityEngine.LogOption,string,UnityEngine.Object)
UnityEngine.DebugLogHandler:LogFormat (UnityEngine.LogType,UnityEngine.Object,string,object[])
UnityEngine.Logger:Log (UnityEngine.LogType,object)
UnityEngine.Debug:Log (object)
EnemyGroundNavigator:Update () (at Assets/Scripts/EnemyScripts/EnemyGroundNavigator.cs:52)

(Filename: Assets/Scripts/EnemyScripts/EnemyGroundNavigator.cs Line: 52)

playerCharater (UnityEngine.Transform)
UnityEngine.Debug:ExtractStackTraceNoAlloc (byte*,int,string)
UnityEngine.StackTraceUtility:ExtractStackTrace () (at /home/bokken/build/output/unity/unity/Runtime/Export/Scripting/StackTrace.cs:35)
UnityEngine.DebugLogHandler:Internal_Log (UnityEngine.LogType,UnityEngine.LogOption,string,UnityEngine.Object)
UnityEngine.DebugLogHandler:LogFormat (UnityEngine.LogType,UnityEngine.Object,string,object[])
UnityEngine.Logger:Log (UnityEngine.LogType,object)
UnityEngine.Debug:Log (object)
EnemyGroundNavigator:Update () (at Assets/Scripts/EnemyScripts/EnemyGroundNavigator.cs:52)

(Filename: Assets/Scripts/EnemyScripts/EnemyGroundNavigator.cs Line: 52)

playerCharater (UnityEngine.Transform)
UnityEngine.Debug:ExtractStackTraceNoAlloc (byte*,int,string)
UnityEngine.StackTraceUtility:ExtractStackTrace () (at /home/bokken/build/output/unity/unity/Runtime/Export/Scripting/StackTrace.cs:35)
UnityEngine.DebugLogHandler:Internal_Log (UnityEngine.LogType,UnityEngine.LogOption,string,UnityEngine.Object)
UnityEngine.DebugLogHandler:LogFormat (UnityEngine.LogType,UnityEngine.Object,string,object[])
UnityEngine.Logger:Log (UnityEngine.LogType,object)
UnityEngine.Debug:Log (object)
EnemyGroundNavigator:Update () (at Assets/Scripts/EnemyScripts/EnemyGroundNavigator.cs:52)

(Filename: Assets/Scripts/EnemyScripts/EnemyGroundNavigator.cs Line: 52)

playerCharater (UnityEngine.Transform)
UnityEngine.Debug:ExtractStackTraceNoAlloc (byte*,int,string)
UnityEngine.StackTraceUtility:ExtractStackTrace () (at /home/bokken/build/output/unity/unity/Runtime/Export/Scripting/StackTrace.cs:35)
UnityEngine.DebugLogHandler:Internal_Log (UnityEngine.LogType,UnityEngine.LogOption,string,UnityEngine.Object)
UnityEngine.DebugLogHandler:LogFormat (UnityEngine.LogType,UnityEngine.Object,string,object[])
UnityEngine.Logger:Log (UnityEngine.LogType,object)
UnityEngine.Debug:Log (object)
EnemyGroundNavigator:Update () (at Assets/Scripts/EnemyScripts/EnemyGroundNavigator.cs:52)

(Filename: Assets/Scripts/EnemyScripts/EnemyGroundNavigator.cs Line: 52)

playerCharater (UnityEngine.Transform)
UnityEngine.Debug:ExtractStackTraceNoAlloc (byte*,int,string)
UnityEngine.StackTraceUtility:ExtractStackTrace () (at /home/bokken/build/output/unity/unity/Runtime/Export/Scripting/StackTrace.cs:35)
UnityEngine.DebugLogHandler:Internal_Log (UnityEngine.LogType,UnityEngine.LogOption,string,UnityEngine.Object)
UnityEngine.DebugLogHandler:LogFormat (UnityEngine.LogType,UnityEngine.Object,string,object[])
UnityEngine.Logger:Log (UnityEngine.LogType,object)
UnityEngine.Debug:Log (object)
EnemyGroundNavigator:Update () (at Assets/Scripts/EnemyScripts/EnemyGroundNavigator.cs:52)

(Filename: Assets/Scripts/EnemyScripts/EnemyGroundNavigator.cs Line: 52)

playerCharater (UnityEngine.Transform)
UnityEngine.Debug:ExtractStackTraceNoAlloc (byte*,int,string)
UnityEngine.StackTraceUtility:ExtractStackTrace () (at /home/bokken/build/output/unity/unity/Runtime/Export/Scripting/StackTrace.cs:35)
UnityEngine.DebugLogHandler:Internal_Log (UnityEngine.LogType,UnityEngine.LogOption,string,UnityEngine.Object)
UnityEngine.DebugLogHandler:LogFormat (UnityEngine.LogType,UnityEngine.Object,string,object[])
UnityEngine.Logger:Log (UnityEngine.LogType,object)
UnityEngine.Debug:Log (object)
EnemyGroundNavigator:Update () (at Assets/Scripts/EnemyScripts/EnemyGroundNavigator.cs:52)

(Filename: Assets/Scripts/EnemyScripts/EnemyGroundNavigator.cs Line: 52)

playerCharater (UnityEngine.Transform)
UnityEngine.Debug:ExtractStackTraceNoAlloc (byte*,int,string)
UnityEngine.StackTraceUtility:ExtractStackTrace () (at /home/bokken/build/output/unity/unity/Runtime/Export/Scripting/StackTrace.cs:35)
UnityEngine.DebugLogHandler:Internal_Log (UnityEngine.LogType,UnityEngine.LogOption,string,UnityEngine.Object)
UnityEngine.DebugLogHandler:LogFormat (UnityEngine.LogType,UnityEngine.Object,string,object[])
UnityEngine.Logger:Log (UnityEngine.LogType,object)
UnityEngine.Debug:Log (object)
EnemyGroundNavigator:Update () (at Assets/Scripts/EnemyScripts/EnemyGroundNavigator.cs:52)

(Filename: Assets/Scripts/EnemyScripts/EnemyGroundNavigator.cs Line: 52)

playerCharater (UnityEngine.Transform)
UnityEngine.Debug:ExtractStackTraceNoAlloc (byte*,int,string)
UnityEngine.StackTraceUtility:ExtractStackTrace () (at /home/bokken/build/output/unity/unity/Runtime/Export/Scripting/StackTrace.cs:35)
UnityEngine.DebugLogHandler:Internal_Log (UnityEngine.LogType,UnityEngine.LogOption,string,UnityEngine.Object)
UnityEngine.DebugLogHandler:LogFormat (UnityEngine.LogType,UnityEngine.Object,string,object[])
UnityEngine.Logger:Log (UnityEngine.LogType,object)
UnityEngine.Debug:Log (object)
EnemyGroundNavigator:Update () (at Assets/Scripts/EnemyScripts/EnemyGroundNavigator.cs:52)

(Filename: Assets/Scripts/EnemyScripts/EnemyGroundNavigator.cs Line: 52)

playerCharater (UnityEngine.Transform)
UnityEngine.Debug:ExtractStackTraceNoAlloc (byte*,int,string)
UnityEngine.StackTraceUtility:ExtractStackTrace () (at /home/bokken/build/output/unity/unity/Runtime/Export/Scripting/StackTrace.cs:35)
UnityEngine.DebugLogHandler:Internal_Log (UnityEngine.LogType,UnityEngine.LogOption,string,UnityEngine.Object)
UnityEngine.DebugLogHandler:LogFormat (UnityEngine.LogType,UnityEngine.Object,string,object[])
UnityEngine.Logger:Log (UnityEngine.LogType,object)
UnityEngine.Debug:Log (object)
EnemyGroundNavigator:Update () (at Assets/Scripts/EnemyScripts/EnemyGroundNavigator.cs:52)

(Filename: Assets/Scripts/EnemyScripts/EnemyGroundNavigator.cs Line: 52)

playerCharater (UnityEngine.Transform)
UnityEngine.Debug:ExtractStackTraceNoAlloc (byte*,int,string)
UnityEngine.StackTraceUtility:ExtractStackTrace () (at /home/bokken/build/output/unity/unity/Runtime/Export/Scripting/StackTrace.cs:35)
UnityEngine.DebugLogHandler:Internal_Log (UnityEngine.LogType,UnityEngine.LogOption,string,UnityEngine.Object)
UnityEngine.DebugLogHandler:LogFormat (UnityEngine.LogType,UnityEngine.Object,string,object[])
UnityEngine.Logger:Log (UnityEngine.LogType,object)
UnityEngine.Debug:Log (object)
EnemyGroundNavigator:Update () (at Assets/Scripts/EnemyScripts/EnemyGroundNavigator.cs:52)

(Filename: Assets/Scripts/EnemyScripts/EnemyGroundNavigator.cs Line: 52)

playerCharater (UnityEngine.Transform)
UnityEngine.Debug:ExtractStackTraceNoAlloc (byte*,int,string)
UnityEngine.StackTraceUtility:ExtractStackTrace () (at /home/bokken/build/output/unity/unity/Runtime/Export/Scripting/StackTrace.cs:35)
UnityEngine.DebugLogHandler:Internal_Log (UnityEngine.LogType,UnityEngine.LogOption,string,UnityEngine.Object)
UnityEngine.DebugLogHandler:LogFormat (UnityEngine.LogType,UnityEngine.Object,string,object[])
UnityEngine.Logger:Log (UnityEngine.LogType,object)
UnityEngine.Debug:Log (object)
EnemyGroundNavigator:Update () (at Assets/Scripts/EnemyScripts/EnemyGroundNavigator.cs:52)

(Filename: Assets/Scripts/EnemyScripts/EnemyGroundNavigator.cs Line: 52)

playerCharater (UnityEngine.Transform)
UnityEngine.Debug:ExtractStackTraceNoAlloc (byte*,int,string)
UnityEngine.StackTraceUtility:ExtractStackTrace () (at /home/bokken/build/output/unity/unity/Runtime/Export/Scripting/StackTrace.cs:35)
UnityEngine.DebugLogHandler:Internal_Log (UnityEngine.LogType,UnityEngine.LogOption,string,UnityEngine.Object)
UnityEngine.DebugLogHandler:LogFormat (UnityEngine.LogType,UnityEngine.Object,string,object[])
UnityEngine.Logger:Log (UnityEngine.LogType,object)
UnityEngine.Debug:Log (object)
EnemyGroundNavigator:Update () (at Assets/Scripts/EnemyScripts/EnemyGroundNavigator.cs:52)

(Filename: Assets/Scripts/EnemyScripts/EnemyGroundNavigator.cs Line: 52)

playerCharater (UnityEngine.Transform)
UnityEngine.Debug:ExtractStackTraceNoAlloc (byte*,int,string)
UnityEngine.StackTraceUtility:ExtractStackTrace () (at /home/bokken/build/output/unity/unity/Runtime/Export/Scripting/StackTrace.cs:35)
UnityEngine.DebugLogHandler:Internal_Log (UnityEngine.LogType,UnityEngine.LogOption,string,UnityEngine.Object)
UnityEngine.DebugLogHandler:LogFormat (UnityEngine.LogType,UnityEngine.Object,string,object[])
UnityEngine.Logger:Log (UnityEngine.LogType,object)
UnityEngine.Debug:Log (object)
EnemyGroundNavigator:Update () (at Assets/Scripts/EnemyScripts/EnemyGroundNavigator.cs:52)

(Filename: Assets/Scripts/EnemyScripts/EnemyGroundNavigator.cs Line: 52)

playerCharater (UnityEngine.Transform)
UnityEngine.Debug:ExtractStackTraceNoAlloc (byte*,int,string)
UnityEngine.StackTraceUtility:ExtractStackTrace () (at /home/bokken/build/output/unity/unity/Runtime/Export/Scripting/StackTrace.cs:35)
UnityEngine.DebugLogHandler:Internal_Log (UnityEngine.LogType,UnityEngine.LogOption,string,UnityEngine.Object)
UnityEngine.DebugLogHandler:LogFormat (UnityEngine.LogType,UnityEngine.Object,string,object[])
UnityEngine.Logger:Log (UnityEngine.LogType,object)
UnityEngine.Debug:Log (object)
EnemyGroundNavigator:Update () (at Assets/Scripts/EnemyScripts/EnemyGroundNavigator.cs:52)

(Filename: Assets/Scripts/EnemyScripts/EnemyGroundNavigator.cs Line: 52)

playerCharater (UnityEngine.Transform)
UnityEngine.Debug:ExtractStackTraceNoAlloc (byte*,int,string)
UnityEngine.StackTraceUtility:ExtractStackTrace () (at /home/bokken/build/output/unity/unity/Runtime/Export/Scripting/StackTrace.cs:35)
UnityEngine.DebugLogHandler:Internal_Log (UnityEngine.LogType,UnityEngine.LogOption,string,UnityEngine.Object)
UnityEngine.DebugLogHandler:LogFormat (UnityEngine.LogType,UnityEngine.Object,string,object[])
UnityEngine.Logger:Log (UnityEngine.LogType,object)
UnityEngine.Debug:Log (object)
EnemyGroundNavigator:Update () (at Assets/Scripts/EnemyScripts/EnemyGroundNavigator.cs:52)

(Filename: Assets/Scripts/EnemyScripts/EnemyGroundNavigator.cs Line: 52)

playerCharater (UnityEngine.Transform)
UnityEngine.Debug:ExtractStackTraceNoAlloc (byte*,int,string)
UnityEngine.StackTraceUtility:ExtractStackTrace () (at /home/bokken/build/output/unity/unity/Runtime/Export/Scripting/StackTrace.cs:35)
UnityEngine.DebugLogHandler:Internal_Log (UnityEngine.LogType,UnityEngine.LogOption,string,UnityEngine.Object)
UnityEngine.DebugLogHandler:LogFormat (UnityEngine.LogType,UnityEngine.Object,string,object[])
UnityEngine.Logger:Log (UnityEngine.LogType,object)
UnityEngine.Debug:Log (object)
EnemyGroundNavigator:Update () (at Assets/Scripts/EnemyScripts/EnemyGroundNavigator.cs:52)

(Filename: Assets/Scripts/EnemyScripts/EnemyGroundNavigator.cs Line: 52)

playerCharater (UnityEngine.Transform)
UnityEngine.Debug:ExtractStackTraceNoAlloc (byte*,int,string)
UnityEngine.StackTraceUtility:ExtractStackTrace () (at /home/bokken/build/output/unity/unity/Runtime/Export/Scripting/StackTrace.cs:35)
UnityEngine.DebugLogHandler:Internal_Log (UnityEngine.LogType,UnityEngine.LogOption,string,UnityEngine.Object)
UnityEngine.DebugLogHandler:LogFormat (UnityEngine.LogType,UnityEngine.Object,string,object[])
UnityEngine.Logger:Log (UnityEngine.LogType,object)
UnityEngine.Debug:Log (object)
EnemyGroundNavigator:Update () (at Assets/Scripts/EnemyScripts/EnemyGroundNavigator.cs:52)

(Filename: Assets/Scripts/EnemyScripts/EnemyGroundNavigator.cs Line: 52)

playerCharater (UnityEngine.Transform)
UnityEngine.Debug:ExtractStackTraceNoAlloc (byte*,int,string)
UnityEngine.StackTraceUtility:ExtractStackTrace () (at /home/bokken/build/output/unity/unity/Runtime/Export/Scripting/StackTrace.cs:35)
UnityEngine.DebugLogHandler:Internal_Log (UnityEngine.LogType,UnityEngine.LogOption,string,UnityEngine.Object)
UnityEngine.DebugLogHandler:LogFormat (UnityEngine.LogType,UnityEngine.Object,string,object[])
UnityEngine.Logger:Log (UnityEngine.LogType,object)
UnityEngine.Debug:Log (object)
EnemyGroundNavigator:Update () (at Assets/Scripts/EnemyScripts/EnemyGroundNavigator.cs:52)

(Filename: Assets/Scripts/EnemyScripts/EnemyGroundNavigator.cs Line: 52)

playerCharater (UnityEngine.Transform)
UnityEngine.Debug:ExtractStackTraceNoAlloc (byte*,int,string)
UnityEngine.StackTraceUtility:ExtractStackTrace () (at /home/bokken/build/output/unity/unity/Runtime/Export/Scripting/StackTrace.cs:35)
UnityEngine.DebugLogHandler:Internal_Log (UnityEngine.LogType,UnityEngine.LogOption,string,UnityEngine.Object)
UnityEngine.DebugLogHandler:LogFormat (UnityEngine.LogType,UnityEngine.Object,string,object[])
UnityEngine.Logger:Log (UnityEngine.LogType,object)
UnityEngine.Debug:Log (object)
EnemyGroundNavigator:Update () (at Assets/Scripts/EnemyScripts/EnemyGroundNavigator.cs:52)

(Filename: Assets/Scripts/EnemyScripts/EnemyGroundNavigator.cs Line: 52)

playerCharater (UnityEngine.Transform)
UnityEngine.Debug:ExtractStackTraceNoAlloc (byte*,int,string)
UnityEngine.StackTraceUtility:ExtractStackTrace () (at /home/bokken/build/output/unity/unity/Runtime/Export/Scripting/StackTrace.cs:35)
UnityEngine.DebugLogHandler:Internal_Log (UnityEngine.LogType,UnityEngine.LogOption,string,UnityEngine.Object)
UnityEngine.DebugLogHandler:LogFormat (UnityEngine.LogType,UnityEngine.Object,string,object[])
UnityEngine.Logger:Log (UnityEngine.LogType,object)
UnityEngine.Debug:Log (object)
EnemyGroundNavigator:Update () (at Assets/Scripts/EnemyScripts/EnemyGroundNavigator.cs:52)

(Filename: Assets/Scripts/EnemyScripts/EnemyGroundNavigator.cs Line: 52)

playerCharater (UnityEngine.Transform)
UnityEngine.Debug:ExtractStackTraceNoAlloc (byte*,int,string)
UnityEngine.StackTraceUtility:ExtractStackTrace () (at /home/bokken/build/output/unity/unity/Runtime/Export/Scripting/StackTrace.cs:35)
UnityEngine.DebugLogHandler:Internal_Log (UnityEngine.LogType,UnityEngine.LogOption,string,UnityEngine.Object)
UnityEngine.DebugLogHandler:LogFormat (UnityEngine.LogType,UnityEngine.Object,string,object[])
UnityEngine.Logger:Log (UnityEngine.LogType,object)
UnityEngine.Debug:Log (object)
EnemyGroundNavigator:Update () (at Assets/Scripts/EnemyScripts/EnemyGroundNavigator.cs:52)

(Filename: Assets/Scripts/EnemyScripts/EnemyGroundNavigator.cs Line: 52)

playerCharater (UnityEngine.Transform)
UnityEngine.Debug:ExtractStackTraceNoAlloc (byte*,int,string)
UnityEngine.StackTraceUtility:ExtractStackTrace () (at /home/bokken/build/output/unity/unity/Runtime/Export/Scripting/StackTrace.cs:35)
UnityEngine.DebugLogHandler:Internal_Log (UnityEngine.LogType,UnityEngine.LogOption,string,UnityEngine.Object)
UnityEngine.DebugLogHandler:LogFormat (UnityEngine.LogType,UnityEngine.Object,string,object[])
UnityEngine.Logger:Log (UnityEngine.LogType,object)
UnityEngine.Debug:Log (object)
EnemyGroundNavigator:Update () (at Assets/Scripts/EnemyScripts/EnemyGroundNavigator.cs:52)

(Filename: Assets/Scripts/EnemyScripts/EnemyGroundNavigator.cs Line: 52)

playerCharater (UnityEngine.Transform)
UnityEngine.Debug:ExtractStackTraceNoAlloc (byte*,int,string)
UnityEngine.StackTraceUtility:ExtractStackTrace () (at /home/bokken/build/output/unity/unity/Runtime/Export/Scripting/StackTrace.cs:35)
UnityEngine.DebugLogHandler:Internal_Log (UnityEngine.LogType,UnityEngine.LogOption,string,UnityEngine.Object)
UnityEngine.DebugLogHandler:LogFormat (UnityEngine.LogType,UnityEngine.Object,string,object[])
UnityEngine.Logger:Log (UnityEngine.LogType,object)
UnityEngine.Debug:Log (object)
EnemyGroundNavigator:Update () (at Assets/Scripts/EnemyScripts/EnemyGroundNavigator.cs:52)

(Filename: Assets/Scripts/EnemyScripts/EnemyGroundNavigator.cs Line: 52)

playerCharater (UnityEngine.Transform)
UnityEngine.Debug:ExtractStackTraceNoAlloc (byte*,int,string)
UnityEngine.StackTraceUtility:ExtractStackTrace () (at /home/bokken/build/output/unity/unity/Runtime/Export/Scripting/StackTrace.cs:35)
UnityEngine.DebugLogHandler:Internal_Log (UnityEngine.LogType,UnityEngine.LogOption,string,UnityEngine.Object)
UnityEngine.DebugLogHandler:LogFormat (UnityEngine.LogType,UnityEngine.Object,string,object[])
UnityEngine.Logger:Log (UnityEngine.LogType,object)
UnityEngine.Debug:Log (object)
EnemyGroundNavigator:Update () (at Assets/Scripts/EnemyScripts/EnemyGroundNavigator.cs:52)

(Filename: Assets/Scripts/EnemyScripts/EnemyGroundNavigator.cs Line: 52)

playerCharater (UnityEngine.Transform)
UnityEngine.Debug:ExtractStackTraceNoAlloc (byte*,int,string)
UnityEngine.StackTraceUtility:ExtractStackTrace () (at /home/bokken/build/output/unity/unity/Runtime/Export/Scripting/StackTrace.cs:35)
UnityEngine.DebugLogHandler:Internal_Log (UnityEngine.LogType,UnityEngine.LogOption,string,UnityEngine.Object)
UnityEngine.DebugLogHandler:LogFormat (UnityEngine.LogType,UnityEngine.Object,string,object[])
UnityEngine.Logger:Log (UnityEngine.LogType,object)
UnityEngine.Debug:Log (object)
EnemyGroundNavigator:Update () (at Assets/Scripts/EnemyScripts/EnemyGroundNavigator.cs:52)

(Filename: Assets/Scripts/EnemyScripts/EnemyGroundNavigator.cs Line: 52)

playerCharater (UnityEngine.Transform)
UnityEngine.Debug:ExtractStackTraceNoAlloc (byte*,int,string)
UnityEngine.StackTraceUtility:ExtractStackTrace () (at /home/bokken/build/output/unity/unity/Runtime/Export/Scripting/StackTrace.cs:35)
UnityEngine.DebugLogHandler:Internal_Log (UnityEngine.LogType,UnityEngine.LogOption,string,UnityEngine.Object)
UnityEngine.DebugLogHandler:LogFormat (UnityEngine.LogType,UnityEngine.Object,string,object[])
UnityEngine.Logger:Log (UnityEngine.LogType,object)
UnityEngine.Debug:Log (object)
EnemyGroundNavigator:Update () (at Assets/Scripts/EnemyScripts/EnemyGroundNavigator.cs:52)

(Filename: Assets/Scripts/EnemyScripts/EnemyGroundNavigator.cs Line: 52)

playerCharater (UnityEngine.Transform)
UnityEngine.Debug:ExtractStackTraceNoAlloc (byte*,int,string)
UnityEngine.StackTraceUtility:ExtractStackTrace () (at /home/bokken/build/output/unity/unity/Runtime/Export/Scripting/StackTrace.cs:35)
UnityEngine.DebugLogHandler:Internal_Log (UnityEngine.LogType,UnityEngine.LogOption,string,UnityEngine.Object)
UnityEngine.DebugLogHandler:LogFormat (UnityEngine.LogType,UnityEngine.Object,string,object[])
UnityEngine.Logger:Log (UnityEngine.LogType,object)
UnityEngine.Debug:Log (object)
EnemyGroundNavigator:Update () (at Assets/Scripts/EnemyScripts/EnemyGroundNavigator.cs:52)

(Filename: Assets/Scripts/EnemyScripts/EnemyGroundNavigator.cs Line: 52)

playerCharater (UnityEngine.Transform)
UnityEngine.Debug:ExtractStackTraceNoAlloc (byte*,int,string)
UnityEngine.StackTraceUtility:ExtractStackTrace () (at /home/bokken/build/output/unity/unity/Runtime/Export/Scripting/StackTrace.cs:35)
UnityEngine.DebugLogHandler:Internal_Log (UnityEngine.LogType,UnityEngine.LogOption,string,UnityEngine.Object)
UnityEngine.DebugLogHandler:LogFormat (UnityEngine.LogType,UnityEngine.Object,string,object[])
UnityEngine.Logger:Log (UnityEngine.LogType,object)
UnityEngine.Debug:Log (object)
EnemyGroundNavigator:Update () (at Assets/Scripts/EnemyScripts/EnemyGroundNavigator.cs:52)

(Filename: Assets/Scripts/EnemyScripts/EnemyGroundNavigator.cs Line: 52)

playerCharater (UnityEngine.Transform)
UnityEngine.Debug:ExtractStackTraceNoAlloc (byte*,int,string)
UnityEngine.StackTraceUtility:ExtractStackTrace () (at /home/bokken/build/output/unity/unity/Runtime/Export/Scripting/StackTrace.cs:35)
UnityEngine.DebugLogHandler:Internal_Log (UnityEngine.LogType,UnityEngine.LogOption,string,UnityEngine.Object)
UnityEngine.DebugLogHandler:LogFormat (UnityEngine.LogType,UnityEngine.Object,string,object[])
UnityEngine.Logger:Log (UnityEngine.LogType,object)
UnityEngine.Debug:Log (object)
EnemyGroundNavigator:Update () (at Assets/Scripts/EnemyScripts/EnemyGroundNavigator.cs:52)

(Filename: Assets/Scripts/EnemyScripts/EnemyGroundNavigator.cs Line: 52)

playerCharater (UnityEngine.Transform)
UnityEngine.Debug:ExtractStackTraceNoAlloc (byte*,int,string)
UnityEngine.StackTraceUtility:ExtractStackTrace () (at /home/bokken/build/output/unity/unity/Runtime/Export/Scripting/StackTrace.cs:35)
UnityEngine.DebugLogHandler:Internal_Log (UnityEngine.LogType,UnityEngine.LogOption,string,UnityEngine.Object)
UnityEngine.DebugLogHandler:LogFormat (UnityEngine.LogType,UnityEngine.Object,string,object[])
UnityEngine.Logger:Log (UnityEngine.LogType,object)
UnityEngine.Debug:Log (object)
EnemyGroundNavigator:Update () (at Assets/Scripts/EnemyScripts/EnemyGroundNavigator.cs:52)

(Filename: Assets/Scripts/EnemyScripts/EnemyGroundNavigator.cs Line: 52)

playerCharater (UnityEngine.Transform)
UnityEngine.Debug:ExtractStackTraceNoAlloc (byte*,int,string)
UnityEngine.StackTraceUtility:ExtractStackTrace () (at /home/bokken/build/output/unity/unity/Runtime/Export/Scripting/StackTrace.cs:35)
UnityEngine.DebugLogHandler:Internal_Log (UnityEngine.LogType,UnityEngine.LogOption,string,UnityEngine.Object)
UnityEngine.DebugLogHandler:LogFormat (UnityEngine.LogType,UnityEngine.Object,string,object[])
UnityEngine.Logger:Log (UnityEngine.LogType,object)
UnityEngine.Debug:Log (object)
EnemyGroundNavigator:Update () (at Assets/Scripts/EnemyScripts/EnemyGroundNavigator.cs:52)

(Filename: Assets/Scripts/EnemyScripts/EnemyGroundNavigator.cs Line: 52)

playerCharater (UnityEngine.Transform)
UnityEngine.Debug:ExtractStackTraceNoAlloc (byte*,int,string)
UnityEngine.StackTraceUtility:ExtractStackTrace () (at /home/bokken/build/output/unity/unity/Runtime/Export/Scripting/StackTrace.cs:35)
UnityEngine.DebugLogHandler:Internal_Log (UnityEngine.LogType,UnityEngine.LogOption,string,UnityEngine.Object)
UnityEngine.DebugLogHandler:LogFormat (UnityEngine.LogType,UnityEngine.Object,string,object[])
UnityEngine.Logger:Log (UnityEngine.LogType,object)
UnityEngine.Debug:Log (object)
EnemyGroundNavigator:Update () (at Assets/Scripts/EnemyScripts/EnemyGroundNavigator.cs:52)

(Filename: Assets/Scripts/EnemyScripts/EnemyGroundNavigator.cs Line: 52)

playerCharater (UnityEngine.Transform)
UnityEngine.Debug:ExtractStackTraceNoAlloc (byte*,int,string)
UnityEngine.StackTraceUtility:ExtractStackTrace () (at /home/bokken/build/output/unity/unity/Runtime/Export/Scripting/StackTrace.cs:35)
UnityEngine.DebugLogHandler:Internal_Log (UnityEngine.LogType,UnityEngine.LogOption,string,UnityEngine.Object)
UnityEngine.DebugLogHandler:LogFormat (UnityEngine.LogType,UnityEngine.Object,string,object[])
UnityEngine.Logger:Log (UnityEngine.LogType,object)
UnityEngine.Debug:Log (object)
EnemyGroundNavigator:Update () (at Assets/Scripts/EnemyScripts/EnemyGroundNavigator.cs:52)

(Filename: Assets/Scripts/EnemyScripts/EnemyGroundNavigator.cs Line: 52)

playerCharater (UnityEngine.Transform)
UnityEngine.Debug:ExtractStackTraceNoAlloc (byte*,int,string)
UnityEngine.StackTraceUtility:ExtractStackTrace () (at /home/bokken/build/output/unity/unity/Runtime/Export/Scripting/StackTrace.cs:35)
UnityEngine.DebugLogHandler:Internal_Log (UnityEngine.LogType,UnityEngine.LogOption,string,UnityEngine.Object)
UnityEngine.DebugLogHandler:LogFormat (UnityEngine.LogType,UnityEngine.Object,string,object[])
UnityEngine.Logger:Log (UnityEngine.LogType,object)
UnityEngine.Debug:Log (object)
EnemyGroundNavigator:Update () (at Assets/Scripts/EnemyScripts/EnemyGroundNavigator.cs:52)

(Filename: Assets/Scripts/EnemyScripts/EnemyGroundNavigator.cs Line: 52)

playerCharater (UnityEngine.Transform)
UnityEngine.Debug:ExtractStackTraceNoAlloc (byte*,int,string)
UnityEngine.StackTraceUtility:ExtractStackTrace () (at /home/bokken/build/output/unity/unity/Runtime/Export/Scripting/StackTrace.cs:35)
UnityEngine.DebugLogHandler:Internal_Log (UnityEngine.LogType,UnityEngine.LogOption,string,UnityEngine.Object)
UnityEngine.DebugLogHandler:LogFormat (UnityEngine.LogType,UnityEngine.Object,string,object[])
UnityEngine.Logger:Log (UnityEngine.LogType,object)
UnityEngine.Debug:Log (object)
EnemyGroundNavigator:Update () (at Assets/Scripts/EnemyScripts/EnemyGroundNavigator.cs:52)

(Filename: Assets/Scripts/EnemyScripts/EnemyGroundNavigator.cs Line: 52)

playerCharater (UnityEngine.Transform)
UnityEngine.Debug:ExtractStackTraceNoAlloc (byte*,int,string)
UnityEngine.StackTraceUtility:ExtractStackTrace () (at /home/bokken/build/output/unity/unity/Runtime/Export/Scripting/StackTrace.cs:35)
UnityEngine.DebugLogHandler:Internal_Log (UnityEngine.LogType,UnityEngine.LogOption,string,UnityEngine.Object)
UnityEngine.DebugLogHandler:LogFormat (UnityEngine.LogType,UnityEngine.Object,string,object[])
UnityEngine.Logger:Log (UnityEngine.LogType,object)
UnityEngine.Debug:Log (object)
EnemyGroundNavigator:Update () (at Assets/Scripts/EnemyScripts/EnemyGroundNavigator.cs:52)

(Filename: Assets/Scripts/EnemyScripts/EnemyGroundNavigator.cs Line: 52)

playerCharater (UnityEngine.Transform)
UnityEngine.Debug:ExtractStackTraceNoAlloc (byte*,int,string)
UnityEngine.StackTraceUtility:ExtractStackTrace () (at /home/bokken/build/output/unity/unity/Runtime/Export/Scripting/StackTrace.cs:35)
UnityEngine.DebugLogHandler:Internal_Log (UnityEngine.LogType,UnityEngine.LogOption,string,UnityEngine.Object)
UnityEngine.DebugLogHandler:LogFormat (UnityEngine.LogType,UnityEngine.Object,string,object[])
UnityEngine.Logger:Log (UnityEngine.LogType,object)
UnityEngine.Debug:Log (object)
EnemyGroundNavigator:Update () (at Assets/Scripts/EnemyScripts/EnemyGroundNavigator.cs:52)

(Filename: Assets/Scripts/EnemyScripts/EnemyGroundNavigator.cs Line: 52)

playerCharater (UnityEngine.Transform)
UnityEngine.Debug:ExtractStackTraceNoAlloc (byte*,int,string)
UnityEngine.StackTraceUtility:ExtractStackTrace () (at /home/bokken/build/output/unity/unity/Runtime/Export/Scripting/StackTrace.cs:35)
UnityEngine.DebugLogHandler:Internal_Log (UnityEngine.LogType,UnityEngine.LogOption,string,UnityEngine.Object)
UnityEngine.DebugLogHandler:LogFormat (UnityEngine.LogType,UnityEngine.Object,string,object[])
UnityEngine.Logger:Log (UnityEngine.LogType,object)
UnityEngine.Debug:Log (object)
EnemyGroundNavigator:Update () (at Assets/Scripts/EnemyScripts/EnemyGroundNavigator.cs:52)

(Filename: Assets/Scripts/EnemyScripts/EnemyGroundNavigator.cs Line: 52)

playerCharater (UnityEngine.Transform)
UnityEngine.Debug:ExtractStackTraceNoAlloc (byte*,int,string)
UnityEngine.StackTraceUtility:ExtractStackTrace () (at /home/bokken/build/output/unity/unity/Runtime/Export/Scripting/StackTrace.cs:35)
UnityEngine.DebugLogHandler:Internal_Log (UnityEngine.LogType,UnityEngine.LogOption,string,UnityEngine.Object)
UnityEngine.DebugLogHandler:LogFormat (UnityEngine.LogType,UnityEngine.Object,string,object[])
UnityEngine.Logger:Log (UnityEngine.LogType,object)
UnityEngine.Debug:Log (object)
EnemyGroundNavigator:Update () (at Assets/Scripts/EnemyScripts/EnemyGroundNavigator.cs:52)

(Filename: Assets/Scripts/EnemyScripts/EnemyGroundNavigator.cs Line: 52)

playerCharater (UnityEngine.Transform)
UnityEngine.Debug:ExtractStackTraceNoAlloc (byte*,int,string)
UnityEngine.StackTraceUtility:ExtractStackTrace () (at /home/bokken/build/output/unity/unity/Runtime/Export/Scripting/StackTrace.cs:35)
UnityEngine.DebugLogHandler:Internal_Log (UnityEngine.LogType,UnityEngine.LogOption,string,UnityEngine.Object)
UnityEngine.DebugLogHandler:LogFormat (UnityEngine.LogType,UnityEngine.Object,string,object[])
UnityEngine.Logger:Log (UnityEngine.LogType,object)
UnityEngine.Debug:Log (object)
EnemyGroundNavigator:Update () (at Assets/Scripts/EnemyScripts/EnemyGroundNavigator.cs:52)

(Filename: Assets/Scripts/EnemyScripts/EnemyGroundNavigator.cs Line: 52)

playerCharater (UnityEngine.Transform)
UnityEngine.Debug:ExtractStackTraceNoAlloc (byte*,int,string)
UnityEngine.StackTraceUtility:ExtractStackTrace () (at /home/bokken/build/output/unity/unity/Runtime/Export/Scripting/StackTrace.cs:35)
UnityEngine.DebugLogHandler:Internal_Log (UnityEngine.LogType,UnityEngine.LogOption,string,UnityEngine.Object)
UnityEngine.DebugLogHandler:LogFormat (UnityEngine.LogType,UnityEngine.Object,string,object[])
UnityEngine.Logger:Log (UnityEngine.LogType,object)
UnityEngine.Debug:Log (object)
EnemyGroundNavigator:Update () (at Assets/Scripts/EnemyScripts/EnemyGroundNavigator.cs:52)

(Filename: Assets/Scripts/EnemyScripts/EnemyGroundNavigator.cs Line: 52)

playerCharater (UnityEngine.Transform)
UnityEngine.Debug:ExtractStackTraceNoAlloc (byte*,int,string)
UnityEngine.StackTraceUtility:ExtractStackTrace () (at /home/bokken/build/output/unity/unity/Runtime/Export/Scripting/StackTrace.cs:35)
UnityEngine.DebugLogHandler:Internal_Log (UnityEngine.LogType,UnityEngine.LogOption,string,UnityEngine.Object)
UnityEngine.DebugLogHandler:LogFormat (UnityEngine.LogType,UnityEngine.Object,string,object[])
UnityEngine.Logger:Log (UnityEngine.LogType,object)
UnityEngine.Debug:Log (object)
EnemyGroundNavigator:Update () (at Assets/Scripts/EnemyScripts/EnemyGroundNavigator.cs:52)

(Filename: Assets/Scripts/EnemyScripts/EnemyGroundNavigator.cs Line: 52)

playerCharater (UnityEngine.Transform)
UnityEngine.Debug:ExtractStackTraceNoAlloc (byte*,int,string)
UnityEngine.StackTraceUtility:ExtractStackTrace () (at /home/bokken/build/output/unity/unity/Runtime/Export/Scripting/StackTrace.cs:35)
UnityEngine.DebugLogHandler:Internal_Log (UnityEngine.LogType,UnityEngine.LogOption,string,UnityEngine.Object)
UnityEngine.DebugLogHandler:LogFormat (UnityEngine.LogType,UnityEngine.Object,string,object[])
UnityEngine.Logger:Log (UnityEngine.LogType,object)
UnityEngine.Debug:Log (object)
EnemyGroundNavigator:Update () (at Assets/Scripts/EnemyScripts/EnemyGroundNavigator.cs:52)

(Filename: Assets/Scripts/EnemyScripts/EnemyGroundNavigator.cs Line: 52)

playerCharater (UnityEngine.Transform)
UnityEngine.Debug:ExtractStackTraceNoAlloc (byte*,int,string)
UnityEngine.StackTraceUtility:ExtractStackTrace () (at /home/bokken/build/output/unity/unity/Runtime/Export/Scripting/StackTrace.cs:35)
UnityEngine.DebugLogHandler:Internal_Log (UnityEngine.LogType,UnityEngine.LogOption,string,UnityEngine.Object)
UnityEngine.DebugLogHandler:LogFormat (UnityEngine.LogType,UnityEngine.Object,string,object[])
UnityEngine.Logger:Log (UnityEngine.LogType,object)
UnityEngine.Debug:Log (object)
EnemyGroundNavigator:Update () (at Assets/Scripts/EnemyScripts/EnemyGroundNavigator.cs:52)

(Filename: Assets/Scripts/EnemyScripts/EnemyGroundNavigator.cs Line: 52)

playerCharater (UnityEngine.Transform)
UnityEngine.Debug:ExtractStackTraceNoAlloc (byte*,int,string)
UnityEngine.StackTraceUtility:ExtractStackTrace () (at /home/bokken/build/output/unity/unity/Runtime/Export/Scripting/StackTrace.cs:35)
UnityEngine.DebugLogHandler:Internal_Log (UnityEngine.LogType,UnityEngine.LogOption,string,UnityEngine.Object)
UnityEngine.DebugLogHandler:LogFormat (UnityEngine.LogType,UnityEngine.Object,string,object[])
UnityEngine.Logger:Log (UnityEngine.LogType,object)
UnityEngine.Debug:Log (object)
EnemyGroundNavigator:Update () (at Assets/Scripts/EnemyScripts/EnemyGroundNavigator.cs:52)

(Filename: Assets/Scripts/EnemyScripts/EnemyGroundNavigator.cs Line: 52)

playerCharater (UnityEngine.Transform)
UnityEngine.Debug:ExtractStackTraceNoAlloc (byte*,int,string)
UnityEngine.StackTraceUtility:ExtractStackTrace () (at /home/bokken/build/output/unity/unity/Runtime/Export/Scripting/StackTrace.cs:35)
UnityEngine.DebugLogHandler:Internal_Log (UnityEngine.LogType,UnityEngine.LogOption,string,UnityEngine.Object)
UnityEngine.DebugLogHandler:LogFormat (UnityEngine.LogType,UnityEngine.Object,string,object[])
UnityEngine.Logger:Log (UnityEngine.LogType,object)
UnityEngine.Debug:Log (object)
EnemyGroundNavigator:Update () (at Assets/Scripts/EnemyScripts/EnemyGroundNavigator.cs:52)

(Filename: Assets/Scripts/EnemyScripts/EnemyGroundNavigator.cs Line: 52)

playerCharater (UnityEngine.Transform)
UnityEngine.Debug:ExtractStackTraceNoAlloc (byte*,int,string)
UnityEngine.StackTraceUtility:ExtractStackTrace () (at /home/bokken/build/output/unity/unity/Runtime/Export/Scripting/StackTrace.cs:35)
UnityEngine.DebugLogHandler:Internal_Log (UnityEngine.LogType,UnityEngine.LogOption,string,UnityEngine.Object)
UnityEngine.DebugLogHandler:LogFormat (UnityEngine.LogType,UnityEngine.Object,string,object[])
UnityEngine.Logger:Log (UnityEngine.LogType,object)
UnityEngine.Debug:Log (object)
EnemyGroundNavigator:Update () (at Assets/Scripts/EnemyScripts/EnemyGroundNavigator.cs:52)

(Filename: Assets/Scripts/EnemyScripts/EnemyGroundNavigator.cs Line: 52)

playerCharater (UnityEngine.Transform)
UnityEngine.Debug:ExtractStackTraceNoAlloc (byte*,int,string)
UnityEngine.StackTraceUtility:ExtractStackTrace () (at /home/bokken/build/output/unity/unity/Runtime/Export/Scripting/StackTrace.cs:35)
UnityEngine.DebugLogHandler:Internal_Log (UnityEngine.LogType,UnityEngine.LogOption,string,UnityEngine.Object)
UnityEngine.DebugLogHandler:LogFormat (UnityEngine.LogType,UnityEngine.Object,string,object[])
UnityEngine.Logger:Log (UnityEngine.LogType,object)
UnityEngine.Debug:Log (object)
EnemyGroundNavigator:Update () (at Assets/Scripts/EnemyScripts/EnemyGroundNavigator.cs:52)

(Filename: Assets/Scripts/EnemyScripts/EnemyGroundNavigator.cs Line: 52)

playerCharater (UnityEngine.Transform)
UnityEngine.Debug:ExtractStackTraceNoAlloc (byte*,int,string)
UnityEngine.StackTraceUtility:ExtractStackTrace () (at /home/bokken/build/output/unity/unity/Runtime/Export/Scripting/StackTrace.cs:35)
UnityEngine.DebugLogHandler:Internal_Log (UnityEngine.LogType,UnityEngine.LogOption,string,UnityEngine.Object)
UnityEngine.DebugLogHandler:LogFormat (UnityEngine.LogType,UnityEngine.Object,string,object[])
UnityEngine.Logger:Log (UnityEngine.LogType,object)
UnityEngine.Debug:Log (object)
EnemyGroundNavigator:Update () (at Assets/Scripts/EnemyScripts/EnemyGroundNavigator.cs:52)

(Filename: Assets/Scripts/EnemyScripts/EnemyGroundNavigator.cs Line: 52)

playerCharater (UnityEngine.Transform)
UnityEngine.Debug:ExtractStackTraceNoAlloc (byte*,int,string)
UnityEngine.StackTraceUtility:ExtractStackTrace () (at /home/bokken/build/output/unity/unity/Runtime/Export/Scripting/StackTrace.cs:35)
UnityEngine.DebugLogHandler:Internal_Log (UnityEngine.LogType,UnityEngine.LogOption,string,UnityEngine.Object)
UnityEngine.DebugLogHandler:LogFormat (UnityEngine.LogType,UnityEngine.Object,string,object[])
UnityEngine.Logger:Log (UnityEngine.LogType,object)
UnityEngine.Debug:Log (object)
EnemyGroundNavigator:Update () (at Assets/Scripts/EnemyScripts/EnemyGroundNavigator.cs:52)

(Filename: Assets/Scripts/EnemyScripts/EnemyGroundNavigator.cs Line: 52)

playerCharater (UnityEngine.Transform)
UnityEngine.Debug:ExtractStackTraceNoAlloc (byte*,int,string)
UnityEngine.StackTraceUtility:ExtractStackTrace () (at /home/bokken/build/output/unity/unity/Runtime/Export/Scripting/StackTrace.cs:35)
UnityEngine.DebugLogHandler:Internal_Log (UnityEngine.LogType,UnityEngine.LogOption,string,UnityEngine.Object)
UnityEngine.DebugLogHandler:LogFormat (UnityEngine.LogType,UnityEngine.Object,string,object[])
UnityEngine.Logger:Log (UnityEngine.LogType,object)
UnityEngine.Debug:Log (object)
EnemyGroundNavigator:Update () (at Assets/Scripts/EnemyScripts/EnemyGroundNavigator.cs:52)

(Filename: Assets/Scripts/EnemyScripts/EnemyGroundNavigator.cs Line: 52)

playerCharater (UnityEngine.Transform)
UnityEngine.Debug:ExtractStackTraceNoAlloc (byte*,int,string)
UnityEngine.StackTraceUtility:ExtractStackTrace () (at /home/bokken/build/output/unity/unity/Runtime/Export/Scripting/StackTrace.cs:35)
UnityEngine.DebugLogHandler:Internal_Log (UnityEngine.LogType,UnityEngine.LogOption,string,UnityEngine.Object)
UnityEngine.DebugLogHandler:LogFormat (UnityEngine.LogType,UnityEngine.Object,string,object[])
UnityEngine.Logger:Log (UnityEngine.LogType,object)
UnityEngine.Debug:Log (object)
EnemyGroundNavigator:Update () (at Assets/Scripts/EnemyScripts/EnemyGroundNavigator.cs:52)

(Filename: Assets/Scripts/EnemyScripts/EnemyGroundNavigator.cs Line: 52)

playerCharater (UnityEngine.Transform)
UnityEngine.Debug:ExtractStackTraceNoAlloc (byte*,int,string)
UnityEngine.StackTraceUtility:ExtractStackTrace () (at /home/bokken/build/output/unity/unity/Runtime/Export/Scripting/StackTrace.cs:35)
UnityEngine.DebugLogHandler:Internal_Log (UnityEngine.LogType,UnityEngine.LogOption,string,UnityEngine.Object)
UnityEngine.DebugLogHandler:LogFormat (UnityEngine.LogType,UnityEngine.Object,string,object[])
UnityEngine.Logger:Log (UnityEngine.LogType,object)
UnityEngine.Debug:Log (object)
EnemyGroundNavigator:Update () (at Assets/Scripts/EnemyScripts/EnemyGroundNavigator.cs:52)

(Filename: Assets/Scripts/EnemyScripts/EnemyGroundNavigator.cs Line: 52)

playerCharater (UnityEngine.Transform)
UnityEngine.Debug:ExtractStackTraceNoAlloc (byte*,int,string)
UnityEngine.StackTraceUtility:ExtractStackTrace () (at /home/bokken/build/output/unity/unity/Runtime/Export/Scripting/StackTrace.cs:35)
UnityEngine.DebugLogHandler:Internal_Log (UnityEngine.LogType,UnityEngine.LogOption,string,UnityEngine.Object)
UnityEngine.DebugLogHandler:LogFormat (UnityEngine.LogType,UnityEngine.Object,string,object[])
UnityEngine.Logger:Log (UnityEngine.LogType,object)
UnityEngine.Debug:Log (object)
EnemyGroundNavigator:Update () (at Assets/Scripts/EnemyScripts/EnemyGroundNavigator.cs:52)

(Filename: Assets/Scripts/EnemyScripts/EnemyGroundNavigator.cs Line: 52)

playerCharater (UnityEngine.Transform)
UnityEngine.Debug:ExtractStackTraceNoAlloc (byte*,int,string)
UnityEngine.StackTraceUtility:ExtractStackTrace () (at /home/bokken/build/output/unity/unity/Runtime/Export/Scripting/StackTrace.cs:35)
UnityEngine.DebugLogHandler:Internal_Log (UnityEngine.LogType,UnityEngine.LogOption,string,UnityEngine.Object)
UnityEngine.DebugLogHandler:LogFormat (UnityEngine.LogType,UnityEngine.Object,string,object[])
UnityEngine.Logger:Log (UnityEngine.LogType,object)
UnityEngine.Debug:Log (object)
EnemyGroundNavigator:Update () (at Assets/Scripts/EnemyScripts/EnemyGroundNavigator.cs:52)

(Filename: Assets/Scripts/EnemyScripts/EnemyGroundNavigator.cs Line: 52)

playerCharater (UnityEngine.Transform)
UnityEngine.Debug:ExtractStackTraceNoAlloc (byte*,int,string)
UnityEngine.StackTraceUtility:ExtractStackTrace () (at /home/bokken/build/output/unity/unity/Runtime/Export/Scripting/StackTrace.cs:35)
UnityEngine.DebugLogHandler:Internal_Log (UnityEngine.LogType,UnityEngine.LogOption,string,UnityEngine.Object)
UnityEngine.DebugLogHandler:LogFormat (UnityEngine.LogType,UnityEngine.Object,string,object[])
UnityEngine.Logger:Log (UnityEngine.LogType,object)
UnityEngine.Debug:Log (object)
EnemyGroundNavigator:Update () (at Assets/Scripts/EnemyScripts/EnemyGroundNavigator.cs:52)

(Filename: Assets/Scripts/EnemyScripts/EnemyGroundNavigator.cs Line: 52)

playerCharater (UnityEngine.Transform)
UnityEngine.Debug:ExtractStackTraceNoAlloc (byte*,int,string)
UnityEngine.StackTraceUtility:ExtractStackTrace () (at /home/bokken/build/output/unity/unity/Runtime/Export/Scripting/StackTrace.cs:35)
UnityEngine.DebugLogHandler:Internal_Log (UnityEngine.LogType,UnityEngine.LogOption,string,UnityEngine.Object)
UnityEngine.DebugLogHandler:LogFormat (UnityEngine.LogType,UnityEngine.Object,string,object[])
UnityEngine.Logger:Log (UnityEngine.LogType,object)
UnityEngine.Debug:Log (object)
EnemyGroundNavigator:Update () (at Assets/Scripts/EnemyScripts/EnemyGroundNavigator.cs:52)

(Filename: Assets/Scripts/EnemyScripts/EnemyGroundNavigator.cs Line: 52)

playerCharater (UnityEngine.Transform)
UnityEngine.Debug:ExtractStackTraceNoAlloc (byte*,int,string)
UnityEngine.StackTraceUtility:ExtractStackTrace () (at /home/bokken/build/output/unity/unity/Runtime/Export/Scripting/StackTrace.cs:35)
UnityEngine.DebugLogHandler:Internal_Log (UnityEngine.LogType,UnityEngine.LogOption,string,UnityEngine.Object)
UnityEngine.DebugLogHandler:LogFormat (UnityEngine.LogType,UnityEngine.Object,string,object[])
UnityEngine.Logger:Log (UnityEngine.LogType,object)
UnityEngine.Debug:Log (object)
EnemyGroundNavigator:Update () (at Assets/Scripts/EnemyScripts/EnemyGroundNavigator.cs:52)

(Filename: Assets/Scripts/EnemyScripts/EnemyGroundNavigator.cs Line: 52)

playerCharater (UnityEngine.Transform)
UnityEngine.Debug:ExtractStackTraceNoAlloc (byte*,int,string)
UnityEngine.StackTraceUtility:ExtractStackTrace () (at /home/bokken/build/output/unity/unity/Runtime/Export/Scripting/StackTrace.cs:35)
UnityEngine.DebugLogHandler:Internal_Log (UnityEngine.LogType,UnityEngine.LogOption,string,UnityEngine.Object)
UnityEngine.DebugLogHandler:LogFormat (UnityEngine.LogType,UnityEngine.Object,string,object[])
UnityEngine.Logger:Log (UnityEngine.LogType,object)
UnityEngine.Debug:Log (object)
EnemyGroundNavigator:Update () (at Assets/Scripts/EnemyScripts/EnemyGroundNavigator.cs:52)

(Filename: Assets/Scripts/EnemyScripts/EnemyGroundNavigator.cs Line: 52)

playerCharater (UnityEngine.Transform)
UnityEngine.Debug:ExtractStackTraceNoAlloc (byte*,int,string)
UnityEngine.StackTraceUtility:ExtractStackTrace () (at /home/bokken/build/output/unity/unity/Runtime/Export/Scripting/StackTrace.cs:35)
UnityEngine.DebugLogHandler:Internal_Log (UnityEngine.LogType,UnityEngine.LogOption,string,UnityEngine.Object)
UnityEngine.DebugLogHandler:LogFormat (UnityEngine.LogType,UnityEngine.Object,string,object[])
UnityEngine.Logger:Log (UnityEngine.LogType,object)
UnityEngine.Debug:Log (object)
EnemyGroundNavigator:Update () (at Assets/Scripts/EnemyScripts/EnemyGroundNavigator.cs:52)

(Filename: Assets/Scripts/EnemyScripts/EnemyGroundNavigator.cs Line: 52)

playerCharater (UnityEngine.Transform)
UnityEngine.Debug:ExtractStackTraceNoAlloc (byte*,int,string)
UnityEngine.StackTraceUtility:ExtractStackTrace () (at /home/bokken/build/output/unity/unity/Runtime/Export/Scripting/StackTrace.cs:35)
UnityEngine.DebugLogHandler:Internal_Log (UnityEngine.LogType,UnityEngine.LogOption,string,UnityEngine.Object)
UnityEngine.DebugLogHandler:LogFormat (UnityEngine.LogType,UnityEngine.Object,string,object[])
UnityEngine.Logger:Log (UnityEngine.LogType,object)
UnityEngine.Debug:Log (object)
EnemyGroundNavigator:Update () (at Assets/Scripts/EnemyScripts/EnemyGroundNavigator.cs:52)

(Filename: Assets/Scripts/EnemyScripts/EnemyGroundNavigator.cs Line: 52)

playerCharater (UnityEngine.Transform)
UnityEngine.Debug:ExtractStackTraceNoAlloc (byte*,int,string)
UnityEngine.StackTraceUtility:ExtractStackTrace () (at /home/bokken/build/output/unity/unity/Runtime/Export/Scripting/StackTrace.cs:35)
UnityEngine.DebugLogHandler:Internal_Log (UnityEngine.LogType,UnityEngine.LogOption,string,UnityEngine.Object)
UnityEngine.DebugLogHandler:LogFormat (UnityEngine.LogType,UnityEngine.Object,string,object[])
UnityEngine.Logger:Log (UnityEngine.LogType,object)
UnityEngine.Debug:Log (object)
EnemyGroundNavigator:Update () (at Assets/Scripts/EnemyScripts/EnemyGroundNavigator.cs:52)

(Filename: Assets/Scripts/EnemyScripts/EnemyGroundNavigator.cs Line: 52)

playerCharater (UnityEngine.Transform)
UnityEngine.Debug:ExtractStackTraceNoAlloc (byte*,int,string)
UnityEngine.StackTraceUtility:ExtractStackTrace () (at /home/bokken/build/output/unity/unity/Runtime/Export/Scripting/StackTrace.cs:35)
UnityEngine.DebugLogHandler:Internal_Log (UnityEngine.LogType,UnityEngine.LogOption,string,UnityEngine.Object)
UnityEngine.DebugLogHandler:LogFormat (UnityEngine.LogType,UnityEngine.Object,string,object[])
UnityEngine.Logger:Log (UnityEngine.LogType,object)
UnityEngine.Debug:Log (object)
EnemyGroundNavigator:Update () (at Assets/Scripts/EnemyScripts/EnemyGroundNavigator.cs:52)

(Filename: Assets/Scripts/EnemyScripts/EnemyGroundNavigator.cs Line: 52)

playerCharater (UnityEngine.Transform)
UnityEngine.Debug:ExtractStackTraceNoAlloc (byte*,int,string)
UnityEngine.StackTraceUtility:ExtractStackTrace () (at /home/bokken/build/output/unity/unity/Runtime/Export/Scripting/StackTrace.cs:35)
UnityEngine.DebugLogHandler:Internal_Log (UnityEngine.LogType,UnityEngine.LogOption,string,UnityEngine.Object)
UnityEngine.DebugLogHandler:LogFormat (UnityEngine.LogType,UnityEngine.Object,string,object[])
UnityEngine.Logger:Log (UnityEngine.LogType,object)
UnityEngine.Debug:Log (object)
EnemyGroundNavigator:Update () (at Assets/Scripts/EnemyScripts/EnemyGroundNavigator.cs:52)

(Filename: Assets/Scripts/EnemyScripts/EnemyGroundNavigator.cs Line: 52)

playerCharater (UnityEngine.Transform)
UnityEngine.Debug:ExtractStackTraceNoAlloc (byte*,int,string)
UnityEngine.StackTraceUtility:ExtractStackTrace () (at /home/bokken/build/output/unity/unity/Runtime/Export/Scripting/StackTrace.cs:35)
UnityEngine.DebugLogHandler:Internal_Log (UnityEngine.LogType,UnityEngine.LogOption,string,UnityEngine.Object)
UnityEngine.DebugLogHandler:LogFormat (UnityEngine.LogType,UnityEngine.Object,string,object[])
UnityEngine.Logger:Log (UnityEngine.LogType,object)
UnityEngine.Debug:Log (object)
EnemyGroundNavigator:Update () (at Assets/Scripts/EnemyScripts/EnemyGroundNavigator.cs:52)

(Filename: Assets/Scripts/EnemyScripts/EnemyGroundNavigator.cs Line: 52)

playerCharater (UnityEngine.Transform)
UnityEngine.Debug:ExtractStackTraceNoAlloc (byte*,int,string)
UnityEngine.StackTraceUtility:ExtractStackTrace () (at /home/bokken/build/output/unity/unity/Runtime/Export/Scripting/StackTrace.cs:35)
UnityEngine.DebugLogHandler:Internal_Log (UnityEngine.LogType,UnityEngine.LogOption,string,UnityEngine.Object)
UnityEngine.DebugLogHandler:LogFormat (UnityEngine.LogType,UnityEngine.Object,string,object[])
UnityEngine.Logger:Log (UnityEngine.LogType,object)
UnityEngine.Debug:Log (object)
EnemyGroundNavigator:Update () (at Assets/Scripts/EnemyScripts/EnemyGroundNavigator.cs:52)

(Filename: Assets/Scripts/EnemyScripts/EnemyGroundNavigator.cs Line: 52)

playerCharater (UnityEngine.Transform)
UnityEngine.Debug:ExtractStackTraceNoAlloc (byte*,int,string)
UnityEngine.StackTraceUtility:ExtractStackTrace () (at /home/bokken/build/output/unity/unity/Runtime/Export/Scripting/StackTrace.cs:35)
UnityEngine.DebugLogHandler:Internal_Log (UnityEngine.LogType,UnityEngine.LogOption,string,UnityEngine.Object)
UnityEngine.DebugLogHandler:LogFormat (UnityEngine.LogType,UnityEngine.Object,string,object[])
UnityEngine.Logger:Log (UnityEngine.LogType,object)
UnityEngine.Debug:Log (object)
EnemyGroundNavigator:Update () (at Assets/Scripts/EnemyScripts/EnemyGroundNavigator.cs:52)

(Filename: Assets/Scripts/EnemyScripts/EnemyGroundNavigator.cs Line: 52)

playerCharater (UnityEngine.Transform)
UnityEngine.Debug:ExtractStackTraceNoAlloc (byte*,int,string)
UnityEngine.StackTraceUtility:ExtractStackTrace () (at /home/bokken/build/output/unity/unity/Runtime/Export/Scripting/StackTrace.cs:35)
UnityEngine.DebugLogHandler:Internal_Log (UnityEngine.LogType,UnityEngine.LogOption,string,UnityEngine.Object)
UnityEngine.DebugLogHandler:LogFormat (UnityEngine.LogType,UnityEngine.Object,string,object[])
UnityEngine.Logger:Log (UnityEngine.LogType,object)
UnityEngine.Debug:Log (object)
EnemyGroundNavigator:Update () (at Assets/Scripts/EnemyScripts/EnemyGroundNavigator.cs:52)

(Filename: Assets/Scripts/EnemyScripts/EnemyGroundNavigator.cs Line: 52)

playerCharater (UnityEngine.Transform)
UnityEngine.Debug:ExtractStackTraceNoAlloc (byte*,int,string)
UnityEngine.StackTraceUtility:ExtractStackTrace () (at /home/bokken/build/output/unity/unity/Runtime/Export/Scripting/StackTrace.cs:35)
UnityEngine.DebugLogHandler:Internal_Log (UnityEngine.LogType,UnityEngine.LogOption,string,UnityEngine.Object)
UnityEngine.DebugLogHandler:LogFormat (UnityEngine.LogType,UnityEngine.Object,string,object[])
UnityEngine.Logger:Log (UnityEngine.LogType,object)
UnityEngine.Debug:Log (object)
EnemyGroundNavigator:Update () (at Assets/Scripts/EnemyScripts/EnemyGroundNavigator.cs:52)

(Filename: Assets/Scripts/EnemyScripts/EnemyGroundNavigator.cs Line: 52)

playerCharater (UnityEngine.Transform)
UnityEngine.Debug:ExtractStackTraceNoAlloc (byte*,int,string)
UnityEngine.StackTraceUtility:ExtractStackTrace () (at /home/bokken/build/output/unity/unity/Runtime/Export/Scripting/StackTrace.cs:35)
UnityEngine.DebugLogHandler:Internal_Log (UnityEngine.LogType,UnityEngine.LogOption,string,UnityEngine.Object)
UnityEngine.DebugLogHandler:LogFormat (UnityEngine.LogType,UnityEngine.Object,string,object[])
UnityEngine.Logger:Log (UnityEngine.LogType,object)
UnityEngine.Debug:Log (object)
EnemyGroundNavigator:Update () (at Assets/Scripts/EnemyScripts/EnemyGroundNavigator.cs:52)

(Filename: Assets/Scripts/EnemyScripts/EnemyGroundNavigator.cs Line: 52)

playerCharater (UnityEngine.Transform)
UnityEngine.Debug:ExtractStackTraceNoAlloc (byte*,int,string)
UnityEngine.StackTraceUtility:ExtractStackTrace () (at /home/bokken/build/output/unity/unity/Runtime/Export/Scripting/StackTrace.cs:35)
UnityEngine.DebugLogHandler:Internal_Log (UnityEngine.LogType,UnityEngine.LogOption,string,UnityEngine.Object)
UnityEngine.DebugLogHandler:LogFormat (UnityEngine.LogType,UnityEngine.Object,string,object[])
UnityEngine.Logger:Log (UnityEngine.LogType,object)
UnityEngine.Debug:Log (object)
EnemyGroundNavigator:Update () (at Assets/Scripts/EnemyScripts/EnemyGroundNavigator.cs:52)

(Filename: Assets/Scripts/EnemyScripts/EnemyGroundNavigator.cs Line: 52)

playerCharater (UnityEngine.Transform)
UnityEngine.Debug:ExtractStackTraceNoAlloc (byte*,int,string)
UnityEngine.StackTraceUtility:ExtractStackTrace () (at /home/bokken/build/output/unity/unity/Runtime/Export/Scripting/StackTrace.cs:35)
UnityEngine.DebugLogHandler:Internal_Log (UnityEngine.LogType,UnityEngine.LogOption,string,UnityEngine.Object)
UnityEngine.DebugLogHandler:LogFormat (UnityEngine.LogType,UnityEngine.Object,string,object[])
UnityEngine.Logger:Log (UnityEngine.LogType,object)
UnityEngine.Debug:Log (object)
EnemyGroundNavigator:Update () (at Assets/Scripts/EnemyScripts/EnemyGroundNavigator.cs:52)

(Filename: Assets/Scripts/EnemyScripts/EnemyGroundNavigator.cs Line: 52)

playerCharater (UnityEngine.Transform)
UnityEngine.Debug:ExtractStackTraceNoAlloc (byte*,int,string)
UnityEngine.StackTraceUtility:ExtractStackTrace () (at /home/bokken/build/output/unity/unity/Runtime/Export/Scripting/StackTrace.cs:35)
UnityEngine.DebugLogHandler:Internal_Log (UnityEngine.LogType,UnityEngine.LogOption,string,UnityEngine.Object)
UnityEngine.DebugLogHandler:LogFormat (UnityEngine.LogType,UnityEngine.Object,string,object[])
UnityEngine.Logger:Log (UnityEngine.LogType,object)
UnityEngine.Debug:Log (object)
EnemyGroundNavigator:Update () (at Assets/Scripts/EnemyScripts/EnemyGroundNavigator.cs:52)

(Filename: Assets/Scripts/EnemyScripts/EnemyGroundNavigator.cs Line: 52)

playerCharater (UnityEngine.Transform)
UnityEngine.Debug:ExtractStackTraceNoAlloc (byte*,int,string)
UnityEngine.StackTraceUtility:ExtractStackTrace () (at /home/bokken/build/output/unity/unity/Runtime/Export/Scripting/StackTrace.cs:35)
UnityEngine.DebugLogHandler:Internal_Log (UnityEngine.LogType,UnityEngine.LogOption,string,UnityEngine.Object)
UnityEngine.DebugLogHandler:LogFormat (UnityEngine.LogType,UnityEngine.Object,string,object[])
UnityEngine.Logger:Log (UnityEngine.LogType,object)
UnityEngine.Debug:Log (object)
EnemyGroundNavigator:Update () (at Assets/Scripts/EnemyScripts/EnemyGroundNavigator.cs:52)

(Filename: Assets/Scripts/EnemyScripts/EnemyGroundNavigator.cs Line: 52)

playerCharater (UnityEngine.Transform)
UnityEngine.Debug:ExtractStackTraceNoAlloc (byte*,int,string)
UnityEngine.StackTraceUtility:ExtractStackTrace () (at /home/bokken/build/output/unity/unity/Runtime/Export/Scripting/StackTrace.cs:35)
UnityEngine.DebugLogHandler:Internal_Log (UnityEngine.LogType,UnityEngine.LogOption,string,UnityEngine.Object)
UnityEngine.DebugLogHandler:LogFormat (UnityEngine.LogType,UnityEngine.Object,string,object[])
UnityEngine.Logger:Log (UnityEngine.LogType,object)
UnityEngine.Debug:Log (object)
EnemyGroundNavigator:Update () (at Assets/Scripts/EnemyScripts/EnemyGroundNavigator.cs:52)

(Filename: Assets/Scripts/EnemyScripts/EnemyGroundNavigator.cs Line: 52)

playerCharater (UnityEngine.Transform)
UnityEngine.Debug:ExtractStackTraceNoAlloc (byte*,int,string)
UnityEngine.StackTraceUtility:ExtractStackTrace () (at /home/bokken/build/output/unity/unity/Runtime/Export/Scripting/StackTrace.cs:35)
UnityEngine.DebugLogHandler:Internal_Log (UnityEngine.LogType,UnityEngine.LogOption,string,UnityEngine.Object)
UnityEngine.DebugLogHandler:LogFormat (UnityEngine.LogType,UnityEngine.Object,string,object[])
UnityEngine.Logger:Log (UnityEngine.LogType,object)
UnityEngine.Debug:Log (object)
EnemyGroundNavigator:Update () (at Assets/Scripts/EnemyScripts/EnemyGroundNavigator.cs:52)

(Filename: Assets/Scripts/EnemyScripts/EnemyGroundNavigator.cs Line: 52)

playerCharater (UnityEngine.Transform)
UnityEngine.Debug:ExtractStackTraceNoAlloc (byte*,int,string)
UnityEngine.StackTraceUtility:ExtractStackTrace () (at /home/bokken/build/output/unity/unity/Runtime/Export/Scripting/StackTrace.cs:35)
UnityEngine.DebugLogHandler:Internal_Log (UnityEngine.LogType,UnityEngine.LogOption,string,UnityEngine.Object)
UnityEngine.DebugLogHandler:LogFormat (UnityEngine.LogType,UnityEngine.Object,string,object[])
UnityEngine.Logger:Log (UnityEngine.LogType,object)
UnityEngine.Debug:Log (object)
EnemyGroundNavigator:Update () (at Assets/Scripts/EnemyScripts/EnemyGroundNavigator.cs:52)

(Filename: Assets/Scripts/EnemyScripts/EnemyGroundNavigator.cs Line: 52)

playerCharater (UnityEngine.Transform)
UnityEngine.Debug:ExtractStackTraceNoAlloc (byte*,int,string)
UnityEngine.StackTraceUtility:ExtractStackTrace () (at /home/bokken/build/output/unity/unity/Runtime/Export/Scripting/StackTrace.cs:35)
UnityEngine.DebugLogHandler:Internal_Log (UnityEngine.LogType,UnityEngine.LogOption,string,UnityEngine.Object)
UnityEngine.DebugLogHandler:LogFormat (UnityEngine.LogType,UnityEngine.Object,string,object[])
UnityEngine.Logger:Log (UnityEngine.LogType,object)
UnityEngine.Debug:Log (object)
EnemyGroundNavigator:Update () (at Assets/Scripts/EnemyScripts/EnemyGroundNavigator.cs:52)

(Filename: Assets/Scripts/EnemyScripts/EnemyGroundNavigator.cs Line: 52)

playerCharater (UnityEngine.Transform)
UnityEngine.Debug:ExtractStackTraceNoAlloc (byte*,int,string)
UnityEngine.StackTraceUtility:ExtractStackTrace () (at /home/bokken/build/output/unity/unity/Runtime/Export/Scripting/StackTrace.cs:35)
UnityEngine.DebugLogHandler:Internal_Log (UnityEngine.LogType,UnityEngine.LogOption,string,UnityEngine.Object)
UnityEngine.DebugLogHandler:LogFormat (UnityEngine.LogType,UnityEngine.Object,string,object[])
UnityEngine.Logger:Log (UnityEngine.LogType,object)
UnityEngine.Debug:Log (object)
EnemyGroundNavigator:Update () (at Assets/Scripts/EnemyScripts/EnemyGroundNavigator.cs:52)

(Filename: Assets/Scripts/EnemyScripts/EnemyGroundNavigator.cs Line: 52)

playerCharater (UnityEngine.Transform)
UnityEngine.Debug:ExtractStackTraceNoAlloc (byte*,int,string)
UnityEngine.StackTraceUtility:ExtractStackTrace () (at /home/bokken/build/output/unity/unity/Runtime/Export/Scripting/StackTrace.cs:35)
UnityEngine.DebugLogHandler:Internal_Log (UnityEngine.LogType,UnityEngine.LogOption,string,UnityEngine.Object)
UnityEngine.DebugLogHandler:LogFormat (UnityEngine.LogType,UnityEngine.Object,string,object[])
UnityEngine.Logger:Log (UnityEngine.LogType,object)
UnityEngine.Debug:Log (object)
EnemyGroundNavigator:Update () (at Assets/Scripts/EnemyScripts/EnemyGroundNavigator.cs:52)

(Filename: Assets/Scripts/EnemyScripts/EnemyGroundNavigator.cs Line: 52)

playerCharater (UnityEngine.Transform)
UnityEngine.Debug:ExtractStackTraceNoAlloc (byte*,int,string)
UnityEngine.StackTraceUtility:ExtractStackTrace () (at /home/bokken/build/output/unity/unity/Runtime/Export/Scripting/StackTrace.cs:35)
UnityEngine.DebugLogHandler:Internal_Log (UnityEngine.LogType,UnityEngine.LogOption,string,UnityEngine.Object)
UnityEngine.DebugLogHandler:LogFormat (UnityEngine.LogType,UnityEngine.Object,string,object[])
UnityEngine.Logger:Log (UnityEngine.LogType,object)
UnityEngine.Debug:Log (object)
EnemyGroundNavigator:Update () (at Assets/Scripts/EnemyScripts/EnemyGroundNavigator.cs:52)

(Filename: Assets/Scripts/EnemyScripts/EnemyGroundNavigator.cs Line: 52)

playerCharater (UnityEngine.Transform)
UnityEngine.Debug:ExtractStackTraceNoAlloc (byte*,int,string)
UnityEngine.StackTraceUtility:ExtractStackTrace () (at /home/bokken/build/output/unity/unity/Runtime/Export/Scripting/StackTrace.cs:35)
UnityEngine.DebugLogHandler:Internal_Log (UnityEngine.LogType,UnityEngine.LogOption,string,UnityEngine.Object)
UnityEngine.DebugLogHandler:LogFormat (UnityEngine.LogType,UnityEngine.Object,string,object[])
UnityEngine.Logger:Log (UnityEngine.LogType,object)
UnityEngine.Debug:Log (object)
EnemyGroundNavigator:Update () (at Assets/Scripts/EnemyScripts/EnemyGroundNavigator.cs:52)

(Filename: Assets/Scripts/EnemyScripts/EnemyGroundNavigator.cs Line: 52)

playerCharater (UnityEngine.Transform)
UnityEngine.Debug:ExtractStackTraceNoAlloc (byte*,int,string)
UnityEngine.StackTraceUtility:ExtractStackTrace () (at /home/bokken/build/output/unity/unity/Runtime/Export/Scripting/StackTrace.cs:35)
UnityEngine.DebugLogHandler:Internal_Log (UnityEngine.LogType,UnityEngine.LogOption,string,UnityEngine.Object)
UnityEngine.DebugLogHandler:LogFormat (UnityEngine.LogType,UnityEngine.Object,string,object[])
UnityEngine.Logger:Log (UnityEngine.LogType,object)
UnityEngine.Debug:Log (object)
EnemyGroundNavigator:Update () (at Assets/Scripts/EnemyScripts/EnemyGroundNavigator.cs:52)

(Filename: Assets/Scripts/EnemyScripts/EnemyGroundNavigator.cs Line: 52)

playerCharater (UnityEngine.Transform)
UnityEngine.Debug:ExtractStackTraceNoAlloc (byte*,int,string)
UnityEngine.StackTraceUtility:ExtractStackTrace () (at /home/bokken/build/output/unity/unity/Runtime/Export/Scripting/StackTrace.cs:35)
UnityEngine.DebugLogHandler:Internal_Log (UnityEngine.LogType,UnityEngine.LogOption,string,UnityEngine.Object)
UnityEngine.DebugLogHandler:LogFormat (UnityEngine.LogType,UnityEngine.Object,string,object[])
UnityEngine.Logger:Log (UnityEngine.LogType,object)
UnityEngine.Debug:Log (object)
EnemyGroundNavigator:Update () (at Assets/Scripts/EnemyScripts/EnemyGroundNavigator.cs:52)

(Filename: Assets/Scripts/EnemyScripts/EnemyGroundNavigator.cs Line: 52)

playerCharater (UnityEngine.Transform)
UnityEngine.Debug:ExtractStackTraceNoAlloc (byte*,int,string)
UnityEngine.StackTraceUtility:ExtractStackTrace () (at /home/bokken/build/output/unity/unity/Runtime/Export/Scripting/StackTrace.cs:35)
UnityEngine.DebugLogHandler:Internal_Log (UnityEngine.LogType,UnityEngine.LogOption,string,UnityEngine.Object)
UnityEngine.DebugLogHandler:LogFormat (UnityEngine.LogType,UnityEngine.Object,string,object[])
UnityEngine.Logger:Log (UnityEngine.LogType,object)
UnityEngine.Debug:Log (object)
EnemyGroundNavigator:Update () (at Assets/Scripts/EnemyScripts/EnemyGroundNavigator.cs:52)

(Filename: Assets/Scripts/EnemyScripts/EnemyGroundNavigator.cs Line: 52)

playerCharater (UnityEngine.Transform)
UnityEngine.Debug:ExtractStackTraceNoAlloc (byte*,int,string)
UnityEngine.StackTraceUtility:ExtractStackTrace () (at /home/bokken/build/output/unity/unity/Runtime/Export/Scripting/StackTrace.cs:35)
UnityEngine.DebugLogHandler:Internal_Log (UnityEngine.LogType,UnityEngine.LogOption,string,UnityEngine.Object)
UnityEngine.DebugLogHandler:LogFormat (UnityEngine.LogType,UnityEngine.Object,string,object[])
UnityEngine.Logger:Log (UnityEngine.LogType,object)
UnityEngine.Debug:Log (object)
EnemyGroundNavigator:Update () (at Assets/Scripts/EnemyScripts/EnemyGroundNavigator.cs:52)

(Filename: Assets/Scripts/EnemyScripts/EnemyGroundNavigator.cs Line: 52)

playerCharater (UnityEngine.Transform)
UnityEngine.Debug:ExtractStackTraceNoAlloc (byte*,int,string)
UnityEngine.StackTraceUtility:ExtractStackTrace () (at /home/bokken/build/output/unity/unity/Runtime/Export/Scripting/StackTrace.cs:35)
UnityEngine.DebugLogHandler:Internal_Log (UnityEngine.LogType,UnityEngine.LogOption,string,UnityEngine.Object)
UnityEngine.DebugLogHandler:LogFormat (UnityEngine.LogType,UnityEngine.Object,string,object[])
UnityEngine.Logger:Log (UnityEngine.LogType,object)
UnityEngine.Debug:Log (object)
EnemyGroundNavigator:Update () (at Assets/Scripts/EnemyScripts/EnemyGroundNavigator.cs:52)

(Filename: Assets/Scripts/EnemyScripts/EnemyGroundNavigator.cs Line: 52)

playerCharater (UnityEngine.Transform)
UnityEngine.Debug:ExtractStackTraceNoAlloc (byte*,int,string)
UnityEngine.StackTraceUtility:ExtractStackTrace () (at /home/bokken/build/output/unity/unity/Runtime/Export/Scripting/StackTrace.cs:35)
UnityEngine.DebugLogHandler:Internal_Log (UnityEngine.LogType,UnityEngine.LogOption,string,UnityEngine.Object)
UnityEngine.DebugLogHandler:LogFormat (UnityEngine.LogType,UnityEngine.Object,string,object[])
UnityEngine.Logger:Log (UnityEngine.LogType,object)
UnityEngine.Debug:Log (object)
EnemyGroundNavigator:Update () (at Assets/Scripts/EnemyScripts/EnemyGroundNavigator.cs:52)

(Filename: Assets/Scripts/EnemyScripts/EnemyGroundNavigator.cs Line: 52)

playerCharater (UnityEngine.Transform)
UnityEngine.Debug:ExtractStackTraceNoAlloc (byte*,int,string)
UnityEngine.StackTraceUtility:ExtractStackTrace () (at /home/bokken/build/output/unity/unity/Runtime/Export/Scripting/StackTrace.cs:35)
UnityEngine.DebugLogHandler:Internal_Log (UnityEngine.LogType,UnityEngine.LogOption,string,UnityEngine.Object)
UnityEngine.DebugLogHandler:LogFormat (UnityEngine.LogType,UnityEngine.Object,string,object[])
UnityEngine.Logger:Log (UnityEngine.LogType,object)
UnityEngine.Debug:Log (object)
EnemyGroundNavigator:Update () (at Assets/Scripts/EnemyScripts/EnemyGroundNavigator.cs:52)

(Filename: Assets/Scripts/EnemyScripts/EnemyGroundNavigator.cs Line: 52)

playerCharater (UnityEngine.Transform)
UnityEngine.Debug:ExtractStackTraceNoAlloc (byte*,int,string)
UnityEngine.StackTraceUtility:ExtractStackTrace () (at /home/bokken/build/output/unity/unity/Runtime/Export/Scripting/StackTrace.cs:35)
UnityEngine.DebugLogHandler:Internal_Log (UnityEngine.LogType,UnityEngine.LogOption,string,UnityEngine.Object)
UnityEngine.DebugLogHandler:LogFormat (UnityEngine.LogType,UnityEngine.Object,string,object[])
UnityEngine.Logger:Log (UnityEngine.LogType,object)
UnityEngine.Debug:Log (object)
EnemyGroundNavigator:Update () (at Assets/Scripts/EnemyScripts/EnemyGroundNavigator.cs:52)

(Filename: Assets/Scripts/EnemyScripts/EnemyGroundNavigator.cs Line: 52)

playerCharater (UnityEngine.Transform)
UnityEngine.Debug:ExtractStackTraceNoAlloc (byte*,int,string)
UnityEngine.StackTraceUtility:ExtractStackTrace () (at /home/bokken/build/output/unity/unity/Runtime/Export/Scripting/StackTrace.cs:35)
UnityEngine.DebugLogHandler:Internal_Log (UnityEngine.LogType,UnityEngine.LogOption,string,UnityEngine.Object)
UnityEngine.DebugLogHandler:LogFormat (UnityEngine.LogType,UnityEngine.Object,string,object[])
UnityEngine.Logger:Log (UnityEngine.LogType,object)
UnityEngine.Debug:Log (object)
EnemyGroundNavigator:Update () (at Assets/Scripts/EnemyScripts/EnemyGroundNavigator.cs:52)

(Filename: Assets/Scripts/EnemyScripts/EnemyGroundNavigator.cs Line: 52)

playerCharater (UnityEngine.Transform)
UnityEngine.Debug:ExtractStackTraceNoAlloc (byte*,int,string)
UnityEngine.StackTraceUtility:ExtractStackTrace () (at /home/bokken/build/output/unity/unity/Runtime/Export/Scripting/StackTrace.cs:35)
UnityEngine.DebugLogHandler:Internal_Log (UnityEngine.LogType,UnityEngine.LogOption,string,UnityEngine.Object)
UnityEngine.DebugLogHandler:LogFormat (UnityEngine.LogType,UnityEngine.Object,string,object[])
UnityEngine.Logger:Log (UnityEngine.LogType,object)
UnityEngine.Debug:Log (object)
EnemyGroundNavigator:Update () (at Assets/Scripts/EnemyScripts/EnemyGroundNavigator.cs:52)

(Filename: Assets/Scripts/EnemyScripts/EnemyGroundNavigator.cs Line: 52)

playerCharater (UnityEngine.Transform)
UnityEngine.Debug:ExtractStackTraceNoAlloc (byte*,int,string)
UnityEngine.StackTraceUtility:ExtractStackTrace () (at /home/bokken/build/output/unity/unity/Runtime/Export/Scripting/StackTrace.cs:35)
UnityEngine.DebugLogHandler:Internal_Log (UnityEngine.LogType,UnityEngine.LogOption,string,UnityEngine.Object)
UnityEngine.DebugLogHandler:LogFormat (UnityEngine.LogType,UnityEngine.Object,string,object[])
UnityEngine.Logger:Log (UnityEngine.LogType,object)
UnityEngine.Debug:Log (object)
EnemyGroundNavigator:Update () (at Assets/Scripts/EnemyScripts/EnemyGroundNavigator.cs:52)

(Filename: Assets/Scripts/EnemyScripts/EnemyGroundNavigator.cs Line: 52)

playerCharater (UnityEngine.Transform)
UnityEngine.Debug:ExtractStackTraceNoAlloc (byte*,int,string)
UnityEngine.StackTraceUtility:ExtractStackTrace () (at /home/bokken/build/output/unity/unity/Runtime/Export/Scripting/StackTrace.cs:35)
UnityEngine.DebugLogHandler:Internal_Log (UnityEngine.LogType,UnityEngine.LogOption,string,UnityEngine.Object)
UnityEngine.DebugLogHandler:LogFormat (UnityEngine.LogType,UnityEngine.Object,string,object[])
UnityEngine.Logger:Log (UnityEngine.LogType,object)
UnityEngine.Debug:Log (object)
EnemyGroundNavigator:Update () (at Assets/Scripts/EnemyScripts/EnemyGroundNavigator.cs:52)

(Filename: Assets/Scripts/EnemyScripts/EnemyGroundNavigator.cs Line: 52)

playerCharater (UnityEngine.Transform)
UnityEngine.Debug:ExtractStackTraceNoAlloc (byte*,int,string)
UnityEngine.StackTraceUtility:ExtractStackTrace () (at /home/bokken/build/output/unity/unity/Runtime/Export/Scripting/StackTrace.cs:35)
UnityEngine.DebugLogHandler:Internal_Log (UnityEngine.LogType,UnityEngine.LogOption,string,UnityEngine.Object)
UnityEngine.DebugLogHandler:LogFormat (UnityEngine.LogType,UnityEngine.Object,string,object[])
UnityEngine.Logger:Log (UnityEngine.LogType,object)
UnityEngine.Debug:Log (object)
EnemyGroundNavigator:Update () (at Assets/Scripts/EnemyScripts/EnemyGroundNavigator.cs:52)

(Filename: Assets/Scripts/EnemyScripts/EnemyGroundNavigator.cs Line: 52)

playerCharater (UnityEngine.Transform)
UnityEngine.Debug:ExtractStackTraceNoAlloc (byte*,int,string)
UnityEngine.StackTraceUtility:ExtractStackTrace () (at /home/bokken/build/output/unity/unity/Runtime/Export/Scripting/StackTrace.cs:35)
UnityEngine.DebugLogHandler:Internal_Log (UnityEngine.LogType,UnityEngine.LogOption,string,UnityEngine.Object)
UnityEngine.DebugLogHandler:LogFormat (UnityEngine.LogType,UnityEngine.Object,string,object[])
UnityEngine.Logger:Log (UnityEngine.LogType,object)
UnityEngine.Debug:Log (object)
EnemyGroundNavigator:Update () (at Assets/Scripts/EnemyScripts/EnemyGroundNavigator.cs:52)

(Filename: Assets/Scripts/EnemyScripts/EnemyGroundNavigator.cs Line: 52)

playerCharater (UnityEngine.Transform)
UnityEngine.Debug:ExtractStackTraceNoAlloc (byte*,int,string)
UnityEngine.StackTraceUtility:ExtractStackTrace () (at /home/bokken/build/output/unity/unity/Runtime/Export/Scripting/StackTrace.cs:35)
UnityEngine.DebugLogHandler:Internal_Log (UnityEngine.LogType,UnityEngine.LogOption,string,UnityEngine.Object)
UnityEngine.DebugLogHandler:LogFormat (UnityEngine.LogType,UnityEngine.Object,string,object[])
UnityEngine.Logger:Log (UnityEngine.LogType,object)
UnityEngine.Debug:Log (object)
EnemyGroundNavigator:Update () (at Assets/Scripts/EnemyScripts/EnemyGroundNavigator.cs:52)

(Filename: Assets/Scripts/EnemyScripts/EnemyGroundNavigator.cs Line: 52)

playerCharater (UnityEngine.Transform)
UnityEngine.Debug:ExtractStackTraceNoAlloc (byte*,int,string)
UnityEngine.StackTraceUtility:ExtractStackTrace () (at /home/bokken/build/output/unity/unity/Runtime/Export/Scripting/StackTrace.cs:35)
UnityEngine.DebugLogHandler:Internal_Log (UnityEngine.LogType,UnityEngine.LogOption,string,UnityEngine.Object)
UnityEngine.DebugLogHandler:LogFormat (UnityEngine.LogType,UnityEngine.Object,string,object[])
UnityEngine.Logger:Log (UnityEngine.LogType,object)
UnityEngine.Debug:Log (object)
EnemyGroundNavigator:Update () (at Assets/Scripts/EnemyScripts/EnemyGroundNavigator.cs:52)

(Filename: Assets/Scripts/EnemyScripts/EnemyGroundNavigator.cs Line: 52)

playerCharater (UnityEngine.Transform)
UnityEngine.Debug:ExtractStackTraceNoAlloc (byte*,int,string)
UnityEngine.StackTraceUtility:ExtractStackTrace () (at /home/bokken/build/output/unity/unity/Runtime/Export/Scripting/StackTrace.cs:35)
UnityEngine.DebugLogHandler:Internal_Log (UnityEngine.LogType,UnityEngine.LogOption,string,UnityEngine.Object)
UnityEngine.DebugLogHandler:LogFormat (UnityEngine.LogType,UnityEngine.Object,string,object[])
UnityEngine.Logger:Log (UnityEngine.LogType,object)
UnityEngine.Debug:Log (object)
EnemyGroundNavigator:Update () (at Assets/Scripts/EnemyScripts/EnemyGroundNavigator.cs:52)

(Filename: Assets/Scripts/EnemyScripts/EnemyGroundNavigator.cs Line: 52)

playerCharater (UnityEngine.Transform)
UnityEngine.Debug:ExtractStackTraceNoAlloc (byte*,int,string)
UnityEngine.StackTraceUtility:ExtractStackTrace () (at /home/bokken/build/output/unity/unity/Runtime/Export/Scripting/StackTrace.cs:35)
UnityEngine.DebugLogHandler:Internal_Log (UnityEngine.LogType,UnityEngine.LogOption,string,UnityEngine.Object)
UnityEngine.DebugLogHandler:LogFormat (UnityEngine.LogType,UnityEngine.Object,string,object[])
UnityEngine.Logger:Log (UnityEngine.LogType,object)
UnityEngine.Debug:Log (object)
EnemyGroundNavigator:Update () (at Assets/Scripts/EnemyScripts/EnemyGroundNavigator.cs:52)

(Filename: Assets/Scripts/EnemyScripts/EnemyGroundNavigator.cs Line: 52)

playerCharater (UnityEngine.Transform)
UnityEngine.Debug:ExtractStackTraceNoAlloc (byte*,int,string)
UnityEngine.StackTraceUtility:ExtractStackTrace () (at /home/bokken/build/output/unity/unity/Runtime/Export/Scripting/StackTrace.cs:35)
UnityEngine.DebugLogHandler:Internal_Log (UnityEngine.LogType,UnityEngine.LogOption,string,UnityEngine.Object)
UnityEngine.DebugLogHandler:LogFormat (UnityEngine.LogType,UnityEngine.Object,string,object[])
UnityEngine.Logger:Log (UnityEngine.LogType,object)
UnityEngine.Debug:Log (object)
EnemyGroundNavigator:Update () (at Assets/Scripts/EnemyScripts/EnemyGroundNavigator.cs:52)

(Filename: Assets/Scripts/EnemyScripts/EnemyGroundNavigator.cs Line: 52)

playerCharater (UnityEngine.Transform)
UnityEngine.Debug:ExtractStackTraceNoAlloc (byte*,int,string)
UnityEngine.StackTraceUtility:ExtractStackTrace () (at /home/bokken/build/output/unity/unity/Runtime/Export/Scripting/StackTrace.cs:35)
UnityEngine.DebugLogHandler:Internal_Log (UnityEngine.LogType,UnityEngine.LogOption,string,UnityEngine.Object)
UnityEngine.DebugLogHandler:LogFormat (UnityEngine.LogType,UnityEngine.Object,string,object[])
UnityEngine.Logger:Log (UnityEngine.LogType,object)
UnityEngine.Debug:Log (object)
EnemyGroundNavigator:Update () (at Assets/Scripts/EnemyScripts/EnemyGroundNavigator.cs:52)

(Filename: Assets/Scripts/EnemyScripts/EnemyGroundNavigator.cs Line: 52)

playerCharater (UnityEngine.Transform)
UnityEngine.Debug:ExtractStackTraceNoAlloc (byte*,int,string)
UnityEngine.StackTraceUtility:ExtractStackTrace () (at /home/bokken/build/output/unity/unity/Runtime/Export/Scripting/StackTrace.cs:35)
UnityEngine.DebugLogHandler:Internal_Log (UnityEngine.LogType,UnityEngine.LogOption,string,UnityEngine.Object)
UnityEngine.DebugLogHandler:LogFormat (UnityEngine.LogType,UnityEngine.Object,string,object[])
UnityEngine.Logger:Log (UnityEngine.LogType,object)
UnityEngine.Debug:Log (object)
EnemyGroundNavigator:Update () (at Assets/Scripts/EnemyScripts/EnemyGroundNavigator.cs:52)

(Filename: Assets/Scripts/EnemyScripts/EnemyGroundNavigator.cs Line: 52)

playerCharater (UnityEngine.Transform)
UnityEngine.Debug:ExtractStackTraceNoAlloc (byte*,int,string)
UnityEngine.StackTraceUtility:ExtractStackTrace () (at /home/bokken/build/output/unity/unity/Runtime/Export/Scripting/StackTrace.cs:35)
UnityEngine.DebugLogHandler:Internal_Log (UnityEngine.LogType,UnityEngine.LogOption,string,UnityEngine.Object)
UnityEngine.DebugLogHandler:LogFormat (UnityEngine.LogType,UnityEngine.Object,string,object[])
UnityEngine.Logger:Log (UnityEngine.LogType,object)
UnityEngine.Debug:Log (object)
EnemyGroundNavigator:Update () (at Assets/Scripts/EnemyScripts/EnemyGroundNavigator.cs:52)

(Filename: Assets/Scripts/EnemyScripts/EnemyGroundNavigator.cs Line: 52)

playerCharater (UnityEngine.Transform)
UnityEngine.Debug:ExtractStackTraceNoAlloc (byte*,int,string)
UnityEngine.StackTraceUtility:ExtractStackTrace () (at /home/bokken/build/output/unity/unity/Runtime/Export/Scripting/StackTrace.cs:35)
UnityEngine.DebugLogHandler:Internal_Log (UnityEngine.LogType,UnityEngine.LogOption,string,UnityEngine.Object)
UnityEngine.DebugLogHandler:LogFormat (UnityEngine.LogType,UnityEngine.Object,string,object[])
UnityEngine.Logger:Log (UnityEngine.LogType,object)
UnityEngine.Debug:Log (object)
EnemyGroundNavigator:Update () (at Assets/Scripts/EnemyScripts/EnemyGroundNavigator.cs:52)

(Filename: Assets/Scripts/EnemyScripts/EnemyGroundNavigator.cs Line: 52)

playerCharater (UnityEngine.Transform)
UnityEngine.Debug:ExtractStackTraceNoAlloc (byte*,int,string)
UnityEngine.StackTraceUtility:ExtractStackTrace () (at /home/bokken/build/output/unity/unity/Runtime/Export/Scripting/StackTrace.cs:35)
UnityEngine.DebugLogHandler:Internal_Log (UnityEngine.LogType,UnityEngine.LogOption,string,UnityEngine.Object)
UnityEngine.DebugLogHandler:LogFormat (UnityEngine.LogType,UnityEngine.Object,string,object[])
UnityEngine.Logger:Log (UnityEngine.LogType,object)
UnityEngine.Debug:Log (object)
EnemyGroundNavigator:Update () (at Assets/Scripts/EnemyScripts/EnemyGroundNavigator.cs:52)

(Filename: Assets/Scripts/EnemyScripts/EnemyGroundNavigator.cs Line: 52)

playerCharater (UnityEngine.Transform)
UnityEngine.Debug:ExtractStackTraceNoAlloc (byte*,int,string)
UnityEngine.StackTraceUtility:ExtractStackTrace () (at /home/bokken/build/output/unity/unity/Runtime/Export/Scripting/StackTrace.cs:35)
UnityEngine.DebugLogHandler:Internal_Log (UnityEngine.LogType,UnityEngine.LogOption,string,UnityEngine.Object)
UnityEngine.DebugLogHandler:LogFormat (UnityEngine.LogType,UnityEngine.Object,string,object[])
UnityEngine.Logger:Log (UnityEngine.LogType,object)
UnityEngine.Debug:Log (object)
EnemyGroundNavigator:Update () (at Assets/Scripts/EnemyScripts/EnemyGroundNavigator.cs:52)

(Filename: Assets/Scripts/EnemyScripts/EnemyGroundNavigator.cs Line: 52)

playerCharater (UnityEngine.Transform)
UnityEngine.Debug:ExtractStackTraceNoAlloc (byte*,int,string)
UnityEngine.StackTraceUtility:ExtractStackTrace () (at /home/bokken/build/output/unity/unity/Runtime/Export/Scripting/StackTrace.cs:35)
UnityEngine.DebugLogHandler:Internal_Log (UnityEngine.LogType,UnityEngine.LogOption,string,UnityEngine.Object)
UnityEngine.DebugLogHandler:LogFormat (UnityEngine.LogType,UnityEngine.Object,string,object[])
UnityEngine.Logger:Log (UnityEngine.LogType,object)
UnityEngine.Debug:Log (object)
EnemyGroundNavigator:Update () (at Assets/Scripts/EnemyScripts/EnemyGroundNavigator.cs:52)

(Filename: Assets/Scripts/EnemyScripts/EnemyGroundNavigator.cs Line: 52)

playerCharater (UnityEngine.Transform)
UnityEngine.Debug:ExtractStackTraceNoAlloc (byte*,int,string)
UnityEngine.StackTraceUtility:ExtractStackTrace () (at /home/bokken/build/output/unity/unity/Runtime/Export/Scripting/StackTrace.cs:35)
UnityEngine.DebugLogHandler:Internal_Log (UnityEngine.LogType,UnityEngine.LogOption,string,UnityEngine.Object)
UnityEngine.DebugLogHandler:LogFormat (UnityEngine.LogType,UnityEngine.Object,string,object[])
UnityEngine.Logger:Log (UnityEngine.LogType,object)
UnityEngine.Debug:Log (object)
EnemyGroundNavigator:Update () (at Assets/Scripts/EnemyScripts/EnemyGroundNavigator.cs:52)

(Filename: Assets/Scripts/EnemyScripts/EnemyGroundNavigator.cs Line: 52)

playerCharater (UnityEngine.Transform)
UnityEngine.Debug:ExtractStackTraceNoAlloc (byte*,int,string)
UnityEngine.StackTraceUtility:ExtractStackTrace () (at /home/bokken/build/output/unity/unity/Runtime/Export/Scripting/StackTrace.cs:35)
UnityEngine.DebugLogHandler:Internal_Log (UnityEngine.LogType,UnityEngine.LogOption,string,UnityEngine.Object)
UnityEngine.DebugLogHandler:LogFormat (UnityEngine.LogType,UnityEngine.Object,string,object[])
UnityEngine.Logger:Log (UnityEngine.LogType,object)
UnityEngine.Debug:Log (object)
EnemyGroundNavigator:Update () (at Assets/Scripts/EnemyScripts/EnemyGroundNavigator.cs:52)

(Filename: Assets/Scripts/EnemyScripts/EnemyGroundNavigator.cs Line: 52)

playerCharater (UnityEngine.Transform)
UnityEngine.Debug:ExtractStackTraceNoAlloc (byte*,int,string)
UnityEngine.StackTraceUtility:ExtractStackTrace () (at /home/bokken/build/output/unity/unity/Runtime/Export/Scripting/StackTrace.cs:35)
UnityEngine.DebugLogHandler:Internal_Log (UnityEngine.LogType,UnityEngine.LogOption,string,UnityEngine.Object)
UnityEngine.DebugLogHandler:LogFormat (UnityEngine.LogType,UnityEngine.Object,string,object[])
UnityEngine.Logger:Log (UnityEngine.LogType,object)
UnityEngine.Debug:Log (object)
EnemyGroundNavigator:Update () (at Assets/Scripts/EnemyScripts/EnemyGroundNavigator.cs:52)

(Filename: Assets/Scripts/EnemyScripts/EnemyGroundNavigator.cs Line: 52)

playerCharater (UnityEngine.Transform)
UnityEngine.Debug:ExtractStackTraceNoAlloc (byte*,int,string)
UnityEngine.StackTraceUtility:ExtractStackTrace () (at /home/bokken/build/output/unity/unity/Runtime/Export/Scripting/StackTrace.cs:35)
UnityEngine.DebugLogHandler:Internal_Log (UnityEngine.LogType,UnityEngine.LogOption,string,UnityEngine.Object)
UnityEngine.DebugLogHandler:LogFormat (UnityEngine.LogType,UnityEngine.Object,string,object[])
UnityEngine.Logger:Log (UnityEngine.LogType,object)
UnityEngine.Debug:Log (object)
EnemyGroundNavigator:Update () (at Assets/Scripts/EnemyScripts/EnemyGroundNavigator.cs:52)

(Filename: Assets/Scripts/EnemyScripts/EnemyGroundNavigator.cs Line: 52)

playerCharater (UnityEngine.Transform)
UnityEngine.Debug:ExtractStackTraceNoAlloc (byte*,int,string)
UnityEngine.StackTraceUtility:ExtractStackTrace () (at /home/bokken/build/output/unity/unity/Runtime/Export/Scripting/StackTrace.cs:35)
UnityEngine.DebugLogHandler:Internal_Log (UnityEngine.LogType,UnityEngine.LogOption,string,UnityEngine.Object)
UnityEngine.DebugLogHandler:LogFormat (UnityEngine.LogType,UnityEngine.Object,string,object[])
UnityEngine.Logger:Log (UnityEngine.LogType,object)
UnityEngine.Debug:Log (object)
EnemyGroundNavigator:Update () (at Assets/Scripts/EnemyScripts/EnemyGroundNavigator.cs:52)

(Filename: Assets/Scripts/EnemyScripts/EnemyGroundNavigator.cs Line: 52)

playerCharater (UnityEngine.Transform)
UnityEngine.Debug:ExtractStackTraceNoAlloc (byte*,int,string)
UnityEngine.StackTraceUtility:ExtractStackTrace () (at /home/bokken/build/output/unity/unity/Runtime/Export/Scripting/StackTrace.cs:35)
UnityEngine.DebugLogHandler:Internal_Log (UnityEngine.LogType,UnityEngine.LogOption,string,UnityEngine.Object)
UnityEngine.DebugLogHandler:LogFormat (UnityEngine.LogType,UnityEngine.Object,string,object[])
UnityEngine.Logger:Log (UnityEngine.LogType,object)
UnityEngine.Debug:Log (object)
EnemyGroundNavigator:Update () (at Assets/Scripts/EnemyScripts/EnemyGroundNavigator.cs:52)

(Filename: Assets/Scripts/EnemyScripts/EnemyGroundNavigator.cs Line: 52)

playerCharater (UnityEngine.Transform)
UnityEngine.Debug:ExtractStackTraceNoAlloc (byte*,int,string)
UnityEngine.StackTraceUtility:ExtractStackTrace () (at /home/bokken/build/output/unity/unity/Runtime/Export/Scripting/StackTrace.cs:35)
UnityEngine.DebugLogHandler:Internal_Log (UnityEngine.LogType,UnityEngine.LogOption,string,UnityEngine.Object)
UnityEngine.DebugLogHandler:LogFormat (UnityEngine.LogType,UnityEngine.Object,string,object[])
UnityEngine.Logger:Log (UnityEngine.LogType,object)
UnityEngine.Debug:Log (object)
EnemyGroundNavigator:Update () (at Assets/Scripts/EnemyScripts/EnemyGroundNavigator.cs:52)

(Filename: Assets/Scripts/EnemyScripts/EnemyGroundNavigator.cs Line: 52)

playerCharater (UnityEngine.Transform)
UnityEngine.Debug:ExtractStackTraceNoAlloc (byte*,int,string)
UnityEngine.StackTraceUtility:ExtractStackTrace () (at /home/bokken/build/output/unity/unity/Runtime/Export/Scripting/StackTrace.cs:35)
UnityEngine.DebugLogHandler:Internal_Log (UnityEngine.LogType,UnityEngine.LogOption,string,UnityEngine.Object)
UnityEngine.DebugLogHandler:LogFormat (UnityEngine.LogType,UnityEngine.Object,string,object[])
UnityEngine.Logger:Log (UnityEngine.LogType,object)
UnityEngine.Debug:Log (object)
EnemyGroundNavigator:Update () (at Assets/Scripts/EnemyScripts/EnemyGroundNavigator.cs:52)

(Filename: Assets/Scripts/EnemyScripts/EnemyGroundNavigator.cs Line: 52)

playerCharater (UnityEngine.Transform)
UnityEngine.Debug:ExtractStackTraceNoAlloc (byte*,int,string)
UnityEngine.StackTraceUtility:ExtractStackTrace () (at /home/bokken/build/output/unity/unity/Runtime/Export/Scripting/StackTrace.cs:35)
UnityEngine.DebugLogHandler:Internal_Log (UnityEngine.LogType,UnityEngine.LogOption,string,UnityEngine.Object)
UnityEngine.DebugLogHandler:LogFormat (UnityEngine.LogType,UnityEngine.Object,string,object[])
UnityEngine.Logger:Log (UnityEngine.LogType,object)
UnityEngine.Debug:Log (object)
EnemyGroundNavigator:Update () (at Assets/Scripts/EnemyScripts/EnemyGroundNavigator.cs:52)

(Filename: Assets/Scripts/EnemyScripts/EnemyGroundNavigator.cs Line: 52)

playerCharater (UnityEngine.Transform)
UnityEngine.Debug:ExtractStackTraceNoAlloc (byte*,int,string)
UnityEngine.StackTraceUtility:ExtractStackTrace () (at /home/bokken/build/output/unity/unity/Runtime/Export/Scripting/StackTrace.cs:35)
UnityEngine.DebugLogHandler:Internal_Log (UnityEngine.LogType,UnityEngine.LogOption,string,UnityEngine.Object)
UnityEngine.DebugLogHandler:LogFormat (UnityEngine.LogType,UnityEngine.Object,string,object[])
UnityEngine.Logger:Log (UnityEngine.LogType,object)
UnityEngine.Debug:Log (object)
EnemyGroundNavigator:Update () (at Assets/Scripts/EnemyScripts/EnemyGroundNavigator.cs:52)

(Filename: Assets/Scripts/EnemyScripts/EnemyGroundNavigator.cs Line: 52)

playerCharater (UnityEngine.Transform)
UnityEngine.Debug:ExtractStackTraceNoAlloc (byte*,int,string)
UnityEngine.StackTraceUtility:ExtractStackTrace () (at /home/bokken/build/output/unity/unity/Runtime/Export/Scripting/StackTrace.cs:35)
UnityEngine.DebugLogHandler:Internal_Log (UnityEngine.LogType,UnityEngine.LogOption,string,UnityEngine.Object)
UnityEngine.DebugLogHandler:LogFormat (UnityEngine.LogType,UnityEngine.Object,string,object[])
UnityEngine.Logger:Log (UnityEngine.LogType,object)
UnityEngine.Debug:Log (object)
EnemyGroundNavigator:Update () (at Assets/Scripts/EnemyScripts/EnemyGroundNavigator.cs:52)

(Filename: Assets/Scripts/EnemyScripts/EnemyGroundNavigator.cs Line: 52)

playerCharater (UnityEngine.Transform)
UnityEngine.Debug:ExtractStackTraceNoAlloc (byte*,int,string)
UnityEngine.StackTraceUtility:ExtractStackTrace () (at /home/bokken/build/output/unity/unity/Runtime/Export/Scripting/StackTrace.cs:35)
UnityEngine.DebugLogHandler:Internal_Log (UnityEngine.LogType,UnityEngine.LogOption,string,UnityEngine.Object)
UnityEngine.DebugLogHandler:LogFormat (UnityEngine.LogType,UnityEngine.Object,string,object[])
UnityEngine.Logger:Log (UnityEngine.LogType,object)
UnityEngine.Debug:Log (object)
EnemyGroundNavigator:Update () (at Assets/Scripts/EnemyScripts/EnemyGroundNavigator.cs:52)

(Filename: Assets/Scripts/EnemyScripts/EnemyGroundNavigator.cs Line: 52)

playerCharater (UnityEngine.Transform)
UnityEngine.Debug:ExtractStackTraceNoAlloc (byte*,int,string)
UnityEngine.StackTraceUtility:ExtractStackTrace () (at /home/bokken/build/output/unity/unity/Runtime/Export/Scripting/StackTrace.cs:35)
UnityEngine.DebugLogHandler:Internal_Log (UnityEngine.LogType,UnityEngine.LogOption,string,UnityEngine.Object)
UnityEngine.DebugLogHandler:LogFormat (UnityEngine.LogType,UnityEngine.Object,string,object[])
UnityEngine.Logger:Log (UnityEngine.LogType,object)
UnityEngine.Debug:Log (object)
EnemyGroundNavigator:Update () (at Assets/Scripts/EnemyScripts/EnemyGroundNavigator.cs:52)

(Filename: Assets/Scripts/EnemyScripts/EnemyGroundNavigator.cs Line: 52)

playerCharater (UnityEngine.Transform)
UnityEngine.Debug:ExtractStackTraceNoAlloc (byte*,int,string)
UnityEngine.StackTraceUtility:ExtractStackTrace () (at /home/bokken/build/output/unity/unity/Runtime/Export/Scripting/StackTrace.cs:35)
UnityEngine.DebugLogHandler:Internal_Log (UnityEngine.LogType,UnityEngine.LogOption,string,UnityEngine.Object)
UnityEngine.DebugLogHandler:LogFormat (UnityEngine.LogType,UnityEngine.Object,string,object[])
UnityEngine.Logger:Log (UnityEngine.LogType,object)
UnityEngine.Debug:Log (object)
EnemyGroundNavigator:Update () (at Assets/Scripts/EnemyScripts/EnemyGroundNavigator.cs:52)

(Filename: Assets/Scripts/EnemyScripts/EnemyGroundNavigator.cs Line: 52)

playerCharater (UnityEngine.Transform)
UnityEngine.Debug:ExtractStackTraceNoAlloc (byte*,int,string)
UnityEngine.StackTraceUtility:ExtractStackTrace () (at /home/bokken/build/output/unity/unity/Runtime/Export/Scripting/StackTrace.cs:35)
UnityEngine.DebugLogHandler:Internal_Log (UnityEngine.LogType,UnityEngine.LogOption,string,UnityEngine.Object)
UnityEngine.DebugLogHandler:LogFormat (UnityEngine.LogType,UnityEngine.Object,string,object[])
UnityEngine.Logger:Log (UnityEngine.LogType,object)
UnityEngine.Debug:Log (object)
EnemyGroundNavigator:Update () (at Assets/Scripts/EnemyScripts/EnemyGroundNavigator.cs:52)

(Filename: Assets/Scripts/EnemyScripts/EnemyGroundNavigator.cs Line: 52)

playerCharater (UnityEngine.Transform)
UnityEngine.Debug:ExtractStackTraceNoAlloc (byte*,int,string)
UnityEngine.StackTraceUtility:ExtractStackTrace () (at /home/bokken/build/output/unity/unity/Runtime/Export/Scripting/StackTrace.cs:35)
UnityEngine.DebugLogHandler:Internal_Log (UnityEngine.LogType,UnityEngine.LogOption,string,UnityEngine.Object)
UnityEngine.DebugLogHandler:LogFormat (UnityEngine.LogType,UnityEngine.Object,string,object[])
UnityEngine.Logger:Log (UnityEngine.LogType,object)
UnityEngine.Debug:Log (object)
EnemyGroundNavigator:Update () (at Assets/Scripts/EnemyScripts/EnemyGroundNavigator.cs:52)

(Filename: Assets/Scripts/EnemyScripts/EnemyGroundNavigator.cs Line: 52)

playerCharater (UnityEngine.Transform)
UnityEngine.Debug:ExtractStackTraceNoAlloc (byte*,int,string)
UnityEngine.StackTraceUtility:ExtractStackTrace () (at /home/bokken/build/output/unity/unity/Runtime/Export/Scripting/StackTrace.cs:35)
UnityEngine.DebugLogHandler:Internal_Log (UnityEngine.LogType,UnityEngine.LogOption,string,UnityEngine.Object)
UnityEngine.DebugLogHandler:LogFormat (UnityEngine.LogType,UnityEngine.Object,string,object[])
UnityEngine.Logger:Log (UnityEngine.LogType,object)
UnityEngine.Debug:Log (object)
EnemyGroundNavigator:Update () (at Assets/Scripts/EnemyScripts/EnemyGroundNavigator.cs:52)

(Filename: Assets/Scripts/EnemyScripts/EnemyGroundNavigator.cs Line: 52)

playerCharater (UnityEngine.Transform)
UnityEngine.Debug:ExtractStackTraceNoAlloc (byte*,int,string)
UnityEngine.StackTraceUtility:ExtractStackTrace () (at /home/bokken/build/output/unity/unity/Runtime/Export/Scripting/StackTrace.cs:35)
UnityEngine.DebugLogHandler:Internal_Log (UnityEngine.LogType,UnityEngine.LogOption,string,UnityEngine.Object)
UnityEngine.DebugLogHandler:LogFormat (UnityEngine.LogType,UnityEngine.Object,string,object[])
UnityEngine.Logger:Log (UnityEngine.LogType,object)
UnityEngine.Debug:Log (object)
EnemyGroundNavigator:Update () (at Assets/Scripts/EnemyScripts/EnemyGroundNavigator.cs:52)

(Filename: Assets/Scripts/EnemyScripts/EnemyGroundNavigator.cs Line: 52)

playerCharater (UnityEngine.Transform)
UnityEngine.Debug:ExtractStackTraceNoAlloc (byte*,int,string)
UnityEngine.StackTraceUtility:ExtractStackTrace () (at /home/bokken/build/output/unity/unity/Runtime/Export/Scripting/StackTrace.cs:35)
UnityEngine.DebugLogHandler:Internal_Log (UnityEngine.LogType,UnityEngine.LogOption,string,UnityEngine.Object)
UnityEngine.DebugLogHandler:LogFormat (UnityEngine.LogType,UnityEngine.Object,string,object[])
UnityEngine.Logger:Log (UnityEngine.LogType,object)
UnityEngine.Debug:Log (object)
EnemyGroundNavigator:Update () (at Assets/Scripts/EnemyScripts/EnemyGroundNavigator.cs:52)

(Filename: Assets/Scripts/EnemyScripts/EnemyGroundNavigator.cs Line: 52)

playerCharater (UnityEngine.Transform)
UnityEngine.Debug:ExtractStackTraceNoAlloc (byte*,int,string)
UnityEngine.StackTraceUtility:ExtractStackTrace () (at /home/bokken/build/output/unity/unity/Runtime/Export/Scripting/StackTrace.cs:35)
UnityEngine.DebugLogHandler:Internal_Log (UnityEngine.LogType,UnityEngine.LogOption,string,UnityEngine.Object)
UnityEngine.DebugLogHandler:LogFormat (UnityEngine.LogType,UnityEngine.Object,string,object[])
UnityEngine.Logger:Log (UnityEngine.LogType,object)
UnityEngine.Debug:Log (object)
EnemyGroundNavigator:Update () (at Assets/Scripts/EnemyScripts/EnemyGroundNavigator.cs:52)

(Filename: Assets/Scripts/EnemyScripts/EnemyGroundNavigator.cs Line: 52)

playerCharater (UnityEngine.Transform)
UnityEngine.Debug:ExtractStackTraceNoAlloc (byte*,int,string)
UnityEngine.StackTraceUtility:ExtractStackTrace () (at /home/bokken/build/output/unity/unity/Runtime/Export/Scripting/StackTrace.cs:35)
UnityEngine.DebugLogHandler:Internal_Log (UnityEngine.LogType,UnityEngine.LogOption,string,UnityEngine.Object)
UnityEngine.DebugLogHandler:LogFormat (UnityEngine.LogType,UnityEngine.Object,string,object[])
UnityEngine.Logger:Log (UnityEngine.LogType,object)
UnityEngine.Debug:Log (object)
EnemyGroundNavigator:Update () (at Assets/Scripts/EnemyScripts/EnemyGroundNavigator.cs:52)

(Filename: Assets/Scripts/EnemyScripts/EnemyGroundNavigator.cs Line: 52)

playerCharater (UnityEngine.Transform)
UnityEngine.Debug:ExtractStackTraceNoAlloc (byte*,int,string)
UnityEngine.StackTraceUtility:ExtractStackTrace () (at /home/bokken/build/output/unity/unity/Runtime/Export/Scripting/StackTrace.cs:35)
UnityEngine.DebugLogHandler:Internal_Log (UnityEngine.LogType,UnityEngine.LogOption,string,UnityEngine.Object)
UnityEngine.DebugLogHandler:LogFormat (UnityEngine.LogType,UnityEngine.Object,string,object[])
UnityEngine.Logger:Log (UnityEngine.LogType,object)
UnityEngine.Debug:Log (object)
EnemyGroundNavigator:Update () (at Assets/Scripts/EnemyScripts/EnemyGroundNavigator.cs:52)

(Filename: Assets/Scripts/EnemyScripts/EnemyGroundNavigator.cs Line: 52)

playerCharater (UnityEngine.Transform)
UnityEngine.Debug:ExtractStackTraceNoAlloc (byte*,int,string)
UnityEngine.StackTraceUtility:ExtractStackTrace () (at /home/bokken/build/output/unity/unity/Runtime/Export/Scripting/StackTrace.cs:35)
UnityEngine.DebugLogHandler:Internal_Log (UnityEngine.LogType,UnityEngine.LogOption,string,UnityEngine.Object)
UnityEngine.DebugLogHandler:LogFormat (UnityEngine.LogType,UnityEngine.Object,string,object[])
UnityEngine.Logger:Log (UnityEngine.LogType,object)
UnityEngine.Debug:Log (object)
EnemyGroundNavigator:Update () (at Assets/Scripts/EnemyScripts/EnemyGroundNavigator.cs:52)

(Filename: Assets/Scripts/EnemyScripts/EnemyGroundNavigator.cs Line: 52)

playerCharater (UnityEngine.Transform)
UnityEngine.Debug:ExtractStackTraceNoAlloc (byte*,int,string)
UnityEngine.StackTraceUtility:ExtractStackTrace () (at /home/bokken/build/output/unity/unity/Runtime/Export/Scripting/StackTrace.cs:35)
UnityEngine.DebugLogHandler:Internal_Log (UnityEngine.LogType,UnityEngine.LogOption,string,UnityEngine.Object)
UnityEngine.DebugLogHandler:LogFormat (UnityEngine.LogType,UnityEngine.Object,string,object[])
UnityEngine.Logger:Log (UnityEngine.LogType,object)
UnityEngine.Debug:Log (object)
EnemyGroundNavigator:Update () (at Assets/Scripts/EnemyScripts/EnemyGroundNavigator.cs:52)

(Filename: Assets/Scripts/EnemyScripts/EnemyGroundNavigator.cs Line: 52)

playerCharater (UnityEngine.Transform)
UnityEngine.Debug:ExtractStackTraceNoAlloc (byte*,int,string)
UnityEngine.StackTraceUtility:ExtractStackTrace () (at /home/bokken/build/output/unity/unity/Runtime/Export/Scripting/StackTrace.cs:35)
UnityEngine.DebugLogHandler:Internal_Log (UnityEngine.LogType,UnityEngine.LogOption,string,UnityEngine.Object)
UnityEngine.DebugLogHandler:LogFormat (UnityEngine.LogType,UnityEngine.Object,string,object[])
UnityEngine.Logger:Log (UnityEngine.LogType,object)
UnityEngine.Debug:Log (object)
EnemyGroundNavigator:Update () (at Assets/Scripts/EnemyScripts/EnemyGroundNavigator.cs:52)

(Filename: Assets/Scripts/EnemyScripts/EnemyGroundNavigator.cs Line: 52)

playerCharater (UnityEngine.Transform)
UnityEngine.Debug:ExtractStackTraceNoAlloc (byte*,int,string)
UnityEngine.StackTraceUtility:ExtractStackTrace () (at /home/bokken/build/output/unity/unity/Runtime/Export/Scripting/StackTrace.cs:35)
UnityEngine.DebugLogHandler:Internal_Log (UnityEngine.LogType,UnityEngine.LogOption,string,UnityEngine.Object)
UnityEngine.DebugLogHandler:LogFormat (UnityEngine.LogType,UnityEngine.Object,string,object[])
UnityEngine.Logger:Log (UnityEngine.LogType,object)
UnityEngine.Debug:Log (object)
EnemyGroundNavigator:Update () (at Assets/Scripts/EnemyScripts/EnemyGroundNavigator.cs:52)

(Filename: Assets/Scripts/EnemyScripts/EnemyGroundNavigator.cs Line: 52)

playerCharater (UnityEngine.Transform)
UnityEngine.Debug:ExtractStackTraceNoAlloc (byte*,int,string)
UnityEngine.StackTraceUtility:ExtractStackTrace () (at /home/bokken/build/output/unity/unity/Runtime/Export/Scripting/StackTrace.cs:35)
UnityEngine.DebugLogHandler:Internal_Log (UnityEngine.LogType,UnityEngine.LogOption,string,UnityEngine.Object)
UnityEngine.DebugLogHandler:LogFormat (UnityEngine.LogType,UnityEngine.Object,string,object[])
UnityEngine.Logger:Log (UnityEngine.LogType,object)
UnityEngine.Debug:Log (object)
EnemyGroundNavigator:Update () (at Assets/Scripts/EnemyScripts/EnemyGroundNavigator.cs:52)

(Filename: Assets/Scripts/EnemyScripts/EnemyGroundNavigator.cs Line: 52)

playerCharater (UnityEngine.Transform)
UnityEngine.Debug:ExtractStackTraceNoAlloc (byte*,int,string)
UnityEngine.StackTraceUtility:ExtractStackTrace () (at /home/bokken/build/output/unity/unity/Runtime/Export/Scripting/StackTrace.cs:35)
UnityEngine.DebugLogHandler:Internal_Log (UnityEngine.LogType,UnityEngine.LogOption,string,UnityEngine.Object)
UnityEngine.DebugLogHandler:LogFormat (UnityEngine.LogType,UnityEngine.Object,string,object[])
UnityEngine.Logger:Log (UnityEngine.LogType,object)
UnityEngine.Debug:Log (object)
EnemyGroundNavigator:Update () (at Assets/Scripts/EnemyScripts/EnemyGroundNavigator.cs:52)

(Filename: Assets/Scripts/EnemyScripts/EnemyGroundNavigator.cs Line: 52)

playerCharater (UnityEngine.Transform)
UnityEngine.Debug:ExtractStackTraceNoAlloc (byte*,int,string)
UnityEngine.StackTraceUtility:ExtractStackTrace () (at /home/bokken/build/output/unity/unity/Runtime/Export/Scripting/StackTrace.cs:35)
UnityEngine.DebugLogHandler:Internal_Log (UnityEngine.LogType,UnityEngine.LogOption,string,UnityEngine.Object)
UnityEngine.DebugLogHandler:LogFormat (UnityEngine.LogType,UnityEngine.Object,string,object[])
UnityEngine.Logger:Log (UnityEngine.LogType,object)
UnityEngine.Debug:Log (object)
EnemyGroundNavigator:Update () (at Assets/Scripts/EnemyScripts/EnemyGroundNavigator.cs:52)

(Filename: Assets/Scripts/EnemyScripts/EnemyGroundNavigator.cs Line: 52)

playerCharater (UnityEngine.Transform)
UnityEngine.Debug:ExtractStackTraceNoAlloc (byte*,int,string)
UnityEngine.StackTraceUtility:ExtractStackTrace () (at /home/bokken/build/output/unity/unity/Runtime/Export/Scripting/StackTrace.cs:35)
UnityEngine.DebugLogHandler:Internal_Log (UnityEngine.LogType,UnityEngine.LogOption,string,UnityEngine.Object)
UnityEngine.DebugLogHandler:LogFormat (UnityEngine.LogType,UnityEngine.Object,string,object[])
UnityEngine.Logger:Log (UnityEngine.LogType,object)
UnityEngine.Debug:Log (object)
EnemyGroundNavigator:Update () (at Assets/Scripts/EnemyScripts/EnemyGroundNavigator.cs:52)

(Filename: Assets/Scripts/EnemyScripts/EnemyGroundNavigator.cs Line: 52)

playerCharater (UnityEngine.Transform)
UnityEngine.Debug:ExtractStackTraceNoAlloc (byte*,int,string)
UnityEngine.StackTraceUtility:ExtractStackTrace () (at /home/bokken/build/output/unity/unity/Runtime/Export/Scripting/StackTrace.cs:35)
UnityEngine.DebugLogHandler:Internal_Log (UnityEngine.LogType,UnityEngine.LogOption,string,UnityEngine.Object)
UnityEngine.DebugLogHandler:LogFormat (UnityEngine.LogType,UnityEngine.Object,string,object[])
UnityEngine.Logger:Log (UnityEngine.LogType,object)
UnityEngine.Debug:Log (object)
EnemyGroundNavigator:Update () (at Assets/Scripts/EnemyScripts/EnemyGroundNavigator.cs:52)

(Filename: Assets/Scripts/EnemyScripts/EnemyGroundNavigator.cs Line: 52)

playerCharater (UnityEngine.Transform)
UnityEngine.Debug:ExtractStackTraceNoAlloc (byte*,int,string)
UnityEngine.StackTraceUtility:ExtractStackTrace () (at /home/bokken/build/output/unity/unity/Runtime/Export/Scripting/StackTrace.cs:35)
UnityEngine.DebugLogHandler:Internal_Log (UnityEngine.LogType,UnityEngine.LogOption,string,UnityEngine.Object)
UnityEngine.DebugLogHandler:LogFormat (UnityEngine.LogType,UnityEngine.Object,string,object[])
UnityEngine.Logger:Log (UnityEngine.LogType,object)
UnityEngine.Debug:Log (object)
EnemyGroundNavigator:Update () (at Assets/Scripts/EnemyScripts/EnemyGroundNavigator.cs:52)

(Filename: Assets/Scripts/EnemyScripts/EnemyGroundNavigator.cs Line: 52)

playerCharater (UnityEngine.Transform)
UnityEngine.Debug:ExtractStackTraceNoAlloc (byte*,int,string)
UnityEngine.StackTraceUtility:ExtractStackTrace () (at /home/bokken/build/output/unity/unity/Runtime/Export/Scripting/StackTrace.cs:35)
UnityEngine.DebugLogHandler:Internal_Log (UnityEngine.LogType,UnityEngine.LogOption,string,UnityEngine.Object)
UnityEngine.DebugLogHandler:LogFormat (UnityEngine.LogType,UnityEngine.Object,string,object[])
UnityEngine.Logger:Log (UnityEngine.LogType,object)
UnityEngine.Debug:Log (object)
EnemyGroundNavigator:Update () (at Assets/Scripts/EnemyScripts/EnemyGroundNavigator.cs:52)

(Filename: Assets/Scripts/EnemyScripts/EnemyGroundNavigator.cs Line: 52)

playerCharater (UnityEngine.Transform)
UnityEngine.Debug:ExtractStackTraceNoAlloc (byte*,int,string)
UnityEngine.StackTraceUtility:ExtractStackTrace () (at /home/bokken/build/output/unity/unity/Runtime/Export/Scripting/StackTrace.cs:35)
UnityEngine.DebugLogHandler:Internal_Log (UnityEngine.LogType,UnityEngine.LogOption,string,UnityEngine.Object)
UnityEngine.DebugLogHandler:LogFormat (UnityEngine.LogType,UnityEngine.Object,string,object[])
UnityEngine.Logger:Log (UnityEngine.LogType,object)
UnityEngine.Debug:Log (object)
EnemyGroundNavigator:Update () (at Assets/Scripts/EnemyScripts/EnemyGroundNavigator.cs:52)

(Filename: Assets/Scripts/EnemyScripts/EnemyGroundNavigator.cs Line: 52)

playerCharater (UnityEngine.Transform)
UnityEngine.Debug:ExtractStackTraceNoAlloc (byte*,int,string)
UnityEngine.StackTraceUtility:ExtractStackTrace () (at /home/bokken/build/output/unity/unity/Runtime/Export/Scripting/StackTrace.cs:35)
UnityEngine.DebugLogHandler:Internal_Log (UnityEngine.LogType,UnityEngine.LogOption,string,UnityEngine.Object)
UnityEngine.DebugLogHandler:LogFormat (UnityEngine.LogType,UnityEngine.Object,string,object[])
UnityEngine.Logger:Log (UnityEngine.LogType,object)
UnityEngine.Debug:Log (object)
EnemyGroundNavigator:Update () (at Assets/Scripts/EnemyScripts/EnemyGroundNavigator.cs:52)

(Filename: Assets/Scripts/EnemyScripts/EnemyGroundNavigator.cs Line: 52)

playerCharater (UnityEngine.Transform)
UnityEngine.Debug:ExtractStackTraceNoAlloc (byte*,int,string)
UnityEngine.StackTraceUtility:ExtractStackTrace () (at /home/bokken/build/output/unity/unity/Runtime/Export/Scripting/StackTrace.cs:35)
UnityEngine.DebugLogHandler:Internal_Log (UnityEngine.LogType,UnityEngine.LogOption,string,UnityEngine.Object)
UnityEngine.DebugLogHandler:LogFormat (UnityEngine.LogType,UnityEngine.Object,string,object[])
UnityEngine.Logger:Log (UnityEngine.LogType,object)
UnityEngine.Debug:Log (object)
EnemyGroundNavigator:Update () (at Assets/Scripts/EnemyScripts/EnemyGroundNavigator.cs:52)

(Filename: Assets/Scripts/EnemyScripts/EnemyGroundNavigator.cs Line: 52)

playerCharater (UnityEngine.Transform)
UnityEngine.Debug:ExtractStackTraceNoAlloc (byte*,int,string)
UnityEngine.StackTraceUtility:ExtractStackTrace () (at /home/bokken/build/output/unity/unity/Runtime/Export/Scripting/StackTrace.cs:35)
UnityEngine.DebugLogHandler:Internal_Log (UnityEngine.LogType,UnityEngine.LogOption,string,UnityEngine.Object)
UnityEngine.DebugLogHandler:LogFormat (UnityEngine.LogType,UnityEngine.Object,string,object[])
UnityEngine.Logger:Log (UnityEngine.LogType,object)
UnityEngine.Debug:Log (object)
EnemyGroundNavigator:Update () (at Assets/Scripts/EnemyScripts/EnemyGroundNavigator.cs:52)

(Filename: Assets/Scripts/EnemyScripts/EnemyGroundNavigator.cs Line: 52)

playerCharater (UnityEngine.Transform)
UnityEngine.Debug:ExtractStackTraceNoAlloc (byte*,int,string)
UnityEngine.StackTraceUtility:ExtractStackTrace () (at /home/bokken/build/output/unity/unity/Runtime/Export/Scripting/StackTrace.cs:35)
UnityEngine.DebugLogHandler:Internal_Log (UnityEngine.LogType,UnityEngine.LogOption,string,UnityEngine.Object)
UnityEngine.DebugLogHandler:LogFormat (UnityEngine.LogType,UnityEngine.Object,string,object[])
UnityEngine.Logger:Log (UnityEngine.LogType,object)
UnityEngine.Debug:Log (object)
EnemyGroundNavigator:Update () (at Assets/Scripts/EnemyScripts/EnemyGroundNavigator.cs:52)

(Filename: Assets/Scripts/EnemyScripts/EnemyGroundNavigator.cs Line: 52)

playerCharater (UnityEngine.Transform)
UnityEngine.Debug:ExtractStackTraceNoAlloc (byte*,int,string)
UnityEngine.StackTraceUtility:ExtractStackTrace () (at /home/bokken/build/output/unity/unity/Runtime/Export/Scripting/StackTrace.cs:35)
UnityEngine.DebugLogHandler:Internal_Log (UnityEngine.LogType,UnityEngine.LogOption,string,UnityEngine.Object)
UnityEngine.DebugLogHandler:LogFormat (UnityEngine.LogType,UnityEngine.Object,string,object[])
UnityEngine.Logger:Log (UnityEngine.LogType,object)
UnityEngine.Debug:Log (object)
EnemyGroundNavigator:Update () (at Assets/Scripts/EnemyScripts/EnemyGroundNavigator.cs:52)

(Filename: Assets/Scripts/EnemyScripts/EnemyGroundNavigator.cs Line: 52)

playerCharater (UnityEngine.Transform)
UnityEngine.Debug:ExtractStackTraceNoAlloc (byte*,int,string)
UnityEngine.StackTraceUtility:ExtractStackTrace () (at /home/bokken/build/output/unity/unity/Runtime/Export/Scripting/StackTrace.cs:35)
UnityEngine.DebugLogHandler:Internal_Log (UnityEngine.LogType,UnityEngine.LogOption,string,UnityEngine.Object)
UnityEngine.DebugLogHandler:LogFormat (UnityEngine.LogType,UnityEngine.Object,string,object[])
UnityEngine.Logger:Log (UnityEngine.LogType,object)
UnityEngine.Debug:Log (object)
EnemyGroundNavigator:Update () (at Assets/Scripts/EnemyScripts/EnemyGroundNavigator.cs:52)

(Filename: Assets/Scripts/EnemyScripts/EnemyGroundNavigator.cs Line: 52)

playerCharater (UnityEngine.Transform)
UnityEngine.Debug:ExtractStackTraceNoAlloc (byte*,int,string)
UnityEngine.StackTraceUtility:ExtractStackTrace () (at /home/bokken/build/output/unity/unity/Runtime/Export/Scripting/StackTrace.cs:35)
UnityEngine.DebugLogHandler:Internal_Log (UnityEngine.LogType,UnityEngine.LogOption,string,UnityEngine.Object)
UnityEngine.DebugLogHandler:LogFormat (UnityEngine.LogType,UnityEngine.Object,string,object[])
UnityEngine.Logger:Log (UnityEngine.LogType,object)
UnityEngine.Debug:Log (object)
EnemyGroundNavigator:Update () (at Assets/Scripts/EnemyScripts/EnemyGroundNavigator.cs:52)

(Filename: Assets/Scripts/EnemyScripts/EnemyGroundNavigator.cs Line: 52)

playerCharater (UnityEngine.Transform)
UnityEngine.Debug:ExtractStackTraceNoAlloc (byte*,int,string)
UnityEngine.StackTraceUtility:ExtractStackTrace () (at /home/bokken/build/output/unity/unity/Runtime/Export/Scripting/StackTrace.cs:35)
UnityEngine.DebugLogHandler:Internal_Log (UnityEngine.LogType,UnityEngine.LogOption,string,UnityEngine.Object)
UnityEngine.DebugLogHandler:LogFormat (UnityEngine.LogType,UnityEngine.Object,string,object[])
UnityEngine.Logger:Log (UnityEngine.LogType,object)
UnityEngine.Debug:Log (object)
EnemyGroundNavigator:Update () (at Assets/Scripts/EnemyScripts/EnemyGroundNavigator.cs:52)

(Filename: Assets/Scripts/EnemyScripts/EnemyGroundNavigator.cs Line: 52)

playerCharater (UnityEngine.Transform)
UnityEngine.Debug:ExtractStackTraceNoAlloc (byte*,int,string)
UnityEngine.StackTraceUtility:ExtractStackTrace () (at /home/bokken/build/output/unity/unity/Runtime/Export/Scripting/StackTrace.cs:35)
UnityEngine.DebugLogHandler:Internal_Log (UnityEngine.LogType,UnityEngine.LogOption,string,UnityEngine.Object)
UnityEngine.DebugLogHandler:LogFormat (UnityEngine.LogType,UnityEngine.Object,string,object[])
UnityEngine.Logger:Log (UnityEngine.LogType,object)
UnityEngine.Debug:Log (object)
EnemyGroundNavigator:Update () (at Assets/Scripts/EnemyScripts/EnemyGroundNavigator.cs:52)

(Filename: Assets/Scripts/EnemyScripts/EnemyGroundNavigator.cs Line: 52)

playerCharater (UnityEngine.Transform)
UnityEngine.Debug:ExtractStackTraceNoAlloc (byte*,int,string)
UnityEngine.StackTraceUtility:ExtractStackTrace () (at /home/bokken/build/output/unity/unity/Runtime/Export/Scripting/StackTrace.cs:35)
UnityEngine.DebugLogHandler:Internal_Log (UnityEngine.LogType,UnityEngine.LogOption,string,UnityEngine.Object)
UnityEngine.DebugLogHandler:LogFormat (UnityEngine.LogType,UnityEngine.Object,string,object[])
UnityEngine.Logger:Log (UnityEngine.LogType,object)
UnityEngine.Debug:Log (object)
EnemyGroundNavigator:Update () (at Assets/Scripts/EnemyScripts/EnemyGroundNavigator.cs:52)

(Filename: Assets/Scripts/EnemyScripts/EnemyGroundNavigator.cs Line: 52)

playerCharater (UnityEngine.Transform)
UnityEngine.Debug:ExtractStackTraceNoAlloc (byte*,int,string)
UnityEngine.StackTraceUtility:ExtractStackTrace () (at /home/bokken/build/output/unity/unity/Runtime/Export/Scripting/StackTrace.cs:35)
UnityEngine.DebugLogHandler:Internal_Log (UnityEngine.LogType,UnityEngine.LogOption,string,UnityEngine.Object)
UnityEngine.DebugLogHandler:LogFormat (UnityEngine.LogType,UnityEngine.Object,string,object[])
UnityEngine.Logger:Log (UnityEngine.LogType,object)
UnityEngine.Debug:Log (object)
EnemyGroundNavigator:Update () (at Assets/Scripts/EnemyScripts/EnemyGroundNavigator.cs:52)

(Filename: Assets/Scripts/EnemyScripts/EnemyGroundNavigator.cs Line: 52)

playerCharater (UnityEngine.Transform)
UnityEngine.Debug:ExtractStackTraceNoAlloc (byte*,int,string)
UnityEngine.StackTraceUtility:ExtractStackTrace () (at /home/bokken/build/output/unity/unity/Runtime/Export/Scripting/StackTrace.cs:35)
UnityEngine.DebugLogHandler:Internal_Log (UnityEngine.LogType,UnityEngine.LogOption,string,UnityEngine.Object)
UnityEngine.DebugLogHandler:LogFormat (UnityEngine.LogType,UnityEngine.Object,string,object[])
UnityEngine.Logger:Log (UnityEngine.LogType,object)
UnityEngine.Debug:Log (object)
EnemyGroundNavigator:Update () (at Assets/Scripts/EnemyScripts/EnemyGroundNavigator.cs:52)

(Filename: Assets/Scripts/EnemyScripts/EnemyGroundNavigator.cs Line: 52)

playerCharater (UnityEngine.Transform)
UnityEngine.Debug:ExtractStackTraceNoAlloc (byte*,int,string)
UnityEngine.StackTraceUtility:ExtractStackTrace () (at /home/bokken/build/output/unity/unity/Runtime/Export/Scripting/StackTrace.cs:35)
UnityEngine.DebugLogHandler:Internal_Log (UnityEngine.LogType,UnityEngine.LogOption,string,UnityEngine.Object)
UnityEngine.DebugLogHandler:LogFormat (UnityEngine.LogType,UnityEngine.Object,string,object[])
UnityEngine.Logger:Log (UnityEngine.LogType,object)
UnityEngine.Debug:Log (object)
EnemyGroundNavigator:Update () (at Assets/Scripts/EnemyScripts/EnemyGroundNavigator.cs:52)

(Filename: Assets/Scripts/EnemyScripts/EnemyGroundNavigator.cs Line: 52)

playerCharater (UnityEngine.Transform)
UnityEngine.Debug:ExtractStackTraceNoAlloc (byte*,int,string)
UnityEngine.StackTraceUtility:ExtractStackTrace () (at /home/bokken/build/output/unity/unity/Runtime/Export/Scripting/StackTrace.cs:35)
UnityEngine.DebugLogHandler:Internal_Log (UnityEngine.LogType,UnityEngine.LogOption,string,UnityEngine.Object)
UnityEngine.DebugLogHandler:LogFormat (UnityEngine.LogType,UnityEngine.Object,string,object[])
UnityEngine.Logger:Log (UnityEngine.LogType,object)
UnityEngine.Debug:Log (object)
EnemyGroundNavigator:Update () (at Assets/Scripts/EnemyScripts/EnemyGroundNavigator.cs:52)

(Filename: Assets/Scripts/EnemyScripts/EnemyGroundNavigator.cs Line: 52)

playerCharater (UnityEngine.Transform)
UnityEngine.Debug:ExtractStackTraceNoAlloc (byte*,int,string)
UnityEngine.StackTraceUtility:ExtractStackTrace () (at /home/bokken/build/output/unity/unity/Runtime/Export/Scripting/StackTrace.cs:35)
UnityEngine.DebugLogHandler:Internal_Log (UnityEngine.LogType,UnityEngine.LogOption,string,UnityEngine.Object)
UnityEngine.DebugLogHandler:LogFormat (UnityEngine.LogType,UnityEngine.Object,string,object[])
UnityEngine.Logger:Log (UnityEngine.LogType,object)
UnityEngine.Debug:Log (object)
EnemyGroundNavigator:Update () (at Assets/Scripts/EnemyScripts/EnemyGroundNavigator.cs:52)

(Filename: Assets/Scripts/EnemyScripts/EnemyGroundNavigator.cs Line: 52)

playerCharater (UnityEngine.Transform)
UnityEngine.Debug:ExtractStackTraceNoAlloc (byte*,int,string)
UnityEngine.StackTraceUtility:ExtractStackTrace () (at /home/bokken/build/output/unity/unity/Runtime/Export/Scripting/StackTrace.cs:35)
UnityEngine.DebugLogHandler:Internal_Log (UnityEngine.LogType,UnityEngine.LogOption,string,UnityEngine.Object)
UnityEngine.DebugLogHandler:LogFormat (UnityEngine.LogType,UnityEngine.Object,string,object[])
UnityEngine.Logger:Log (UnityEngine.LogType,object)
UnityEngine.Debug:Log (object)
EnemyGroundNavigator:Update () (at Assets/Scripts/EnemyScripts/EnemyGroundNavigator.cs:52)

(Filename: Assets/Scripts/EnemyScripts/EnemyGroundNavigator.cs Line: 52)

playerCharater (UnityEngine.Transform)
UnityEngine.Debug:ExtractStackTraceNoAlloc (byte*,int,string)
UnityEngine.StackTraceUtility:ExtractStackTrace () (at /home/bokken/build/output/unity/unity/Runtime/Export/Scripting/StackTrace.cs:35)
UnityEngine.DebugLogHandler:Internal_Log (UnityEngine.LogType,UnityEngine.LogOption,string,UnityEngine.Object)
UnityEngine.DebugLogHandler:LogFormat (UnityEngine.LogType,UnityEngine.Object,string,object[])
UnityEngine.Logger:Log (UnityEngine.LogType,object)
UnityEngine.Debug:Log (object)
EnemyGroundNavigator:Update () (at Assets/Scripts/EnemyScripts/EnemyGroundNavigator.cs:52)

(Filename: Assets/Scripts/EnemyScripts/EnemyGroundNavigator.cs Line: 52)

playerCharater (UnityEngine.Transform)
UnityEngine.Debug:ExtractStackTraceNoAlloc (byte*,int,string)
UnityEngine.StackTraceUtility:ExtractStackTrace () (at /home/bokken/build/output/unity/unity/Runtime/Export/Scripting/StackTrace.cs:35)
UnityEngine.DebugLogHandler:Internal_Log (UnityEngine.LogType,UnityEngine.LogOption,string,UnityEngine.Object)
UnityEngine.DebugLogHandler:LogFormat (UnityEngine.LogType,UnityEngine.Object,string,object[])
UnityEngine.Logger:Log (UnityEngine.LogType,object)
UnityEngine.Debug:Log (object)
EnemyGroundNavigator:Update () (at Assets/Scripts/EnemyScripts/EnemyGroundNavigator.cs:52)

(Filename: Assets/Scripts/EnemyScripts/EnemyGroundNavigator.cs Line: 52)

playerCharater (UnityEngine.Transform)
UnityEngine.Debug:ExtractStackTraceNoAlloc (byte*,int,string)
UnityEngine.StackTraceUtility:ExtractStackTrace () (at /home/bokken/build/output/unity/unity/Runtime/Export/Scripting/StackTrace.cs:35)
UnityEngine.DebugLogHandler:Internal_Log (UnityEngine.LogType,UnityEngine.LogOption,string,UnityEngine.Object)
UnityEngine.DebugLogHandler:LogFormat (UnityEngine.LogType,UnityEngine.Object,string,object[])
UnityEngine.Logger:Log (UnityEngine.LogType,object)
UnityEngine.Debug:Log (object)
EnemyGroundNavigator:Update () (at Assets/Scripts/EnemyScripts/EnemyGroundNavigator.cs:52)

(Filename: Assets/Scripts/EnemyScripts/EnemyGroundNavigator.cs Line: 52)

playerCharater (UnityEngine.Transform)
UnityEngine.Debug:ExtractStackTraceNoAlloc (byte*,int,string)
UnityEngine.StackTraceUtility:ExtractStackTrace () (at /home/bokken/build/output/unity/unity/Runtime/Export/Scripting/StackTrace.cs:35)
UnityEngine.DebugLogHandler:Internal_Log (UnityEngine.LogType,UnityEngine.LogOption,string,UnityEngine.Object)
UnityEngine.DebugLogHandler:LogFormat (UnityEngine.LogType,UnityEngine.Object,string,object[])
UnityEngine.Logger:Log (UnityEngine.LogType,object)
UnityEngine.Debug:Log (object)
EnemyGroundNavigator:Update () (at Assets/Scripts/EnemyScripts/EnemyGroundNavigator.cs:52)

(Filename: Assets/Scripts/EnemyScripts/EnemyGroundNavigator.cs Line: 52)

playerCharater (UnityEngine.Transform)
UnityEngine.Debug:ExtractStackTraceNoAlloc (byte*,int,string)
UnityEngine.StackTraceUtility:ExtractStackTrace () (at /home/bokken/build/output/unity/unity/Runtime/Export/Scripting/StackTrace.cs:35)
UnityEngine.DebugLogHandler:Internal_Log (UnityEngine.LogType,UnityEngine.LogOption,string,UnityEngine.Object)
UnityEngine.DebugLogHandler:LogFormat (UnityEngine.LogType,UnityEngine.Object,string,object[])
UnityEngine.Logger:Log (UnityEngine.LogType,object)
UnityEngine.Debug:Log (object)
EnemyGroundNavigator:Update () (at Assets/Scripts/EnemyScripts/EnemyGroundNavigator.cs:52)

(Filename: Assets/Scripts/EnemyScripts/EnemyGroundNavigator.cs Line: 52)

playerCharater (UnityEngine.Transform)
UnityEngine.Debug:ExtractStackTraceNoAlloc (byte*,int,string)
UnityEngine.StackTraceUtility:ExtractStackTrace () (at /home/bokken/build/output/unity/unity/Runtime/Export/Scripting/StackTrace.cs:35)
UnityEngine.DebugLogHandler:Internal_Log (UnityEngine.LogType,UnityEngine.LogOption,string,UnityEngine.Object)
UnityEngine.DebugLogHandler:LogFormat (UnityEngine.LogType,UnityEngine.Object,string,object[])
UnityEngine.Logger:Log (UnityEngine.LogType,object)
UnityEngine.Debug:Log (object)
EnemyGroundNavigator:Update () (at Assets/Scripts/EnemyScripts/EnemyGroundNavigator.cs:52)

(Filename: Assets/Scripts/EnemyScripts/EnemyGroundNavigator.cs Line: 52)

playerCharater (UnityEngine.Transform)
UnityEngine.Debug:ExtractStackTraceNoAlloc (byte*,int,string)
UnityEngine.StackTraceUtility:ExtractStackTrace () (at /home/bokken/build/output/unity/unity/Runtime/Export/Scripting/StackTrace.cs:35)
UnityEngine.DebugLogHandler:Internal_Log (UnityEngine.LogType,UnityEngine.LogOption,string,UnityEngine.Object)
UnityEngine.DebugLogHandler:LogFormat (UnityEngine.LogType,UnityEngine.Object,string,object[])
UnityEngine.Logger:Log (UnityEngine.LogType,object)
UnityEngine.Debug:Log (object)
EnemyGroundNavigator:Update () (at Assets/Scripts/EnemyScripts/EnemyGroundNavigator.cs:52)

(Filename: Assets/Scripts/EnemyScripts/EnemyGroundNavigator.cs Line: 52)

playerCharater (UnityEngine.Transform)
UnityEngine.Debug:ExtractStackTraceNoAlloc (byte*,int,string)
UnityEngine.StackTraceUtility:ExtractStackTrace () (at /home/bokken/build/output/unity/unity/Runtime/Export/Scripting/StackTrace.cs:35)
UnityEngine.DebugLogHandler:Internal_Log (UnityEngine.LogType,UnityEngine.LogOption,string,UnityEngine.Object)
UnityEngine.DebugLogHandler:LogFormat (UnityEngine.LogType,UnityEngine.Object,string,object[])
UnityEngine.Logger:Log (UnityEngine.LogType,object)
UnityEngine.Debug:Log (object)
EnemyGroundNavigator:Update () (at Assets/Scripts/EnemyScripts/EnemyGroundNavigator.cs:52)

(Filename: Assets/Scripts/EnemyScripts/EnemyGroundNavigator.cs Line: 52)

playerCharater (UnityEngine.Transform)
UnityEngine.Debug:ExtractStackTraceNoAlloc (byte*,int,string)
UnityEngine.StackTraceUtility:ExtractStackTrace () (at /home/bokken/build/output/unity/unity/Runtime/Export/Scripting/StackTrace.cs:35)
UnityEngine.DebugLogHandler:Internal_Log (UnityEngine.LogType,UnityEngine.LogOption,string,UnityEngine.Object)
UnityEngine.DebugLogHandler:LogFormat (UnityEngine.LogType,UnityEngine.Object,string,object[])
UnityEngine.Logger:Log (UnityEngine.LogType,object)
UnityEngine.Debug:Log (object)
EnemyGroundNavigator:Update () (at Assets/Scripts/EnemyScripts/EnemyGroundNavigator.cs:52)

(Filename: Assets/Scripts/EnemyScripts/EnemyGroundNavigator.cs Line: 52)

playerCharater (UnityEngine.Transform)
UnityEngine.Debug:ExtractStackTraceNoAlloc (byte*,int,string)
UnityEngine.StackTraceUtility:ExtractStackTrace () (at /home/bokken/build/output/unity/unity/Runtime/Export/Scripting/StackTrace.cs:35)
UnityEngine.DebugLogHandler:Internal_Log (UnityEngine.LogType,UnityEngine.LogOption,string,UnityEngine.Object)
UnityEngine.DebugLogHandler:LogFormat (UnityEngine.LogType,UnityEngine.Object,string,object[])
UnityEngine.Logger:Log (UnityEngine.LogType,object)
UnityEngine.Debug:Log (object)
EnemyGroundNavigator:Update () (at Assets/Scripts/EnemyScripts/EnemyGroundNavigator.cs:52)

(Filename: Assets/Scripts/EnemyScripts/EnemyGroundNavigator.cs Line: 52)

playerCharater (UnityEngine.Transform)
UnityEngine.Debug:ExtractStackTraceNoAlloc (byte*,int,string)
UnityEngine.StackTraceUtility:ExtractStackTrace () (at /home/bokken/build/output/unity/unity/Runtime/Export/Scripting/StackTrace.cs:35)
UnityEngine.DebugLogHandler:Internal_Log (UnityEngine.LogType,UnityEngine.LogOption,string,UnityEngine.Object)
UnityEngine.DebugLogHandler:LogFormat (UnityEngine.LogType,UnityEngine.Object,string,object[])
UnityEngine.Logger:Log (UnityEngine.LogType,object)
UnityEngine.Debug:Log (object)
EnemyGroundNavigator:Update () (at Assets/Scripts/EnemyScripts/EnemyGroundNavigator.cs:52)

(Filename: Assets/Scripts/EnemyScripts/EnemyGroundNavigator.cs Line: 52)

playerCharater (UnityEngine.Transform)
UnityEngine.Debug:ExtractStackTraceNoAlloc (byte*,int,string)
UnityEngine.StackTraceUtility:ExtractStackTrace () (at /home/bokken/build/output/unity/unity/Runtime/Export/Scripting/StackTrace.cs:35)
UnityEngine.DebugLogHandler:Internal_Log (UnityEngine.LogType,UnityEngine.LogOption,string,UnityEngine.Object)
UnityEngine.DebugLogHandler:LogFormat (UnityEngine.LogType,UnityEngine.Object,string,object[])
UnityEngine.Logger:Log (UnityEngine.LogType,object)
UnityEngine.Debug:Log (object)
EnemyGroundNavigator:Update () (at Assets/Scripts/EnemyScripts/EnemyGroundNavigator.cs:52)

(Filename: Assets/Scripts/EnemyScripts/EnemyGroundNavigator.cs Line: 52)

playerCharater (UnityEngine.Transform)
UnityEngine.Debug:ExtractStackTraceNoAlloc (byte*,int,string)
UnityEngine.StackTraceUtility:ExtractStackTrace () (at /home/bokken/build/output/unity/unity/Runtime/Export/Scripting/StackTrace.cs:35)
UnityEngine.DebugLogHandler:Internal_Log (UnityEngine.LogType,UnityEngine.LogOption,string,UnityEngine.Object)
UnityEngine.DebugLogHandler:LogFormat (UnityEngine.LogType,UnityEngine.Object,string,object[])
UnityEngine.Logger:Log (UnityEngine.LogType,object)
UnityEngine.Debug:Log (object)
EnemyGroundNavigator:Update () (at Assets/Scripts/EnemyScripts/EnemyGroundNavigator.cs:52)

(Filename: Assets/Scripts/EnemyScripts/EnemyGroundNavigator.cs Line: 52)

playerCharater (UnityEngine.Transform)
UnityEngine.Debug:ExtractStackTraceNoAlloc (byte*,int,string)
UnityEngine.StackTraceUtility:ExtractStackTrace () (at /home/bokken/build/output/unity/unity/Runtime/Export/Scripting/StackTrace.cs:35)
UnityEngine.DebugLogHandler:Internal_Log (UnityEngine.LogType,UnityEngine.LogOption,string,UnityEngine.Object)
UnityEngine.DebugLogHandler:LogFormat (UnityEngine.LogType,UnityEngine.Object,string,object[])
UnityEngine.Logger:Log (UnityEngine.LogType,object)
UnityEngine.Debug:Log (object)
EnemyGroundNavigator:Update () (at Assets/Scripts/EnemyScripts/EnemyGroundNavigator.cs:52)

(Filename: Assets/Scripts/EnemyScripts/EnemyGroundNavigator.cs Line: 52)

playerCharater (UnityEngine.Transform)
UnityEngine.Debug:ExtractStackTraceNoAlloc (byte*,int,string)
UnityEngine.StackTraceUtility:ExtractStackTrace () (at /home/bokken/build/output/unity/unity/Runtime/Export/Scripting/StackTrace.cs:35)
UnityEngine.DebugLogHandler:Internal_Log (UnityEngine.LogType,UnityEngine.LogOption,string,UnityEngine.Object)
UnityEngine.DebugLogHandler:LogFormat (UnityEngine.LogType,UnityEngine.Object,string,object[])
UnityEngine.Logger:Log (UnityEngine.LogType,object)
UnityEngine.Debug:Log (object)
EnemyGroundNavigator:Update () (at Assets/Scripts/EnemyScripts/EnemyGroundNavigator.cs:52)

(Filename: Assets/Scripts/EnemyScripts/EnemyGroundNavigator.cs Line: 52)

playerCharater (UnityEngine.Transform)
UnityEngine.Debug:ExtractStackTraceNoAlloc (byte*,int,string)
UnityEngine.StackTraceUtility:ExtractStackTrace () (at /home/bokken/build/output/unity/unity/Runtime/Export/Scripting/StackTrace.cs:35)
UnityEngine.DebugLogHandler:Internal_Log (UnityEngine.LogType,UnityEngine.LogOption,string,UnityEngine.Object)
UnityEngine.DebugLogHandler:LogFormat (UnityEngine.LogType,UnityEngine.Object,string,object[])
UnityEngine.Logger:Log (UnityEngine.LogType,object)
UnityEngine.Debug:Log (object)
EnemyGroundNavigator:Update () (at Assets/Scripts/EnemyScripts/EnemyGroundNavigator.cs:52)

(Filename: Assets/Scripts/EnemyScripts/EnemyGroundNavigator.cs Line: 52)

playerCharater (UnityEngine.Transform)
UnityEngine.Debug:ExtractStackTraceNoAlloc (byte*,int,string)
UnityEngine.StackTraceUtility:ExtractStackTrace () (at /home/bokken/build/output/unity/unity/Runtime/Export/Scripting/StackTrace.cs:35)
UnityEngine.DebugLogHandler:Internal_Log (UnityEngine.LogType,UnityEngine.LogOption,string,UnityEngine.Object)
UnityEngine.DebugLogHandler:LogFormat (UnityEngine.LogType,UnityEngine.Object,string,object[])
UnityEngine.Logger:Log (UnityEngine.LogType,object)
UnityEngine.Debug:Log (object)
EnemyGroundNavigator:Update () (at Assets/Scripts/EnemyScripts/EnemyGroundNavigator.cs:52)

(Filename: Assets/Scripts/EnemyScripts/EnemyGroundNavigator.cs Line: 52)

playerCharater (UnityEngine.Transform)
UnityEngine.Debug:ExtractStackTraceNoAlloc (byte*,int,string)
UnityEngine.StackTraceUtility:ExtractStackTrace () (at /home/bokken/build/output/unity/unity/Runtime/Export/Scripting/StackTrace.cs:35)
UnityEngine.DebugLogHandler:Internal_Log (UnityEngine.LogType,UnityEngine.LogOption,string,UnityEngine.Object)
UnityEngine.DebugLogHandler:LogFormat (UnityEngine.LogType,UnityEngine.Object,string,object[])
UnityEngine.Logger:Log (UnityEngine.LogType,object)
UnityEngine.Debug:Log (object)
EnemyGroundNavigator:Update () (at Assets/Scripts/EnemyScripts/EnemyGroundNavigator.cs:52)

(Filename: Assets/Scripts/EnemyScripts/EnemyGroundNavigator.cs Line: 52)

playerCharater (UnityEngine.Transform)
UnityEngine.Debug:ExtractStackTraceNoAlloc (byte*,int,string)
UnityEngine.StackTraceUtility:ExtractStackTrace () (at /home/bokken/build/output/unity/unity/Runtime/Export/Scripting/StackTrace.cs:35)
UnityEngine.DebugLogHandler:Internal_Log (UnityEngine.LogType,UnityEngine.LogOption,string,UnityEngine.Object)
UnityEngine.DebugLogHandler:LogFormat (UnityEngine.LogType,UnityEngine.Object,string,object[])
UnityEngine.Logger:Log (UnityEngine.LogType,object)
UnityEngine.Debug:Log (object)
EnemyGroundNavigator:Update () (at Assets/Scripts/EnemyScripts/EnemyGroundNavigator.cs:52)

(Filename: Assets/Scripts/EnemyScripts/EnemyGroundNavigator.cs Line: 52)

playerCharater (UnityEngine.Transform)
UnityEngine.Debug:ExtractStackTraceNoAlloc (byte*,int,string)
UnityEngine.StackTraceUtility:ExtractStackTrace () (at /home/bokken/build/output/unity/unity/Runtime/Export/Scripting/StackTrace.cs:35)
UnityEngine.DebugLogHandler:Internal_Log (UnityEngine.LogType,UnityEngine.LogOption,string,UnityEngine.Object)
UnityEngine.DebugLogHandler:LogFormat (UnityEngine.LogType,UnityEngine.Object,string,object[])
UnityEngine.Logger:Log (UnityEngine.LogType,object)
UnityEngine.Debug:Log (object)
EnemyGroundNavigator:Update () (at Assets/Scripts/EnemyScripts/EnemyGroundNavigator.cs:52)

(Filename: Assets/Scripts/EnemyScripts/EnemyGroundNavigator.cs Line: 52)

playerCharater (UnityEngine.Transform)
UnityEngine.Debug:ExtractStackTraceNoAlloc (byte*,int,string)
UnityEngine.StackTraceUtility:ExtractStackTrace () (at /home/bokken/build/output/unity/unity/Runtime/Export/Scripting/StackTrace.cs:35)
UnityEngine.DebugLogHandler:Internal_Log (UnityEngine.LogType,UnityEngine.LogOption,string,UnityEngine.Object)
UnityEngine.DebugLogHandler:LogFormat (UnityEngine.LogType,UnityEngine.Object,string,object[])
UnityEngine.Logger:Log (UnityEngine.LogType,object)
UnityEngine.Debug:Log (object)
EnemyGroundNavigator:Update () (at Assets/Scripts/EnemyScripts/EnemyGroundNavigator.cs:52)

(Filename: Assets/Scripts/EnemyScripts/EnemyGroundNavigator.cs Line: 52)

playerCharater (UnityEngine.Transform)
UnityEngine.Debug:ExtractStackTraceNoAlloc (byte*,int,string)
UnityEngine.StackTraceUtility:ExtractStackTrace () (at /home/bokken/build/output/unity/unity/Runtime/Export/Scripting/StackTrace.cs:35)
UnityEngine.DebugLogHandler:Internal_Log (UnityEngine.LogType,UnityEngine.LogOption,string,UnityEngine.Object)
UnityEngine.DebugLogHandler:LogFormat (UnityEngine.LogType,UnityEngine.Object,string,object[])
UnityEngine.Logger:Log (UnityEngine.LogType,object)
UnityEngine.Debug:Log (object)
EnemyGroundNavigator:Update () (at Assets/Scripts/EnemyScripts/EnemyGroundNavigator.cs:52)

(Filename: Assets/Scripts/EnemyScripts/EnemyGroundNavigator.cs Line: 52)

playerCharater (UnityEngine.Transform)
UnityEngine.Debug:ExtractStackTraceNoAlloc (byte*,int,string)
UnityEngine.StackTraceUtility:ExtractStackTrace () (at /home/bokken/build/output/unity/unity/Runtime/Export/Scripting/StackTrace.cs:35)
UnityEngine.DebugLogHandler:Internal_Log (UnityEngine.LogType,UnityEngine.LogOption,string,UnityEngine.Object)
UnityEngine.DebugLogHandler:LogFormat (UnityEngine.LogType,UnityEngine.Object,string,object[])
UnityEngine.Logger:Log (UnityEngine.LogType,object)
UnityEngine.Debug:Log (object)
EnemyGroundNavigator:Update () (at Assets/Scripts/EnemyScripts/EnemyGroundNavigator.cs:52)

(Filename: Assets/Scripts/EnemyScripts/EnemyGroundNavigator.cs Line: 52)

playerCharater (UnityEngine.Transform)
UnityEngine.Debug:ExtractStackTraceNoAlloc (byte*,int,string)
UnityEngine.StackTraceUtility:ExtractStackTrace () (at /home/bokken/build/output/unity/unity/Runtime/Export/Scripting/StackTrace.cs:35)
UnityEngine.DebugLogHandler:Internal_Log (UnityEngine.LogType,UnityEngine.LogOption,string,UnityEngine.Object)
UnityEngine.DebugLogHandler:LogFormat (UnityEngine.LogType,UnityEngine.Object,string,object[])
UnityEngine.Logger:Log (UnityEngine.LogType,object)
UnityEngine.Debug:Log (object)
EnemyGroundNavigator:Update () (at Assets/Scripts/EnemyScripts/EnemyGroundNavigator.cs:52)

(Filename: Assets/Scripts/EnemyScripts/EnemyGroundNavigator.cs Line: 52)

playerCharater (UnityEngine.Transform)
UnityEngine.Debug:ExtractStackTraceNoAlloc (byte*,int,string)
UnityEngine.StackTraceUtility:ExtractStackTrace () (at /home/bokken/build/output/unity/unity/Runtime/Export/Scripting/StackTrace.cs:35)
UnityEngine.DebugLogHandler:Internal_Log (UnityEngine.LogType,UnityEngine.LogOption,string,UnityEngine.Object)
UnityEngine.DebugLogHandler:LogFormat (UnityEngine.LogType,UnityEngine.Object,string,object[])
UnityEngine.Logger:Log (UnityEngine.LogType,object)
UnityEngine.Debug:Log (object)
EnemyGroundNavigator:Update () (at Assets/Scripts/EnemyScripts/EnemyGroundNavigator.cs:52)

(Filename: Assets/Scripts/EnemyScripts/EnemyGroundNavigator.cs Line: 52)

playerCharater (UnityEngine.Transform)
UnityEngine.Debug:ExtractStackTraceNoAlloc (byte*,int,string)
UnityEngine.StackTraceUtility:ExtractStackTrace () (at /home/bokken/build/output/unity/unity/Runtime/Export/Scripting/StackTrace.cs:35)
UnityEngine.DebugLogHandler:Internal_Log (UnityEngine.LogType,UnityEngine.LogOption,string,UnityEngine.Object)
UnityEngine.DebugLogHandler:LogFormat (UnityEngine.LogType,UnityEngine.Object,string,object[])
UnityEngine.Logger:Log (UnityEngine.LogType,object)
UnityEngine.Debug:Log (object)
EnemyGroundNavigator:Update () (at Assets/Scripts/EnemyScripts/EnemyGroundNavigator.cs:52)

(Filename: Assets/Scripts/EnemyScripts/EnemyGroundNavigator.cs Line: 52)

playerCharater (UnityEngine.Transform)
UnityEngine.Debug:ExtractStackTraceNoAlloc (byte*,int,string)
UnityEngine.StackTraceUtility:ExtractStackTrace () (at /home/bokken/build/output/unity/unity/Runtime/Export/Scripting/StackTrace.cs:35)
UnityEngine.DebugLogHandler:Internal_Log (UnityEngine.LogType,UnityEngine.LogOption,string,UnityEngine.Object)
UnityEngine.DebugLogHandler:LogFormat (UnityEngine.LogType,UnityEngine.Object,string,object[])
UnityEngine.Logger:Log (UnityEngine.LogType,object)
UnityEngine.Debug:Log (object)
EnemyGroundNavigator:Update () (at Assets/Scripts/EnemyScripts/EnemyGroundNavigator.cs:52)

(Filename: Assets/Scripts/EnemyScripts/EnemyGroundNavigator.cs Line: 52)

playerCharater (UnityEngine.Transform)
UnityEngine.Debug:ExtractStackTraceNoAlloc (byte*,int,string)
UnityEngine.StackTraceUtility:ExtractStackTrace () (at /home/bokken/build/output/unity/unity/Runtime/Export/Scripting/StackTrace.cs:35)
UnityEngine.DebugLogHandler:Internal_Log (UnityEngine.LogType,UnityEngine.LogOption,string,UnityEngine.Object)
UnityEngine.DebugLogHandler:LogFormat (UnityEngine.LogType,UnityEngine.Object,string,object[])
UnityEngine.Logger:Log (UnityEngine.LogType,object)
UnityEngine.Debug:Log (object)
EnemyGroundNavigator:Update () (at Assets/Scripts/EnemyScripts/EnemyGroundNavigator.cs:52)

(Filename: Assets/Scripts/EnemyScripts/EnemyGroundNavigator.cs Line: 52)

playerCharater (UnityEngine.Transform)
UnityEngine.Debug:ExtractStackTraceNoAlloc (byte*,int,string)
UnityEngine.StackTraceUtility:ExtractStackTrace () (at /home/bokken/build/output/unity/unity/Runtime/Export/Scripting/StackTrace.cs:35)
UnityEngine.DebugLogHandler:Internal_Log (UnityEngine.LogType,UnityEngine.LogOption,string,UnityEngine.Object)
UnityEngine.DebugLogHandler:LogFormat (UnityEngine.LogType,UnityEngine.Object,string,object[])
UnityEngine.Logger:Log (UnityEngine.LogType,object)
UnityEngine.Debug:Log (object)
EnemyGroundNavigator:Update () (at Assets/Scripts/EnemyScripts/EnemyGroundNavigator.cs:52)

(Filename: Assets/Scripts/EnemyScripts/EnemyGroundNavigator.cs Line: 52)

playerCharater (UnityEngine.Transform)
UnityEngine.Debug:ExtractStackTraceNoAlloc (byte*,int,string)
UnityEngine.StackTraceUtility:ExtractStackTrace () (at /home/bokken/build/output/unity/unity/Runtime/Export/Scripting/StackTrace.cs:35)
UnityEngine.DebugLogHandler:Internal_Log (UnityEngine.LogType,UnityEngine.LogOption,string,UnityEngine.Object)
UnityEngine.DebugLogHandler:LogFormat (UnityEngine.LogType,UnityEngine.Object,string,object[])
UnityEngine.Logger:Log (UnityEngine.LogType,object)
UnityEngine.Debug:Log (object)
EnemyGroundNavigator:Update () (at Assets/Scripts/EnemyScripts/EnemyGroundNavigator.cs:52)

(Filename: Assets/Scripts/EnemyScripts/EnemyGroundNavigator.cs Line: 52)

playerCharater (UnityEngine.Transform)
UnityEngine.Debug:ExtractStackTraceNoAlloc (byte*,int,string)
UnityEngine.StackTraceUtility:ExtractStackTrace () (at /home/bokken/build/output/unity/unity/Runtime/Export/Scripting/StackTrace.cs:35)
UnityEngine.DebugLogHandler:Internal_Log (UnityEngine.LogType,UnityEngine.LogOption,string,UnityEngine.Object)
UnityEngine.DebugLogHandler:LogFormat (UnityEngine.LogType,UnityEngine.Object,string,object[])
UnityEngine.Logger:Log (UnityEngine.LogType,object)
UnityEngine.Debug:Log (object)
EnemyGroundNavigator:Update () (at Assets/Scripts/EnemyScripts/EnemyGroundNavigator.cs:52)

(Filename: Assets/Scripts/EnemyScripts/EnemyGroundNavigator.cs Line: 52)

playerCharater (UnityEngine.Transform)
UnityEngine.Debug:ExtractStackTraceNoAlloc (byte*,int,string)
UnityEngine.StackTraceUtility:ExtractStackTrace () (at /home/bokken/build/output/unity/unity/Runtime/Export/Scripting/StackTrace.cs:35)
UnityEngine.DebugLogHandler:Internal_Log (UnityEngine.LogType,UnityEngine.LogOption,string,UnityEngine.Object)
UnityEngine.DebugLogHandler:LogFormat (UnityEngine.LogType,UnityEngine.Object,string,object[])
UnityEngine.Logger:Log (UnityEngine.LogType,object)
UnityEngine.Debug:Log (object)
EnemyGroundNavigator:Update () (at Assets/Scripts/EnemyScripts/EnemyGroundNavigator.cs:52)

(Filename: Assets/Scripts/EnemyScripts/EnemyGroundNavigator.cs Line: 52)

playerCharater (UnityEngine.Transform)
UnityEngine.Debug:ExtractStackTraceNoAlloc (byte*,int,string)
UnityEngine.StackTraceUtility:ExtractStackTrace () (at /home/bokken/build/output/unity/unity/Runtime/Export/Scripting/StackTrace.cs:35)
UnityEngine.DebugLogHandler:Internal_Log (UnityEngine.LogType,UnityEngine.LogOption,string,UnityEngine.Object)
UnityEngine.DebugLogHandler:LogFormat (UnityEngine.LogType,UnityEngine.Object,string,object[])
UnityEngine.Logger:Log (UnityEngine.LogType,object)
UnityEngine.Debug:Log (object)
EnemyGroundNavigator:Update () (at Assets/Scripts/EnemyScripts/EnemyGroundNavigator.cs:52)

(Filename: Assets/Scripts/EnemyScripts/EnemyGroundNavigator.cs Line: 52)

playerCharater (UnityEngine.Transform)
UnityEngine.Debug:ExtractStackTraceNoAlloc (byte*,int,string)
UnityEngine.StackTraceUtility:ExtractStackTrace () (at /home/bokken/build/output/unity/unity/Runtime/Export/Scripting/StackTrace.cs:35)
UnityEngine.DebugLogHandler:Internal_Log (UnityEngine.LogType,UnityEngine.LogOption,string,UnityEngine.Object)
UnityEngine.DebugLogHandler:LogFormat (UnityEngine.LogType,UnityEngine.Object,string,object[])
UnityEngine.Logger:Log (UnityEngine.LogType,object)
UnityEngine.Debug:Log (object)
EnemyGroundNavigator:Update () (at Assets/Scripts/EnemyScripts/EnemyGroundNavigator.cs:52)

(Filename: Assets/Scripts/EnemyScripts/EnemyGroundNavigator.cs Line: 52)

playerCharater (UnityEngine.Transform)
UnityEngine.Debug:ExtractStackTraceNoAlloc (byte*,int,string)
UnityEngine.StackTraceUtility:ExtractStackTrace () (at /home/bokken/build/output/unity/unity/Runtime/Export/Scripting/StackTrace.cs:35)
UnityEngine.DebugLogHandler:Internal_Log (UnityEngine.LogType,UnityEngine.LogOption,string,UnityEngine.Object)
UnityEngine.DebugLogHandler:LogFormat (UnityEngine.LogType,UnityEngine.Object,string,object[])
UnityEngine.Logger:Log (UnityEngine.LogType,object)
UnityEngine.Debug:Log (object)
EnemyGroundNavigator:Update () (at Assets/Scripts/EnemyScripts/EnemyGroundNavigator.cs:52)

(Filename: Assets/Scripts/EnemyScripts/EnemyGroundNavigator.cs Line: 52)

playerCharater (UnityEngine.Transform)
UnityEngine.Debug:ExtractStackTraceNoAlloc (byte*,int,string)
UnityEngine.StackTraceUtility:ExtractStackTrace () (at /home/bokken/build/output/unity/unity/Runtime/Export/Scripting/StackTrace.cs:35)
UnityEngine.DebugLogHandler:Internal_Log (UnityEngine.LogType,UnityEngine.LogOption,string,UnityEngine.Object)
UnityEngine.DebugLogHandler:LogFormat (UnityEngine.LogType,UnityEngine.Object,string,object[])
UnityEngine.Logger:Log (UnityEngine.LogType,object)
UnityEngine.Debug:Log (object)
EnemyGroundNavigator:Update () (at Assets/Scripts/EnemyScripts/EnemyGroundNavigator.cs:52)

(Filename: Assets/Scripts/EnemyScripts/EnemyGroundNavigator.cs Line: 52)

playerCharater (UnityEngine.Transform)
UnityEngine.Debug:ExtractStackTraceNoAlloc (byte*,int,string)
UnityEngine.StackTraceUtility:ExtractStackTrace () (at /home/bokken/build/output/unity/unity/Runtime/Export/Scripting/StackTrace.cs:35)
UnityEngine.DebugLogHandler:Internal_Log (UnityEngine.LogType,UnityEngine.LogOption,string,UnityEngine.Object)
UnityEngine.DebugLogHandler:LogFormat (UnityEngine.LogType,UnityEngine.Object,string,object[])
UnityEngine.Logger:Log (UnityEngine.LogType,object)
UnityEngine.Debug:Log (object)
EnemyGroundNavigator:Update () (at Assets/Scripts/EnemyScripts/EnemyGroundNavigator.cs:52)

(Filename: Assets/Scripts/EnemyScripts/EnemyGroundNavigator.cs Line: 52)

playerCharater (UnityEngine.Transform)
UnityEngine.Debug:ExtractStackTraceNoAlloc (byte*,int,string)
UnityEngine.StackTraceUtility:ExtractStackTrace () (at /home/bokken/build/output/unity/unity/Runtime/Export/Scripting/StackTrace.cs:35)
UnityEngine.DebugLogHandler:Internal_Log (UnityEngine.LogType,UnityEngine.LogOption,string,UnityEngine.Object)
UnityEngine.DebugLogHandler:LogFormat (UnityEngine.LogType,UnityEngine.Object,string,object[])
UnityEngine.Logger:Log (UnityEngine.LogType,object)
UnityEngine.Debug:Log (object)
EnemyGroundNavigator:Update () (at Assets/Scripts/EnemyScripts/EnemyGroundNavigator.cs:52)

(Filename: Assets/Scripts/EnemyScripts/EnemyGroundNavigator.cs Line: 52)

playerCharater (UnityEngine.Transform)
UnityEngine.Debug:ExtractStackTraceNoAlloc (byte*,int,string)
UnityEngine.StackTraceUtility:ExtractStackTrace () (at /home/bokken/build/output/unity/unity/Runtime/Export/Scripting/StackTrace.cs:35)
UnityEngine.DebugLogHandler:Internal_Log (UnityEngine.LogType,UnityEngine.LogOption,string,UnityEngine.Object)
UnityEngine.DebugLogHandler:LogFormat (UnityEngine.LogType,UnityEngine.Object,string,object[])
UnityEngine.Logger:Log (UnityEngine.LogType,object)
UnityEngine.Debug:Log (object)
EnemyGroundNavigator:Update () (at Assets/Scripts/EnemyScripts/EnemyGroundNavigator.cs:52)

(Filename: Assets/Scripts/EnemyScripts/EnemyGroundNavigator.cs Line: 52)

playerCharater (UnityEngine.Transform)
UnityEngine.Debug:ExtractStackTraceNoAlloc (byte*,int,string)
UnityEngine.StackTraceUtility:ExtractStackTrace () (at /home/bokken/build/output/unity/unity/Runtime/Export/Scripting/StackTrace.cs:35)
UnityEngine.DebugLogHandler:Internal_Log (UnityEngine.LogType,UnityEngine.LogOption,string,UnityEngine.Object)
UnityEngine.DebugLogHandler:LogFormat (UnityEngine.LogType,UnityEngine.Object,string,object[])
UnityEngine.Logger:Log (UnityEngine.LogType,object)
UnityEngine.Debug:Log (object)
EnemyGroundNavigator:Update () (at Assets/Scripts/EnemyScripts/EnemyGroundNavigator.cs:52)

(Filename: Assets/Scripts/EnemyScripts/EnemyGroundNavigator.cs Line: 52)

playerCharater (UnityEngine.Transform)
UnityEngine.Debug:ExtractStackTraceNoAlloc (byte*,int,string)
UnityEngine.StackTraceUtility:ExtractStackTrace () (at /home/bokken/build/output/unity/unity/Runtime/Export/Scripting/StackTrace.cs:35)
UnityEngine.DebugLogHandler:Internal_Log (UnityEngine.LogType,UnityEngine.LogOption,string,UnityEngine.Object)
UnityEngine.DebugLogHandler:LogFormat (UnityEngine.LogType,UnityEngine.Object,string,object[])
UnityEngine.Logger:Log (UnityEngine.LogType,object)
UnityEngine.Debug:Log (object)
EnemyGroundNavigator:Update () (at Assets/Scripts/EnemyScripts/EnemyGroundNavigator.cs:52)

(Filename: Assets/Scripts/EnemyScripts/EnemyGroundNavigator.cs Line: 52)

playerCharater (UnityEngine.Transform)
UnityEngine.Debug:ExtractStackTraceNoAlloc (byte*,int,string)
UnityEngine.StackTraceUtility:ExtractStackTrace () (at /home/bokken/build/output/unity/unity/Runtime/Export/Scripting/StackTrace.cs:35)
UnityEngine.DebugLogHandler:Internal_Log (UnityEngine.LogType,UnityEngine.LogOption,string,UnityEngine.Object)
UnityEngine.DebugLogHandler:LogFormat (UnityEngine.LogType,UnityEngine.Object,string,object[])
UnityEngine.Logger:Log (UnityEngine.LogType,object)
UnityEngine.Debug:Log (object)
EnemyGroundNavigator:Update () (at Assets/Scripts/EnemyScripts/EnemyGroundNavigator.cs:52)

(Filename: Assets/Scripts/EnemyScripts/EnemyGroundNavigator.cs Line: 52)

playerCharater (UnityEngine.Transform)
UnityEngine.Debug:ExtractStackTraceNoAlloc (byte*,int,string)
UnityEngine.StackTraceUtility:ExtractStackTrace () (at /home/bokken/build/output/unity/unity/Runtime/Export/Scripting/StackTrace.cs:35)
UnityEngine.DebugLogHandler:Internal_Log (UnityEngine.LogType,UnityEngine.LogOption,string,UnityEngine.Object)
UnityEngine.DebugLogHandler:LogFormat (UnityEngine.LogType,UnityEngine.Object,string,object[])
UnityEngine.Logger:Log (UnityEngine.LogType,object)
UnityEngine.Debug:Log (object)
EnemyGroundNavigator:Update () (at Assets/Scripts/EnemyScripts/EnemyGroundNavigator.cs:52)

(Filename: Assets/Scripts/EnemyScripts/EnemyGroundNavigator.cs Line: 52)

playerCharater (UnityEngine.Transform)
UnityEngine.Debug:ExtractStackTraceNoAlloc (byte*,int,string)
UnityEngine.StackTraceUtility:ExtractStackTrace () (at /home/bokken/build/output/unity/unity/Runtime/Export/Scripting/StackTrace.cs:35)
UnityEngine.DebugLogHandler:Internal_Log (UnityEngine.LogType,UnityEngine.LogOption,string,UnityEngine.Object)
UnityEngine.DebugLogHandler:LogFormat (UnityEngine.LogType,UnityEngine.Object,string,object[])
UnityEngine.Logger:Log (UnityEngine.LogType,object)
UnityEngine.Debug:Log (object)
EnemyGroundNavigator:Update () (at Assets/Scripts/EnemyScripts/EnemyGroundNavigator.cs:52)

(Filename: Assets/Scripts/EnemyScripts/EnemyGroundNavigator.cs Line: 52)

playerCharater (UnityEngine.Transform)
UnityEngine.Debug:ExtractStackTraceNoAlloc (byte*,int,string)
UnityEngine.StackTraceUtility:ExtractStackTrace () (at /home/bokken/build/output/unity/unity/Runtime/Export/Scripting/StackTrace.cs:35)
UnityEngine.DebugLogHandler:Internal_Log (UnityEngine.LogType,UnityEngine.LogOption,string,UnityEngine.Object)
UnityEngine.DebugLogHandler:LogFormat (UnityEngine.LogType,UnityEngine.Object,string,object[])
UnityEngine.Logger:Log (UnityEngine.LogType,object)
UnityEngine.Debug:Log (object)
EnemyGroundNavigator:Update () (at Assets/Scripts/EnemyScripts/EnemyGroundNavigator.cs:52)

(Filename: Assets/Scripts/EnemyScripts/EnemyGroundNavigator.cs Line: 52)

playerCharater (UnityEngine.Transform)
UnityEngine.Debug:ExtractStackTraceNoAlloc (byte*,int,string)
UnityEngine.StackTraceUtility:ExtractStackTrace () (at /home/bokken/build/output/unity/unity/Runtime/Export/Scripting/StackTrace.cs:35)
UnityEngine.DebugLogHandler:Internal_Log (UnityEngine.LogType,UnityEngine.LogOption,string,UnityEngine.Object)
UnityEngine.DebugLogHandler:LogFormat (UnityEngine.LogType,UnityEngine.Object,string,object[])
UnityEngine.Logger:Log (UnityEngine.LogType,object)
UnityEngine.Debug:Log (object)
EnemyGroundNavigator:Update () (at Assets/Scripts/EnemyScripts/EnemyGroundNavigator.cs:52)

(Filename: Assets/Scripts/EnemyScripts/EnemyGroundNavigator.cs Line: 52)

playerCharater (UnityEngine.Transform)
UnityEngine.Debug:ExtractStackTraceNoAlloc (byte*,int,string)
UnityEngine.StackTraceUtility:ExtractStackTrace () (at /home/bokken/build/output/unity/unity/Runtime/Export/Scripting/StackTrace.cs:35)
UnityEngine.DebugLogHandler:Internal_Log (UnityEngine.LogType,UnityEngine.LogOption,string,UnityEngine.Object)
UnityEngine.DebugLogHandler:LogFormat (UnityEngine.LogType,UnityEngine.Object,string,object[])
UnityEngine.Logger:Log (UnityEngine.LogType,object)
UnityEngine.Debug:Log (object)
EnemyGroundNavigator:Update () (at Assets/Scripts/EnemyScripts/EnemyGroundNavigator.cs:52)

(Filename: Assets/Scripts/EnemyScripts/EnemyGroundNavigator.cs Line: 52)

playerCharater (UnityEngine.Transform)
UnityEngine.Debug:ExtractStackTraceNoAlloc (byte*,int,string)
UnityEngine.StackTraceUtility:ExtractStackTrace () (at /home/bokken/build/output/unity/unity/Runtime/Export/Scripting/StackTrace.cs:35)
UnityEngine.DebugLogHandler:Internal_Log (UnityEngine.LogType,UnityEngine.LogOption,string,UnityEngine.Object)
UnityEngine.DebugLogHandler:LogFormat (UnityEngine.LogType,UnityEngine.Object,string,object[])
UnityEngine.Logger:Log (UnityEngine.LogType,object)
UnityEngine.Debug:Log (object)
EnemyGroundNavigator:Update () (at Assets/Scripts/EnemyScripts/EnemyGroundNavigator.cs:52)

(Filename: Assets/Scripts/EnemyScripts/EnemyGroundNavigator.cs Line: 52)

playerCharater (UnityEngine.Transform)
UnityEngine.Debug:ExtractStackTraceNoAlloc (byte*,int,string)
UnityEngine.StackTraceUtility:ExtractStackTrace () (at /home/bokken/build/output/unity/unity/Runtime/Export/Scripting/StackTrace.cs:35)
UnityEngine.DebugLogHandler:Internal_Log (UnityEngine.LogType,UnityEngine.LogOption,string,UnityEngine.Object)
UnityEngine.DebugLogHandler:LogFormat (UnityEngine.LogType,UnityEngine.Object,string,object[])
UnityEngine.Logger:Log (UnityEngine.LogType,object)
UnityEngine.Debug:Log (object)
EnemyGroundNavigator:Update () (at Assets/Scripts/EnemyScripts/EnemyGroundNavigator.cs:52)

(Filename: Assets/Scripts/EnemyScripts/EnemyGroundNavigator.cs Line: 52)

playerCharater (UnityEngine.Transform)
UnityEngine.Debug:ExtractStackTraceNoAlloc (byte*,int,string)
UnityEngine.StackTraceUtility:ExtractStackTrace () (at /home/bokken/build/output/unity/unity/Runtime/Export/Scripting/StackTrace.cs:35)
UnityEngine.DebugLogHandler:Internal_Log (UnityEngine.LogType,UnityEngine.LogOption,string,UnityEngine.Object)
UnityEngine.DebugLogHandler:LogFormat (UnityEngine.LogType,UnityEngine.Object,string,object[])
UnityEngine.Logger:Log (UnityEngine.LogType,object)
UnityEngine.Debug:Log (object)
EnemyGroundNavigator:Update () (at Assets/Scripts/EnemyScripts/EnemyGroundNavigator.cs:52)

(Filename: Assets/Scripts/EnemyScripts/EnemyGroundNavigator.cs Line: 52)

playerCharater (UnityEngine.Transform)
UnityEngine.Debug:ExtractStackTraceNoAlloc (byte*,int,string)
UnityEngine.StackTraceUtility:ExtractStackTrace () (at /home/bokken/build/output/unity/unity/Runtime/Export/Scripting/StackTrace.cs:35)
UnityEngine.DebugLogHandler:Internal_Log (UnityEngine.LogType,UnityEngine.LogOption,string,UnityEngine.Object)
UnityEngine.DebugLogHandler:LogFormat (UnityEngine.LogType,UnityEngine.Object,string,object[])
UnityEngine.Logger:Log (UnityEngine.LogType,object)
UnityEngine.Debug:Log (object)
EnemyGroundNavigator:Update () (at Assets/Scripts/EnemyScripts/EnemyGroundNavigator.cs:52)

(Filename: Assets/Scripts/EnemyScripts/EnemyGroundNavigator.cs Line: 52)

playerCharater (UnityEngine.Transform)
UnityEngine.Debug:ExtractStackTraceNoAlloc (byte*,int,string)
UnityEngine.StackTraceUtility:ExtractStackTrace () (at /home/bokken/build/output/unity/unity/Runtime/Export/Scripting/StackTrace.cs:35)
UnityEngine.DebugLogHandler:Internal_Log (UnityEngine.LogType,UnityEngine.LogOption,string,UnityEngine.Object)
UnityEngine.DebugLogHandler:LogFormat (UnityEngine.LogType,UnityEngine.Object,string,object[])
UnityEngine.Logger:Log (UnityEngine.LogType,object)
UnityEngine.Debug:Log (object)
EnemyGroundNavigator:Update () (at Assets/Scripts/EnemyScripts/EnemyGroundNavigator.cs:52)

(Filename: Assets/Scripts/EnemyScripts/EnemyGroundNavigator.cs Line: 52)

playerCharater (UnityEngine.Transform)
UnityEngine.Debug:ExtractStackTraceNoAlloc (byte*,int,string)
UnityEngine.StackTraceUtility:ExtractStackTrace () (at /home/bokken/build/output/unity/unity/Runtime/Export/Scripting/StackTrace.cs:35)
UnityEngine.DebugLogHandler:Internal_Log (UnityEngine.LogType,UnityEngine.LogOption,string,UnityEngine.Object)
UnityEngine.DebugLogHandler:LogFormat (UnityEngine.LogType,UnityEngine.Object,string,object[])
UnityEngine.Logger:Log (UnityEngine.LogType,object)
UnityEngine.Debug:Log (object)
EnemyGroundNavigator:Update () (at Assets/Scripts/EnemyScripts/EnemyGroundNavigator.cs:52)

(Filename: Assets/Scripts/EnemyScripts/EnemyGroundNavigator.cs Line: 52)

playerCharater (UnityEngine.Transform)
UnityEngine.Debug:ExtractStackTraceNoAlloc (byte*,int,string)
UnityEngine.StackTraceUtility:ExtractStackTrace () (at /home/bokken/build/output/unity/unity/Runtime/Export/Scripting/StackTrace.cs:35)
UnityEngine.DebugLogHandler:Internal_Log (UnityEngine.LogType,UnityEngine.LogOption,string,UnityEngine.Object)
UnityEngine.DebugLogHandler:LogFormat (UnityEngine.LogType,UnityEngine.Object,string,object[])
UnityEngine.Logger:Log (UnityEngine.LogType,object)
UnityEngine.Debug:Log (object)
EnemyGroundNavigator:Update () (at Assets/Scripts/EnemyScripts/EnemyGroundNavigator.cs:52)

(Filename: Assets/Scripts/EnemyScripts/EnemyGroundNavigator.cs Line: 52)

playerCharater (UnityEngine.Transform)
UnityEngine.Debug:ExtractStackTraceNoAlloc (byte*,int,string)
UnityEngine.StackTraceUtility:ExtractStackTrace () (at /home/bokken/build/output/unity/unity/Runtime/Export/Scripting/StackTrace.cs:35)
UnityEngine.DebugLogHandler:Internal_Log (UnityEngine.LogType,UnityEngine.LogOption,string,UnityEngine.Object)
UnityEngine.DebugLogHandler:LogFormat (UnityEngine.LogType,UnityEngine.Object,string,object[])
UnityEngine.Logger:Log (UnityEngine.LogType,object)
UnityEngine.Debug:Log (object)
EnemyGroundNavigator:Update () (at Assets/Scripts/EnemyScripts/EnemyGroundNavigator.cs:52)

(Filename: Assets/Scripts/EnemyScripts/EnemyGroundNavigator.cs Line: 52)

playerCharater (UnityEngine.Transform)
UnityEngine.Debug:ExtractStackTraceNoAlloc (byte*,int,string)
UnityEngine.StackTraceUtility:ExtractStackTrace () (at /home/bokken/build/output/unity/unity/Runtime/Export/Scripting/StackTrace.cs:35)
UnityEngine.DebugLogHandler:Internal_Log (UnityEngine.LogType,UnityEngine.LogOption,string,UnityEngine.Object)
UnityEngine.DebugLogHandler:LogFormat (UnityEngine.LogType,UnityEngine.Object,string,object[])
UnityEngine.Logger:Log (UnityEngine.LogType,object)
UnityEngine.Debug:Log (object)
EnemyGroundNavigator:Update () (at Assets/Scripts/EnemyScripts/EnemyGroundNavigator.cs:52)

(Filename: Assets/Scripts/EnemyScripts/EnemyGroundNavigator.cs Line: 52)

playerCharater (UnityEngine.Transform)
UnityEngine.Debug:ExtractStackTraceNoAlloc (byte*,int,string)
UnityEngine.StackTraceUtility:ExtractStackTrace () (at /home/bokken/build/output/unity/unity/Runtime/Export/Scripting/StackTrace.cs:35)
UnityEngine.DebugLogHandler:Internal_Log (UnityEngine.LogType,UnityEngine.LogOption,string,UnityEngine.Object)
UnityEngine.DebugLogHandler:LogFormat (UnityEngine.LogType,UnityEngine.Object,string,object[])
UnityEngine.Logger:Log (UnityEngine.LogType,object)
UnityEngine.Debug:Log (object)
EnemyGroundNavigator:Update () (at Assets/Scripts/EnemyScripts/EnemyGroundNavigator.cs:52)

(Filename: Assets/Scripts/EnemyScripts/EnemyGroundNavigator.cs Line: 52)

playerCharater (UnityEngine.Transform)
UnityEngine.Debug:ExtractStackTraceNoAlloc (byte*,int,string)
UnityEngine.StackTraceUtility:ExtractStackTrace () (at /home/bokken/build/output/unity/unity/Runtime/Export/Scripting/StackTrace.cs:35)
UnityEngine.DebugLogHandler:Internal_Log (UnityEngine.LogType,UnityEngine.LogOption,string,UnityEngine.Object)
UnityEngine.DebugLogHandler:LogFormat (UnityEngine.LogType,UnityEngine.Object,string,object[])
UnityEngine.Logger:Log (UnityEngine.LogType,object)
UnityEngine.Debug:Log (object)
EnemyGroundNavigator:Update () (at Assets/Scripts/EnemyScripts/EnemyGroundNavigator.cs:52)

(Filename: Assets/Scripts/EnemyScripts/EnemyGroundNavigator.cs Line: 52)

playerCharater (UnityEngine.Transform)
UnityEngine.Debug:ExtractStackTraceNoAlloc (byte*,int,string)
UnityEngine.StackTraceUtility:ExtractStackTrace () (at /home/bokken/build/output/unity/unity/Runtime/Export/Scripting/StackTrace.cs:35)
UnityEngine.DebugLogHandler:Internal_Log (UnityEngine.LogType,UnityEngine.LogOption,string,UnityEngine.Object)
UnityEngine.DebugLogHandler:LogFormat (UnityEngine.LogType,UnityEngine.Object,string,object[])
UnityEngine.Logger:Log (UnityEngine.LogType,object)
UnityEngine.Debug:Log (object)
EnemyGroundNavigator:Update () (at Assets/Scripts/EnemyScripts/EnemyGroundNavigator.cs:52)

(Filename: Assets/Scripts/EnemyScripts/EnemyGroundNavigator.cs Line: 52)

playerCharater (UnityEngine.Transform)
UnityEngine.Debug:ExtractStackTraceNoAlloc (byte*,int,string)
UnityEngine.StackTraceUtility:ExtractStackTrace () (at /home/bokken/build/output/unity/unity/Runtime/Export/Scripting/StackTrace.cs:35)
UnityEngine.DebugLogHandler:Internal_Log (UnityEngine.LogType,UnityEngine.LogOption,string,UnityEngine.Object)
UnityEngine.DebugLogHandler:LogFormat (UnityEngine.LogType,UnityEngine.Object,string,object[])
UnityEngine.Logger:Log (UnityEngine.LogType,object)
UnityEngine.Debug:Log (object)
EnemyGroundNavigator:Update () (at Assets/Scripts/EnemyScripts/EnemyGroundNavigator.cs:52)

(Filename: Assets/Scripts/EnemyScripts/EnemyGroundNavigator.cs Line: 52)

playerCharater (UnityEngine.Transform)
UnityEngine.Debug:ExtractStackTraceNoAlloc (byte*,int,string)
UnityEngine.StackTraceUtility:ExtractStackTrace () (at /home/bokken/build/output/unity/unity/Runtime/Export/Scripting/StackTrace.cs:35)
UnityEngine.DebugLogHandler:Internal_Log (UnityEngine.LogType,UnityEngine.LogOption,string,UnityEngine.Object)
UnityEngine.DebugLogHandler:LogFormat (UnityEngine.LogType,UnityEngine.Object,string,object[])
UnityEngine.Logger:Log (UnityEngine.LogType,object)
UnityEngine.Debug:Log (object)
EnemyGroundNavigator:Update () (at Assets/Scripts/EnemyScripts/EnemyGroundNavigator.cs:52)

(Filename: Assets/Scripts/EnemyScripts/EnemyGroundNavigator.cs Line: 52)

playerCharater (UnityEngine.Transform)
UnityEngine.Debug:ExtractStackTraceNoAlloc (byte*,int,string)
UnityEngine.StackTraceUtility:ExtractStackTrace () (at /home/bokken/build/output/unity/unity/Runtime/Export/Scripting/StackTrace.cs:35)
UnityEngine.DebugLogHandler:Internal_Log (UnityEngine.LogType,UnityEngine.LogOption,string,UnityEngine.Object)
UnityEngine.DebugLogHandler:LogFormat (UnityEngine.LogType,UnityEngine.Object,string,object[])
UnityEngine.Logger:Log (UnityEngine.LogType,object)
UnityEngine.Debug:Log (object)
EnemyGroundNavigator:Update () (at Assets/Scripts/EnemyScripts/EnemyGroundNavigator.cs:52)

(Filename: Assets/Scripts/EnemyScripts/EnemyGroundNavigator.cs Line: 52)

playerCharater (UnityEngine.Transform)
UnityEngine.Debug:ExtractStackTraceNoAlloc (byte*,int,string)
UnityEngine.StackTraceUtility:ExtractStackTrace () (at /home/bokken/build/output/unity/unity/Runtime/Export/Scripting/StackTrace.cs:35)
UnityEngine.DebugLogHandler:Internal_Log (UnityEngine.LogType,UnityEngine.LogOption,string,UnityEngine.Object)
UnityEngine.DebugLogHandler:LogFormat (UnityEngine.LogType,UnityEngine.Object,string,object[])
UnityEngine.Logger:Log (UnityEngine.LogType,object)
UnityEngine.Debug:Log (object)
EnemyGroundNavigator:Update () (at Assets/Scripts/EnemyScripts/EnemyGroundNavigator.cs:52)

(Filename: Assets/Scripts/EnemyScripts/EnemyGroundNavigator.cs Line: 52)

playerCharater (UnityEngine.Transform)
UnityEngine.Debug:ExtractStackTraceNoAlloc (byte*,int,string)
UnityEngine.StackTraceUtility:ExtractStackTrace () (at /home/bokken/build/output/unity/unity/Runtime/Export/Scripting/StackTrace.cs:35)
UnityEngine.DebugLogHandler:Internal_Log (UnityEngine.LogType,UnityEngine.LogOption,string,UnityEngine.Object)
UnityEngine.DebugLogHandler:LogFormat (UnityEngine.LogType,UnityEngine.Object,string,object[])
UnityEngine.Logger:Log (UnityEngine.LogType,object)
UnityEngine.Debug:Log (object)
EnemyGroundNavigator:Update () (at Assets/Scripts/EnemyScripts/EnemyGroundNavigator.cs:52)

(Filename: Assets/Scripts/EnemyScripts/EnemyGroundNavigator.cs Line: 52)

playerCharater (UnityEngine.Transform)
UnityEngine.Debug:ExtractStackTraceNoAlloc (byte*,int,string)
UnityEngine.StackTraceUtility:ExtractStackTrace () (at /home/bokken/build/output/unity/unity/Runtime/Export/Scripting/StackTrace.cs:35)
UnityEngine.DebugLogHandler:Internal_Log (UnityEngine.LogType,UnityEngine.LogOption,string,UnityEngine.Object)
UnityEngine.DebugLogHandler:LogFormat (UnityEngine.LogType,UnityEngine.Object,string,object[])
UnityEngine.Logger:Log (UnityEngine.LogType,object)
UnityEngine.Debug:Log (object)
EnemyGroundNavigator:Update () (at Assets/Scripts/EnemyScripts/EnemyGroundNavigator.cs:52)

(Filename: Assets/Scripts/EnemyScripts/EnemyGroundNavigator.cs Line: 52)

playerCharater (UnityEngine.Transform)
UnityEngine.Debug:ExtractStackTraceNoAlloc (byte*,int,string)
UnityEngine.StackTraceUtility:ExtractStackTrace () (at /home/bokken/build/output/unity/unity/Runtime/Export/Scripting/StackTrace.cs:35)
UnityEngine.DebugLogHandler:Internal_Log (UnityEngine.LogType,UnityEngine.LogOption,string,UnityEngine.Object)
UnityEngine.DebugLogHandler:LogFormat (UnityEngine.LogType,UnityEngine.Object,string,object[])
UnityEngine.Logger:Log (UnityEngine.LogType,object)
UnityEngine.Debug:Log (object)
EnemyGroundNavigator:Update () (at Assets/Scripts/EnemyScripts/EnemyGroundNavigator.cs:52)

(Filename: Assets/Scripts/EnemyScripts/EnemyGroundNavigator.cs Line: 52)

playerCharater (UnityEngine.Transform)
UnityEngine.Debug:ExtractStackTraceNoAlloc (byte*,int,string)
UnityEngine.StackTraceUtility:ExtractStackTrace () (at /home/bokken/build/output/unity/unity/Runtime/Export/Scripting/StackTrace.cs:35)
UnityEngine.DebugLogHandler:Internal_Log (UnityEngine.LogType,UnityEngine.LogOption,string,UnityEngine.Object)
UnityEngine.DebugLogHandler:LogFormat (UnityEngine.LogType,UnityEngine.Object,string,object[])
UnityEngine.Logger:Log (UnityEngine.LogType,object)
UnityEngine.Debug:Log (object)
EnemyGroundNavigator:Update () (at Assets/Scripts/EnemyScripts/EnemyGroundNavigator.cs:52)

(Filename: Assets/Scripts/EnemyScripts/EnemyGroundNavigator.cs Line: 52)

playerCharater (UnityEngine.Transform)
UnityEngine.Debug:ExtractStackTraceNoAlloc (byte*,int,string)
UnityEngine.StackTraceUtility:ExtractStackTrace () (at /home/bokken/build/output/unity/unity/Runtime/Export/Scripting/StackTrace.cs:35)
UnityEngine.DebugLogHandler:Internal_Log (UnityEngine.LogType,UnityEngine.LogOption,string,UnityEngine.Object)
UnityEngine.DebugLogHandler:LogFormat (UnityEngine.LogType,UnityEngine.Object,string,object[])
UnityEngine.Logger:Log (UnityEngine.LogType,object)
UnityEngine.Debug:Log (object)
EnemyGroundNavigator:Update () (at Assets/Scripts/EnemyScripts/EnemyGroundNavigator.cs:52)

(Filename: Assets/Scripts/EnemyScripts/EnemyGroundNavigator.cs Line: 52)

playerCharater (UnityEngine.Transform)
UnityEngine.Debug:ExtractStackTraceNoAlloc (byte*,int,string)
UnityEngine.StackTraceUtility:ExtractStackTrace () (at /home/bokken/build/output/unity/unity/Runtime/Export/Scripting/StackTrace.cs:35)
UnityEngine.DebugLogHandler:Internal_Log (UnityEngine.LogType,UnityEngine.LogOption,string,UnityEngine.Object)
UnityEngine.DebugLogHandler:LogFormat (UnityEngine.LogType,UnityEngine.Object,string,object[])
UnityEngine.Logger:Log (UnityEngine.LogType,object)
UnityEngine.Debug:Log (object)
EnemyGroundNavigator:Update () (at Assets/Scripts/EnemyScripts/EnemyGroundNavigator.cs:52)

(Filename: Assets/Scripts/EnemyScripts/EnemyGroundNavigator.cs Line: 52)

playerCharater (UnityEngine.Transform)
UnityEngine.Debug:ExtractStackTraceNoAlloc (byte*,int,string)
UnityEngine.StackTraceUtility:ExtractStackTrace () (at /home/bokken/build/output/unity/unity/Runtime/Export/Scripting/StackTrace.cs:35)
UnityEngine.DebugLogHandler:Internal_Log (UnityEngine.LogType,UnityEngine.LogOption,string,UnityEngine.Object)
UnityEngine.DebugLogHandler:LogFormat (UnityEngine.LogType,UnityEngine.Object,string,object[])
UnityEngine.Logger:Log (UnityEngine.LogType,object)
UnityEngine.Debug:Log (object)
EnemyGroundNavigator:Update () (at Assets/Scripts/EnemyScripts/EnemyGroundNavigator.cs:52)

(Filename: Assets/Scripts/EnemyScripts/EnemyGroundNavigator.cs Line: 52)

playerCharater (UnityEngine.Transform)
UnityEngine.Debug:ExtractStackTraceNoAlloc (byte*,int,string)
UnityEngine.StackTraceUtility:ExtractStackTrace () (at /home/bokken/build/output/unity/unity/Runtime/Export/Scripting/StackTrace.cs:35)
UnityEngine.DebugLogHandler:Internal_Log (UnityEngine.LogType,UnityEngine.LogOption,string,UnityEngine.Object)
UnityEngine.DebugLogHandler:LogFormat (UnityEngine.LogType,UnityEngine.Object,string,object[])
UnityEngine.Logger:Log (UnityEngine.LogType,object)
UnityEngine.Debug:Log (object)
EnemyGroundNavigator:Update () (at Assets/Scripts/EnemyScripts/EnemyGroundNavigator.cs:52)

(Filename: Assets/Scripts/EnemyScripts/EnemyGroundNavigator.cs Line: 52)

playerCharater (UnityEngine.Transform)
UnityEngine.Debug:ExtractStackTraceNoAlloc (byte*,int,string)
UnityEngine.StackTraceUtility:ExtractStackTrace () (at /home/bokken/build/output/unity/unity/Runtime/Export/Scripting/StackTrace.cs:35)
UnityEngine.DebugLogHandler:Internal_Log (UnityEngine.LogType,UnityEngine.LogOption,string,UnityEngine.Object)
UnityEngine.DebugLogHandler:LogFormat (UnityEngine.LogType,UnityEngine.Object,string,object[])
UnityEngine.Logger:Log (UnityEngine.LogType,object)
UnityEngine.Debug:Log (object)
EnemyGroundNavigator:Update () (at Assets/Scripts/EnemyScripts/EnemyGroundNavigator.cs:52)

(Filename: Assets/Scripts/EnemyScripts/EnemyGroundNavigator.cs Line: 52)

playerCharater (UnityEngine.Transform)
UnityEngine.Debug:ExtractStackTraceNoAlloc (byte*,int,string)
UnityEngine.StackTraceUtility:ExtractStackTrace () (at /home/bokken/build/output/unity/unity/Runtime/Export/Scripting/StackTrace.cs:35)
UnityEngine.DebugLogHandler:Internal_Log (UnityEngine.LogType,UnityEngine.LogOption,string,UnityEngine.Object)
UnityEngine.DebugLogHandler:LogFormat (UnityEngine.LogType,UnityEngine.Object,string,object[])
UnityEngine.Logger:Log (UnityEngine.LogType,object)
UnityEngine.Debug:Log (object)
EnemyGroundNavigator:Update () (at Assets/Scripts/EnemyScripts/EnemyGroundNavigator.cs:52)

(Filename: Assets/Scripts/EnemyScripts/EnemyGroundNavigator.cs Line: 52)

playerCharater (UnityEngine.Transform)
UnityEngine.Debug:ExtractStackTraceNoAlloc (byte*,int,string)
UnityEngine.StackTraceUtility:ExtractStackTrace () (at /home/bokken/build/output/unity/unity/Runtime/Export/Scripting/StackTrace.cs:35)
UnityEngine.DebugLogHandler:Internal_Log (UnityEngine.LogType,UnityEngine.LogOption,string,UnityEngine.Object)
UnityEngine.DebugLogHandler:LogFormat (UnityEngine.LogType,UnityEngine.Object,string,object[])
UnityEngine.Logger:Log (UnityEngine.LogType,object)
UnityEngine.Debug:Log (object)
EnemyGroundNavigator:Update () (at Assets/Scripts/EnemyScripts/EnemyGroundNavigator.cs:52)

(Filename: Assets/Scripts/EnemyScripts/EnemyGroundNavigator.cs Line: 52)

playerCharater (UnityEngine.Transform)
UnityEngine.Debug:ExtractStackTraceNoAlloc (byte*,int,string)
UnityEngine.StackTraceUtility:ExtractStackTrace () (at /home/bokken/build/output/unity/unity/Runtime/Export/Scripting/StackTrace.cs:35)
UnityEngine.DebugLogHandler:Internal_Log (UnityEngine.LogType,UnityEngine.LogOption,string,UnityEngine.Object)
UnityEngine.DebugLogHandler:LogFormat (UnityEngine.LogType,UnityEngine.Object,string,object[])
UnityEngine.Logger:Log (UnityEngine.LogType,object)
UnityEngine.Debug:Log (object)
EnemyGroundNavigator:Update () (at Assets/Scripts/EnemyScripts/EnemyGroundNavigator.cs:52)

(Filename: Assets/Scripts/EnemyScripts/EnemyGroundNavigator.cs Line: 52)

playerCharater (UnityEngine.Transform)
UnityEngine.Debug:ExtractStackTraceNoAlloc (byte*,int,string)
UnityEngine.StackTraceUtility:ExtractStackTrace () (at /home/bokken/build/output/unity/unity/Runtime/Export/Scripting/StackTrace.cs:35)
UnityEngine.DebugLogHandler:Internal_Log (UnityEngine.LogType,UnityEngine.LogOption,string,UnityEngine.Object)
UnityEngine.DebugLogHandler:LogFormat (UnityEngine.LogType,UnityEngine.Object,string,object[])
UnityEngine.Logger:Log (UnityEngine.LogType,object)
UnityEngine.Debug:Log (object)
EnemyGroundNavigator:Update () (at Assets/Scripts/EnemyScripts/EnemyGroundNavigator.cs:52)

(Filename: Assets/Scripts/EnemyScripts/EnemyGroundNavigator.cs Line: 52)

playerCharater (UnityEngine.Transform)
UnityEngine.Debug:ExtractStackTraceNoAlloc (byte*,int,string)
UnityEngine.StackTraceUtility:ExtractStackTrace () (at /home/bokken/build/output/unity/unity/Runtime/Export/Scripting/StackTrace.cs:35)
UnityEngine.DebugLogHandler:Internal_Log (UnityEngine.LogType,UnityEngine.LogOption,string,UnityEngine.Object)
UnityEngine.DebugLogHandler:LogFormat (UnityEngine.LogType,UnityEngine.Object,string,object[])
UnityEngine.Logger:Log (UnityEngine.LogType,object)
UnityEngine.Debug:Log (object)
EnemyGroundNavigator:Update () (at Assets/Scripts/EnemyScripts/EnemyGroundNavigator.cs:52)

(Filename: Assets/Scripts/EnemyScripts/EnemyGroundNavigator.cs Line: 52)

playerCharater (UnityEngine.Transform)
UnityEngine.Debug:ExtractStackTraceNoAlloc (byte*,int,string)
UnityEngine.StackTraceUtility:ExtractStackTrace () (at /home/bokken/build/output/unity/unity/Runtime/Export/Scripting/StackTrace.cs:35)
UnityEngine.DebugLogHandler:Internal_Log (UnityEngine.LogType,UnityEngine.LogOption,string,UnityEngine.Object)
UnityEngine.DebugLogHandler:LogFormat (UnityEngine.LogType,UnityEngine.Object,string,object[])
UnityEngine.Logger:Log (UnityEngine.LogType,object)
UnityEngine.Debug:Log (object)
EnemyGroundNavigator:Update () (at Assets/Scripts/EnemyScripts/EnemyGroundNavigator.cs:52)

(Filename: Assets/Scripts/EnemyScripts/EnemyGroundNavigator.cs Line: 52)

playerCharater (UnityEngine.Transform)
UnityEngine.Debug:ExtractStackTraceNoAlloc (byte*,int,string)
UnityEngine.StackTraceUtility:ExtractStackTrace () (at /home/bokken/build/output/unity/unity/Runtime/Export/Scripting/StackTrace.cs:35)
UnityEngine.DebugLogHandler:Internal_Log (UnityEngine.LogType,UnityEngine.LogOption,string,UnityEngine.Object)
UnityEngine.DebugLogHandler:LogFormat (UnityEngine.LogType,UnityEngine.Object,string,object[])
UnityEngine.Logger:Log (UnityEngine.LogType,object)
UnityEngine.Debug:Log (object)
EnemyGroundNavigator:Update () (at Assets/Scripts/EnemyScripts/EnemyGroundNavigator.cs:52)

(Filename: Assets/Scripts/EnemyScripts/EnemyGroundNavigator.cs Line: 52)

playerCharater (UnityEngine.Transform)
UnityEngine.Debug:ExtractStackTraceNoAlloc (byte*,int,string)
UnityEngine.StackTraceUtility:ExtractStackTrace () (at /home/bokken/build/output/unity/unity/Runtime/Export/Scripting/StackTrace.cs:35)
UnityEngine.DebugLogHandler:Internal_Log (UnityEngine.LogType,UnityEngine.LogOption,string,UnityEngine.Object)
UnityEngine.DebugLogHandler:LogFormat (UnityEngine.LogType,UnityEngine.Object,string,object[])
UnityEngine.Logger:Log (UnityEngine.LogType,object)
UnityEngine.Debug:Log (object)
EnemyGroundNavigator:Update () (at Assets/Scripts/EnemyScripts/EnemyGroundNavigator.cs:52)

(Filename: Assets/Scripts/EnemyScripts/EnemyGroundNavigator.cs Line: 52)

playerCharater (UnityEngine.Transform)
UnityEngine.Debug:ExtractStackTraceNoAlloc (byte*,int,string)
UnityEngine.StackTraceUtility:ExtractStackTrace () (at /home/bokken/build/output/unity/unity/Runtime/Export/Scripting/StackTrace.cs:35)
UnityEngine.DebugLogHandler:Internal_Log (UnityEngine.LogType,UnityEngine.LogOption,string,UnityEngine.Object)
UnityEngine.DebugLogHandler:LogFormat (UnityEngine.LogType,UnityEngine.Object,string,object[])
UnityEngine.Logger:Log (UnityEngine.LogType,object)
UnityEngine.Debug:Log (object)
EnemyGroundNavigator:Update () (at Assets/Scripts/EnemyScripts/EnemyGroundNavigator.cs:52)

(Filename: Assets/Scripts/EnemyScripts/EnemyGroundNavigator.cs Line: 52)

playerCharater (UnityEngine.Transform)
UnityEngine.Debug:ExtractStackTraceNoAlloc (byte*,int,string)
UnityEngine.StackTraceUtility:ExtractStackTrace () (at /home/bokken/build/output/unity/unity/Runtime/Export/Scripting/StackTrace.cs:35)
UnityEngine.DebugLogHandler:Internal_Log (UnityEngine.LogType,UnityEngine.LogOption,string,UnityEngine.Object)
UnityEngine.DebugLogHandler:LogFormat (UnityEngine.LogType,UnityEngine.Object,string,object[])
UnityEngine.Logger:Log (UnityEngine.LogType,object)
UnityEngine.Debug:Log (object)
EnemyGroundNavigator:Update () (at Assets/Scripts/EnemyScripts/EnemyGroundNavigator.cs:52)

(Filename: Assets/Scripts/EnemyScripts/EnemyGroundNavigator.cs Line: 52)

playerCharater (UnityEngine.Transform)
UnityEngine.Debug:ExtractStackTraceNoAlloc (byte*,int,string)
UnityEngine.StackTraceUtility:ExtractStackTrace () (at /home/bokken/build/output/unity/unity/Runtime/Export/Scripting/StackTrace.cs:35)
UnityEngine.DebugLogHandler:Internal_Log (UnityEngine.LogType,UnityEngine.LogOption,string,UnityEngine.Object)
UnityEngine.DebugLogHandler:LogFormat (UnityEngine.LogType,UnityEngine.Object,string,object[])
UnityEngine.Logger:Log (UnityEngine.LogType,object)
UnityEngine.Debug:Log (object)
EnemyGroundNavigator:Update () (at Assets/Scripts/EnemyScripts/EnemyGroundNavigator.cs:52)

(Filename: Assets/Scripts/EnemyScripts/EnemyGroundNavigator.cs Line: 52)

playerCharater (UnityEngine.Transform)
UnityEngine.Debug:ExtractStackTraceNoAlloc (byte*,int,string)
UnityEngine.StackTraceUtility:ExtractStackTrace () (at /home/bokken/build/output/unity/unity/Runtime/Export/Scripting/StackTrace.cs:35)
UnityEngine.DebugLogHandler:Internal_Log (UnityEngine.LogType,UnityEngine.LogOption,string,UnityEngine.Object)
UnityEngine.DebugLogHandler:LogFormat (UnityEngine.LogType,UnityEngine.Object,string,object[])
UnityEngine.Logger:Log (UnityEngine.LogType,object)
UnityEngine.Debug:Log (object)
EnemyGroundNavigator:Update () (at Assets/Scripts/EnemyScripts/EnemyGroundNavigator.cs:52)

(Filename: Assets/Scripts/EnemyScripts/EnemyGroundNavigator.cs Line: 52)

playerCharater (UnityEngine.Transform)
UnityEngine.Debug:ExtractStackTraceNoAlloc (byte*,int,string)
UnityEngine.StackTraceUtility:ExtractStackTrace () (at /home/bokken/build/output/unity/unity/Runtime/Export/Scripting/StackTrace.cs:35)
UnityEngine.DebugLogHandler:Internal_Log (UnityEngine.LogType,UnityEngine.LogOption,string,UnityEngine.Object)
UnityEngine.DebugLogHandler:LogFormat (UnityEngine.LogType,UnityEngine.Object,string,object[])
UnityEngine.Logger:Log (UnityEngine.LogType,object)
UnityEngine.Debug:Log (object)
EnemyGroundNavigator:Update () (at Assets/Scripts/EnemyScripts/EnemyGroundNavigator.cs:52)

(Filename: Assets/Scripts/EnemyScripts/EnemyGroundNavigator.cs Line: 52)

playerCharater (UnityEngine.Transform)
UnityEngine.Debug:ExtractStackTraceNoAlloc (byte*,int,string)
UnityEngine.StackTraceUtility:ExtractStackTrace () (at /home/bokken/build/output/unity/unity/Runtime/Export/Scripting/StackTrace.cs:35)
UnityEngine.DebugLogHandler:Internal_Log (UnityEngine.LogType,UnityEngine.LogOption,string,UnityEngine.Object)
UnityEngine.DebugLogHandler:LogFormat (UnityEngine.LogType,UnityEngine.Object,string,object[])
UnityEngine.Logger:Log (UnityEngine.LogType,object)
UnityEngine.Debug:Log (object)
EnemyGroundNavigator:Update () (at Assets/Scripts/EnemyScripts/EnemyGroundNavigator.cs:52)

(Filename: Assets/Scripts/EnemyScripts/EnemyGroundNavigator.cs Line: 52)

playerCharater (UnityEngine.Transform)
UnityEngine.Debug:ExtractStackTraceNoAlloc (byte*,int,string)
UnityEngine.StackTraceUtility:ExtractStackTrace () (at /home/bokken/build/output/unity/unity/Runtime/Export/Scripting/StackTrace.cs:35)
UnityEngine.DebugLogHandler:Internal_Log (UnityEngine.LogType,UnityEngine.LogOption,string,UnityEngine.Object)
UnityEngine.DebugLogHandler:LogFormat (UnityEngine.LogType,UnityEngine.Object,string,object[])
UnityEngine.Logger:Log (UnityEngine.LogType,object)
UnityEngine.Debug:Log (object)
EnemyGroundNavigator:Update () (at Assets/Scripts/EnemyScripts/EnemyGroundNavigator.cs:52)

(Filename: Assets/Scripts/EnemyScripts/EnemyGroundNavigator.cs Line: 52)

playerCharater (UnityEngine.Transform)
UnityEngine.Debug:ExtractStackTraceNoAlloc (byte*,int,string)
UnityEngine.StackTraceUtility:ExtractStackTrace () (at /home/bokken/build/output/unity/unity/Runtime/Export/Scripting/StackTrace.cs:35)
UnityEngine.DebugLogHandler:Internal_Log (UnityEngine.LogType,UnityEngine.LogOption,string,UnityEngine.Object)
UnityEngine.DebugLogHandler:LogFormat (UnityEngine.LogType,UnityEngine.Object,string,object[])
UnityEngine.Logger:Log (UnityEngine.LogType,object)
UnityEngine.Debug:Log (object)
EnemyGroundNavigator:Update () (at Assets/Scripts/EnemyScripts/EnemyGroundNavigator.cs:52)

(Filename: Assets/Scripts/EnemyScripts/EnemyGroundNavigator.cs Line: 52)

playerCharater (UnityEngine.Transform)
UnityEngine.Debug:ExtractStackTraceNoAlloc (byte*,int,string)
UnityEngine.StackTraceUtility:ExtractStackTrace () (at /home/bokken/build/output/unity/unity/Runtime/Export/Scripting/StackTrace.cs:35)
UnityEngine.DebugLogHandler:Internal_Log (UnityEngine.LogType,UnityEngine.LogOption,string,UnityEngine.Object)
UnityEngine.DebugLogHandler:LogFormat (UnityEngine.LogType,UnityEngine.Object,string,object[])
UnityEngine.Logger:Log (UnityEngine.LogType,object)
UnityEngine.Debug:Log (object)
EnemyGroundNavigator:Update () (at Assets/Scripts/EnemyScripts/EnemyGroundNavigator.cs:52)

(Filename: Assets/Scripts/EnemyScripts/EnemyGroundNavigator.cs Line: 52)

playerCharater (UnityEngine.Transform)
UnityEngine.Debug:ExtractStackTraceNoAlloc (byte*,int,string)
UnityEngine.StackTraceUtility:ExtractStackTrace () (at /home/bokken/build/output/unity/unity/Runtime/Export/Scripting/StackTrace.cs:35)
UnityEngine.DebugLogHandler:Internal_Log (UnityEngine.LogType,UnityEngine.LogOption,string,UnityEngine.Object)
UnityEngine.DebugLogHandler:LogFormat (UnityEngine.LogType,UnityEngine.Object,string,object[])
UnityEngine.Logger:Log (UnityEngine.LogType,object)
UnityEngine.Debug:Log (object)
EnemyGroundNavigator:Update () (at Assets/Scripts/EnemyScripts/EnemyGroundNavigator.cs:52)

(Filename: Assets/Scripts/EnemyScripts/EnemyGroundNavigator.cs Line: 52)

playerCharater (UnityEngine.Transform)
UnityEngine.Debug:ExtractStackTraceNoAlloc (byte*,int,string)
UnityEngine.StackTraceUtility:ExtractStackTrace () (at /home/bokken/build/output/unity/unity/Runtime/Export/Scripting/StackTrace.cs:35)
UnityEngine.DebugLogHandler:Internal_Log (UnityEngine.LogType,UnityEngine.LogOption,string,UnityEngine.Object)
UnityEngine.DebugLogHandler:LogFormat (UnityEngine.LogType,UnityEngine.Object,string,object[])
UnityEngine.Logger:Log (UnityEngine.LogType,object)
UnityEngine.Debug:Log (object)
EnemyGroundNavigator:Update () (at Assets/Scripts/EnemyScripts/EnemyGroundNavigator.cs:52)

(Filename: Assets/Scripts/EnemyScripts/EnemyGroundNavigator.cs Line: 52)

playerCharater (UnityEngine.Transform)
UnityEngine.Debug:ExtractStackTraceNoAlloc (byte*,int,string)
UnityEngine.StackTraceUtility:ExtractStackTrace () (at /home/bokken/build/output/unity/unity/Runtime/Export/Scripting/StackTrace.cs:35)
UnityEngine.DebugLogHandler:Internal_Log (UnityEngine.LogType,UnityEngine.LogOption,string,UnityEngine.Object)
UnityEngine.DebugLogHandler:LogFormat (UnityEngine.LogType,UnityEngine.Object,string,object[])
UnityEngine.Logger:Log (UnityEngine.LogType,object)
UnityEngine.Debug:Log (object)
EnemyGroundNavigator:Update () (at Assets/Scripts/EnemyScripts/EnemyGroundNavigator.cs:52)

(Filename: Assets/Scripts/EnemyScripts/EnemyGroundNavigator.cs Line: 52)

playerCharater (UnityEngine.Transform)
UnityEngine.Debug:ExtractStackTraceNoAlloc (byte*,int,string)
UnityEngine.StackTraceUtility:ExtractStackTrace () (at /home/bokken/build/output/unity/unity/Runtime/Export/Scripting/StackTrace.cs:35)
UnityEngine.DebugLogHandler:Internal_Log (UnityEngine.LogType,UnityEngine.LogOption,string,UnityEngine.Object)
UnityEngine.DebugLogHandler:LogFormat (UnityEngine.LogType,UnityEngine.Object,string,object[])
UnityEngine.Logger:Log (UnityEngine.LogType,object)
UnityEngine.Debug:Log (object)
EnemyGroundNavigator:Update () (at Assets/Scripts/EnemyScripts/EnemyGroundNavigator.cs:52)

(Filename: Assets/Scripts/EnemyScripts/EnemyGroundNavigator.cs Line: 52)

playerCharater (UnityEngine.Transform)
UnityEngine.Debug:ExtractStackTraceNoAlloc (byte*,int,string)
UnityEngine.StackTraceUtility:ExtractStackTrace () (at /home/bokken/build/output/unity/unity/Runtime/Export/Scripting/StackTrace.cs:35)
UnityEngine.DebugLogHandler:Internal_Log (UnityEngine.LogType,UnityEngine.LogOption,string,UnityEngine.Object)
UnityEngine.DebugLogHandler:LogFormat (UnityEngine.LogType,UnityEngine.Object,string,object[])
UnityEngine.Logger:Log (UnityEngine.LogType,object)
UnityEngine.Debug:Log (object)
EnemyGroundNavigator:Update () (at Assets/Scripts/EnemyScripts/EnemyGroundNavigator.cs:52)

(Filename: Assets/Scripts/EnemyScripts/EnemyGroundNavigator.cs Line: 52)

playerCharater (UnityEngine.Transform)
UnityEngine.Debug:ExtractStackTraceNoAlloc (byte*,int,string)
UnityEngine.StackTraceUtility:ExtractStackTrace () (at /home/bokken/build/output/unity/unity/Runtime/Export/Scripting/StackTrace.cs:35)
UnityEngine.DebugLogHandler:Internal_Log (UnityEngine.LogType,UnityEngine.LogOption,string,UnityEngine.Object)
UnityEngine.DebugLogHandler:LogFormat (UnityEngine.LogType,UnityEngine.Object,string,object[])
UnityEngine.Logger:Log (UnityEngine.LogType,object)
UnityEngine.Debug:Log (object)
EnemyGroundNavigator:Update () (at Assets/Scripts/EnemyScripts/EnemyGroundNavigator.cs:52)

(Filename: Assets/Scripts/EnemyScripts/EnemyGroundNavigator.cs Line: 52)

playerCharater (UnityEngine.Transform)
UnityEngine.Debug:ExtractStackTraceNoAlloc (byte*,int,string)
UnityEngine.StackTraceUtility:ExtractStackTrace () (at /home/bokken/build/output/unity/unity/Runtime/Export/Scripting/StackTrace.cs:35)
UnityEngine.DebugLogHandler:Internal_Log (UnityEngine.LogType,UnityEngine.LogOption,string,UnityEngine.Object)
UnityEngine.DebugLogHandler:LogFormat (UnityEngine.LogType,UnityEngine.Object,string,object[])
UnityEngine.Logger:Log (UnityEngine.LogType,object)
UnityEngine.Debug:Log (object)
EnemyGroundNavigator:Update () (at Assets/Scripts/EnemyScripts/EnemyGroundNavigator.cs:52)

(Filename: Assets/Scripts/EnemyScripts/EnemyGroundNavigator.cs Line: 52)

playerCharater (UnityEngine.Transform)
UnityEngine.Debug:ExtractStackTraceNoAlloc (byte*,int,string)
UnityEngine.StackTraceUtility:ExtractStackTrace () (at /home/bokken/build/output/unity/unity/Runtime/Export/Scripting/StackTrace.cs:35)
UnityEngine.DebugLogHandler:Internal_Log (UnityEngine.LogType,UnityEngine.LogOption,string,UnityEngine.Object)
UnityEngine.DebugLogHandler:LogFormat (UnityEngine.LogType,UnityEngine.Object,string,object[])
UnityEngine.Logger:Log (UnityEngine.LogType,object)
UnityEngine.Debug:Log (object)
EnemyGroundNavigator:Update () (at Assets/Scripts/EnemyScripts/EnemyGroundNavigator.cs:52)

(Filename: Assets/Scripts/EnemyScripts/EnemyGroundNavigator.cs Line: 52)

playerCharater (UnityEngine.Transform)
UnityEngine.Debug:ExtractStackTraceNoAlloc (byte*,int,string)
UnityEngine.StackTraceUtility:ExtractStackTrace () (at /home/bokken/build/output/unity/unity/Runtime/Export/Scripting/StackTrace.cs:35)
UnityEngine.DebugLogHandler:Internal_Log (UnityEngine.LogType,UnityEngine.LogOption,string,UnityEngine.Object)
UnityEngine.DebugLogHandler:LogFormat (UnityEngine.LogType,UnityEngine.Object,string,object[])
UnityEngine.Logger:Log (UnityEngine.LogType,object)
UnityEngine.Debug:Log (object)
EnemyGroundNavigator:Update () (at Assets/Scripts/EnemyScripts/EnemyGroundNavigator.cs:52)

(Filename: Assets/Scripts/EnemyScripts/EnemyGroundNavigator.cs Line: 52)

playerCharater (UnityEngine.Transform)
UnityEngine.Debug:ExtractStackTraceNoAlloc (byte*,int,string)
UnityEngine.StackTraceUtility:ExtractStackTrace () (at /home/bokken/build/output/unity/unity/Runtime/Export/Scripting/StackTrace.cs:35)
UnityEngine.DebugLogHandler:Internal_Log (UnityEngine.LogType,UnityEngine.LogOption,string,UnityEngine.Object)
UnityEngine.DebugLogHandler:LogFormat (UnityEngine.LogType,UnityEngine.Object,string,object[])
UnityEngine.Logger:Log (UnityEngine.LogType,object)
UnityEngine.Debug:Log (object)
EnemyGroundNavigator:Update () (at Assets/Scripts/EnemyScripts/EnemyGroundNavigator.cs:52)

(Filename: Assets/Scripts/EnemyScripts/EnemyGroundNavigator.cs Line: 52)

playerCharater (UnityEngine.Transform)
UnityEngine.Debug:ExtractStackTraceNoAlloc (byte*,int,string)
UnityEngine.StackTraceUtility:ExtractStackTrace () (at /home/bokken/build/output/unity/unity/Runtime/Export/Scripting/StackTrace.cs:35)
UnityEngine.DebugLogHandler:Internal_Log (UnityEngine.LogType,UnityEngine.LogOption,string,UnityEngine.Object)
UnityEngine.DebugLogHandler:LogFormat (UnityEngine.LogType,UnityEngine.Object,string,object[])
UnityEngine.Logger:Log (UnityEngine.LogType,object)
UnityEngine.Debug:Log (object)
EnemyGroundNavigator:Update () (at Assets/Scripts/EnemyScripts/EnemyGroundNavigator.cs:52)

(Filename: Assets/Scripts/EnemyScripts/EnemyGroundNavigator.cs Line: 52)

playerCharater (UnityEngine.Transform)
UnityEngine.Debug:ExtractStackTraceNoAlloc (byte*,int,string)
UnityEngine.StackTraceUtility:ExtractStackTrace () (at /home/bokken/build/output/unity/unity/Runtime/Export/Scripting/StackTrace.cs:35)
UnityEngine.DebugLogHandler:Internal_Log (UnityEngine.LogType,UnityEngine.LogOption,string,UnityEngine.Object)
UnityEngine.DebugLogHandler:LogFormat (UnityEngine.LogType,UnityEngine.Object,string,object[])
UnityEngine.Logger:Log (UnityEngine.LogType,object)
UnityEngine.Debug:Log (object)
EnemyGroundNavigator:Update () (at Assets/Scripts/EnemyScripts/EnemyGroundNavigator.cs:52)

(Filename: Assets/Scripts/EnemyScripts/EnemyGroundNavigator.cs Line: 52)

playerCharater (UnityEngine.Transform)
UnityEngine.Debug:ExtractStackTraceNoAlloc (byte*,int,string)
UnityEngine.StackTraceUtility:ExtractStackTrace () (at /home/bokken/build/output/unity/unity/Runtime/Export/Scripting/StackTrace.cs:35)
UnityEngine.DebugLogHandler:Internal_Log (UnityEngine.LogType,UnityEngine.LogOption,string,UnityEngine.Object)
UnityEngine.DebugLogHandler:LogFormat (UnityEngine.LogType,UnityEngine.Object,string,object[])
UnityEngine.Logger:Log (UnityEngine.LogType,object)
UnityEngine.Debug:Log (object)
EnemyGroundNavigator:Update () (at Assets/Scripts/EnemyScripts/EnemyGroundNavigator.cs:52)

(Filename: Assets/Scripts/EnemyScripts/EnemyGroundNavigator.cs Line: 52)

playerCharater (UnityEngine.Transform)
UnityEngine.Debug:ExtractStackTraceNoAlloc (byte*,int,string)
UnityEngine.StackTraceUtility:ExtractStackTrace () (at /home/bokken/build/output/unity/unity/Runtime/Export/Scripting/StackTrace.cs:35)
UnityEngine.DebugLogHandler:Internal_Log (UnityEngine.LogType,UnityEngine.LogOption,string,UnityEngine.Object)
UnityEngine.DebugLogHandler:LogFormat (UnityEngine.LogType,UnityEngine.Object,string,object[])
UnityEngine.Logger:Log (UnityEngine.LogType,object)
UnityEngine.Debug:Log (object)
EnemyGroundNavigator:Update () (at Assets/Scripts/EnemyScripts/EnemyGroundNavigator.cs:52)

(Filename: Assets/Scripts/EnemyScripts/EnemyGroundNavigator.cs Line: 52)

playerCharater (UnityEngine.Transform)
UnityEngine.Debug:ExtractStackTraceNoAlloc (byte*,int,string)
UnityEngine.StackTraceUtility:ExtractStackTrace () (at /home/bokken/build/output/unity/unity/Runtime/Export/Scripting/StackTrace.cs:35)
UnityEngine.DebugLogHandler:Internal_Log (UnityEngine.LogType,UnityEngine.LogOption,string,UnityEngine.Object)
UnityEngine.DebugLogHandler:LogFormat (UnityEngine.LogType,UnityEngine.Object,string,object[])
UnityEngine.Logger:Log (UnityEngine.LogType,object)
UnityEngine.Debug:Log (object)
EnemyGroundNavigator:Update () (at Assets/Scripts/EnemyScripts/EnemyGroundNavigator.cs:52)

(Filename: Assets/Scripts/EnemyScripts/EnemyGroundNavigator.cs Line: 52)

playerCharater (UnityEngine.Transform)
UnityEngine.Debug:ExtractStackTraceNoAlloc (byte*,int,string)
UnityEngine.StackTraceUtility:ExtractStackTrace () (at /home/bokken/build/output/unity/unity/Runtime/Export/Scripting/StackTrace.cs:35)
UnityEngine.DebugLogHandler:Internal_Log (UnityEngine.LogType,UnityEngine.LogOption,string,UnityEngine.Object)
UnityEngine.DebugLogHandler:LogFormat (UnityEngine.LogType,UnityEngine.Object,string,object[])
UnityEngine.Logger:Log (UnityEngine.LogType,object)
UnityEngine.Debug:Log (object)
EnemyGroundNavigator:Update () (at Assets/Scripts/EnemyScripts/EnemyGroundNavigator.cs:52)

(Filename: Assets/Scripts/EnemyScripts/EnemyGroundNavigator.cs Line: 52)

playerCharater (UnityEngine.Transform)
UnityEngine.Debug:ExtractStackTraceNoAlloc (byte*,int,string)
UnityEngine.StackTraceUtility:ExtractStackTrace () (at /home/bokken/build/output/unity/unity/Runtime/Export/Scripting/StackTrace.cs:35)
UnityEngine.DebugLogHandler:Internal_Log (UnityEngine.LogType,UnityEngine.LogOption,string,UnityEngine.Object)
UnityEngine.DebugLogHandler:LogFormat (UnityEngine.LogType,UnityEngine.Object,string,object[])
UnityEngine.Logger:Log (UnityEngine.LogType,object)
UnityEngine.Debug:Log (object)
EnemyGroundNavigator:Update () (at Assets/Scripts/EnemyScripts/EnemyGroundNavigator.cs:52)

(Filename: Assets/Scripts/EnemyScripts/EnemyGroundNavigator.cs Line: 52)

playerCharater (UnityEngine.Transform)
UnityEngine.Debug:ExtractStackTraceNoAlloc (byte*,int,string)
UnityEngine.StackTraceUtility:ExtractStackTrace () (at /home/bokken/build/output/unity/unity/Runtime/Export/Scripting/StackTrace.cs:35)
UnityEngine.DebugLogHandler:Internal_Log (UnityEngine.LogType,UnityEngine.LogOption,string,UnityEngine.Object)
UnityEngine.DebugLogHandler:LogFormat (UnityEngine.LogType,UnityEngine.Object,string,object[])
UnityEngine.Logger:Log (UnityEngine.LogType,object)
UnityEngine.Debug:Log (object)
EnemyGroundNavigator:Update () (at Assets/Scripts/EnemyScripts/EnemyGroundNavigator.cs:52)

(Filename: Assets/Scripts/EnemyScripts/EnemyGroundNavigator.cs Line: 52)

playerCharater (UnityEngine.Transform)
UnityEngine.Debug:ExtractStackTraceNoAlloc (byte*,int,string)
UnityEngine.StackTraceUtility:ExtractStackTrace () (at /home/bokken/build/output/unity/unity/Runtime/Export/Scripting/StackTrace.cs:35)
UnityEngine.DebugLogHandler:Internal_Log (UnityEngine.LogType,UnityEngine.LogOption,string,UnityEngine.Object)
UnityEngine.DebugLogHandler:LogFormat (UnityEngine.LogType,UnityEngine.Object,string,object[])
UnityEngine.Logger:Log (UnityEngine.LogType,object)
UnityEngine.Debug:Log (object)
EnemyGroundNavigator:Update () (at Assets/Scripts/EnemyScripts/EnemyGroundNavigator.cs:52)

(Filename: Assets/Scripts/EnemyScripts/EnemyGroundNavigator.cs Line: 52)

playerCharater (UnityEngine.Transform)
UnityEngine.Debug:ExtractStackTraceNoAlloc (byte*,int,string)
UnityEngine.StackTraceUtility:ExtractStackTrace () (at /home/bokken/build/output/unity/unity/Runtime/Export/Scripting/StackTrace.cs:35)
UnityEngine.DebugLogHandler:Internal_Log (UnityEngine.LogType,UnityEngine.LogOption,string,UnityEngine.Object)
UnityEngine.DebugLogHandler:LogFormat (UnityEngine.LogType,UnityEngine.Object,string,object[])
UnityEngine.Logger:Log (UnityEngine.LogType,object)
UnityEngine.Debug:Log (object)
EnemyGroundNavigator:Update () (at Assets/Scripts/EnemyScripts/EnemyGroundNavigator.cs:52)

(Filename: Assets/Scripts/EnemyScripts/EnemyGroundNavigator.cs Line: 52)

playerCharater (UnityEngine.Transform)
UnityEngine.Debug:ExtractStackTraceNoAlloc (byte*,int,string)
UnityEngine.StackTraceUtility:ExtractStackTrace () (at /home/bokken/build/output/unity/unity/Runtime/Export/Scripting/StackTrace.cs:35)
UnityEngine.DebugLogHandler:Internal_Log (UnityEngine.LogType,UnityEngine.LogOption,string,UnityEngine.Object)
UnityEngine.DebugLogHandler:LogFormat (UnityEngine.LogType,UnityEngine.Object,string,object[])
UnityEngine.Logger:Log (UnityEngine.LogType,object)
UnityEngine.Debug:Log (object)
EnemyGroundNavigator:Update () (at Assets/Scripts/EnemyScripts/EnemyGroundNavigator.cs:52)

(Filename: Assets/Scripts/EnemyScripts/EnemyGroundNavigator.cs Line: 52)

playerCharater (UnityEngine.Transform)
UnityEngine.Debug:ExtractStackTraceNoAlloc (byte*,int,string)
UnityEngine.StackTraceUtility:ExtractStackTrace () (at /home/bokken/build/output/unity/unity/Runtime/Export/Scripting/StackTrace.cs:35)
UnityEngine.DebugLogHandler:Internal_Log (UnityEngine.LogType,UnityEngine.LogOption,string,UnityEngine.Object)
UnityEngine.DebugLogHandler:LogFormat (UnityEngine.LogType,UnityEngine.Object,string,object[])
UnityEngine.Logger:Log (UnityEngine.LogType,object)
UnityEngine.Debug:Log (object)
EnemyGroundNavigator:Update () (at Assets/Scripts/EnemyScripts/EnemyGroundNavigator.cs:52)

(Filename: Assets/Scripts/EnemyScripts/EnemyGroundNavigator.cs Line: 52)

playerCharater (UnityEngine.Transform)
UnityEngine.Debug:ExtractStackTraceNoAlloc (byte*,int,string)
UnityEngine.StackTraceUtility:ExtractStackTrace () (at /home/bokken/build/output/unity/unity/Runtime/Export/Scripting/StackTrace.cs:35)
UnityEngine.DebugLogHandler:Internal_Log (UnityEngine.LogType,UnityEngine.LogOption,string,UnityEngine.Object)
UnityEngine.DebugLogHandler:LogFormat (UnityEngine.LogType,UnityEngine.Object,string,object[])
UnityEngine.Logger:Log (UnityEngine.LogType,object)
UnityEngine.Debug:Log (object)
EnemyGroundNavigator:Update () (at Assets/Scripts/EnemyScripts/EnemyGroundNavigator.cs:52)

(Filename: Assets/Scripts/EnemyScripts/EnemyGroundNavigator.cs Line: 52)

playerCharater (UnityEngine.Transform)
UnityEngine.Debug:ExtractStackTraceNoAlloc (byte*,int,string)
UnityEngine.StackTraceUtility:ExtractStackTrace () (at /home/bokken/build/output/unity/unity/Runtime/Export/Scripting/StackTrace.cs:35)
UnityEngine.DebugLogHandler:Internal_Log (UnityEngine.LogType,UnityEngine.LogOption,string,UnityEngine.Object)
UnityEngine.DebugLogHandler:LogFormat (UnityEngine.LogType,UnityEngine.Object,string,object[])
UnityEngine.Logger:Log (UnityEngine.LogType,object)
UnityEngine.Debug:Log (object)
EnemyGroundNavigator:Update () (at Assets/Scripts/EnemyScripts/EnemyGroundNavigator.cs:52)

(Filename: Assets/Scripts/EnemyScripts/EnemyGroundNavigator.cs Line: 52)

playerCharater (UnityEngine.Transform)
UnityEngine.Debug:ExtractStackTraceNoAlloc (byte*,int,string)
UnityEngine.StackTraceUtility:ExtractStackTrace () (at /home/bokken/build/output/unity/unity/Runtime/Export/Scripting/StackTrace.cs:35)
UnityEngine.DebugLogHandler:Internal_Log (UnityEngine.LogType,UnityEngine.LogOption,string,UnityEngine.Object)
UnityEngine.DebugLogHandler:LogFormat (UnityEngine.LogType,UnityEngine.Object,string,object[])
UnityEngine.Logger:Log (UnityEngine.LogType,object)
UnityEngine.Debug:Log (object)
EnemyGroundNavigator:Update () (at Assets/Scripts/EnemyScripts/EnemyGroundNavigator.cs:52)

(Filename: Assets/Scripts/EnemyScripts/EnemyGroundNavigator.cs Line: 52)

playerCharater (UnityEngine.Transform)
UnityEngine.Debug:ExtractStackTraceNoAlloc (byte*,int,string)
UnityEngine.StackTraceUtility:ExtractStackTrace () (at /home/bokken/build/output/unity/unity/Runtime/Export/Scripting/StackTrace.cs:35)
UnityEngine.DebugLogHandler:Internal_Log (UnityEngine.LogType,UnityEngine.LogOption,string,UnityEngine.Object)
UnityEngine.DebugLogHandler:LogFormat (UnityEngine.LogType,UnityEngine.Object,string,object[])
UnityEngine.Logger:Log (UnityEngine.LogType,object)
UnityEngine.Debug:Log (object)
EnemyGroundNavigator:Update () (at Assets/Scripts/EnemyScripts/EnemyGroundNavigator.cs:52)

(Filename: Assets/Scripts/EnemyScripts/EnemyGroundNavigator.cs Line: 52)

playerCharater (UnityEngine.Transform)
UnityEngine.Debug:ExtractStackTraceNoAlloc (byte*,int,string)
UnityEngine.StackTraceUtility:ExtractStackTrace () (at /home/bokken/build/output/unity/unity/Runtime/Export/Scripting/StackTrace.cs:35)
UnityEngine.DebugLogHandler:Internal_Log (UnityEngine.LogType,UnityEngine.LogOption,string,UnityEngine.Object)
UnityEngine.DebugLogHandler:LogFormat (UnityEngine.LogType,UnityEngine.Object,string,object[])
UnityEngine.Logger:Log (UnityEngine.LogType,object)
UnityEngine.Debug:Log (object)
EnemyGroundNavigator:Update () (at Assets/Scripts/EnemyScripts/EnemyGroundNavigator.cs:52)

(Filename: Assets/Scripts/EnemyScripts/EnemyGroundNavigator.cs Line: 52)

playerCharater (UnityEngine.Transform)
UnityEngine.Debug:ExtractStackTraceNoAlloc (byte*,int,string)
UnityEngine.StackTraceUtility:ExtractStackTrace () (at /home/bokken/build/output/unity/unity/Runtime/Export/Scripting/StackTrace.cs:35)
UnityEngine.DebugLogHandler:Internal_Log (UnityEngine.LogType,UnityEngine.LogOption,string,UnityEngine.Object)
UnityEngine.DebugLogHandler:LogFormat (UnityEngine.LogType,UnityEngine.Object,string,object[])
UnityEngine.Logger:Log (UnityEngine.LogType,object)
UnityEngine.Debug:Log (object)
EnemyGroundNavigator:Update () (at Assets/Scripts/EnemyScripts/EnemyGroundNavigator.cs:52)

(Filename: Assets/Scripts/EnemyScripts/EnemyGroundNavigator.cs Line: 52)

playerCharater (UnityEngine.Transform)
UnityEngine.Debug:ExtractStackTraceNoAlloc (byte*,int,string)
UnityEngine.StackTraceUtility:ExtractStackTrace () (at /home/bokken/build/output/unity/unity/Runtime/Export/Scripting/StackTrace.cs:35)
UnityEngine.DebugLogHandler:Internal_Log (UnityEngine.LogType,UnityEngine.LogOption,string,UnityEngine.Object)
UnityEngine.DebugLogHandler:LogFormat (UnityEngine.LogType,UnityEngine.Object,string,object[])
UnityEngine.Logger:Log (UnityEngine.LogType,object)
UnityEngine.Debug:Log (object)
EnemyGroundNavigator:Update () (at Assets/Scripts/EnemyScripts/EnemyGroundNavigator.cs:52)

(Filename: Assets/Scripts/EnemyScripts/EnemyGroundNavigator.cs Line: 52)

playerCharater (UnityEngine.Transform)
UnityEngine.Debug:ExtractStackTraceNoAlloc (byte*,int,string)
UnityEngine.StackTraceUtility:ExtractStackTrace () (at /home/bokken/build/output/unity/unity/Runtime/Export/Scripting/StackTrace.cs:35)
UnityEngine.DebugLogHandler:Internal_Log (UnityEngine.LogType,UnityEngine.LogOption,string,UnityEngine.Object)
UnityEngine.DebugLogHandler:LogFormat (UnityEngine.LogType,UnityEngine.Object,string,object[])
UnityEngine.Logger:Log (UnityEngine.LogType,object)
UnityEngine.Debug:Log (object)
EnemyGroundNavigator:Update () (at Assets/Scripts/EnemyScripts/EnemyGroundNavigator.cs:52)

(Filename: Assets/Scripts/EnemyScripts/EnemyGroundNavigator.cs Line: 52)

playerCharater (UnityEngine.Transform)
UnityEngine.Debug:ExtractStackTraceNoAlloc (byte*,int,string)
UnityEngine.StackTraceUtility:ExtractStackTrace () (at /home/bokken/build/output/unity/unity/Runtime/Export/Scripting/StackTrace.cs:35)
UnityEngine.DebugLogHandler:Internal_Log (UnityEngine.LogType,UnityEngine.LogOption,string,UnityEngine.Object)
UnityEngine.DebugLogHandler:LogFormat (UnityEngine.LogType,UnityEngine.Object,string,object[])
UnityEngine.Logger:Log (UnityEngine.LogType,object)
UnityEngine.Debug:Log (object)
EnemyGroundNavigator:Update () (at Assets/Scripts/EnemyScripts/EnemyGroundNavigator.cs:52)

(Filename: Assets/Scripts/EnemyScripts/EnemyGroundNavigator.cs Line: 52)

playerCharater (UnityEngine.Transform)
UnityEngine.Debug:ExtractStackTraceNoAlloc (byte*,int,string)
UnityEngine.StackTraceUtility:ExtractStackTrace () (at /home/bokken/build/output/unity/unity/Runtime/Export/Scripting/StackTrace.cs:35)
UnityEngine.DebugLogHandler:Internal_Log (UnityEngine.LogType,UnityEngine.LogOption,string,UnityEngine.Object)
UnityEngine.DebugLogHandler:LogFormat (UnityEngine.LogType,UnityEngine.Object,string,object[])
UnityEngine.Logger:Log (UnityEngine.LogType,object)
UnityEngine.Debug:Log (object)
EnemyGroundNavigator:Update () (at Assets/Scripts/EnemyScripts/EnemyGroundNavigator.cs:52)

(Filename: Assets/Scripts/EnemyScripts/EnemyGroundNavigator.cs Line: 52)

playerCharater (UnityEngine.Transform)
UnityEngine.Debug:ExtractStackTraceNoAlloc (byte*,int,string)
UnityEngine.StackTraceUtility:ExtractStackTrace () (at /home/bokken/build/output/unity/unity/Runtime/Export/Scripting/StackTrace.cs:35)
UnityEngine.DebugLogHandler:Internal_Log (UnityEngine.LogType,UnityEngine.LogOption,string,UnityEngine.Object)
UnityEngine.DebugLogHandler:LogFormat (UnityEngine.LogType,UnityEngine.Object,string,object[])
UnityEngine.Logger:Log (UnityEngine.LogType,object)
UnityEngine.Debug:Log (object)
EnemyGroundNavigator:Update () (at Assets/Scripts/EnemyScripts/EnemyGroundNavigator.cs:52)

(Filename: Assets/Scripts/EnemyScripts/EnemyGroundNavigator.cs Line: 52)

playerCharater (UnityEngine.Transform)
UnityEngine.Debug:ExtractStackTraceNoAlloc (byte*,int,string)
UnityEngine.StackTraceUtility:ExtractStackTrace () (at /home/bokken/build/output/unity/unity/Runtime/Export/Scripting/StackTrace.cs:35)
UnityEngine.DebugLogHandler:Internal_Log (UnityEngine.LogType,UnityEngine.LogOption,string,UnityEngine.Object)
UnityEngine.DebugLogHandler:LogFormat (UnityEngine.LogType,UnityEngine.Object,string,object[])
UnityEngine.Logger:Log (UnityEngine.LogType,object)
UnityEngine.Debug:Log (object)
EnemyGroundNavigator:Update () (at Assets/Scripts/EnemyScripts/EnemyGroundNavigator.cs:52)

(Filename: Assets/Scripts/EnemyScripts/EnemyGroundNavigator.cs Line: 52)

playerCharater (UnityEngine.Transform)
UnityEngine.Debug:ExtractStackTraceNoAlloc (byte*,int,string)
UnityEngine.StackTraceUtility:ExtractStackTrace () (at /home/bokken/build/output/unity/unity/Runtime/Export/Scripting/StackTrace.cs:35)
UnityEngine.DebugLogHandler:Internal_Log (UnityEngine.LogType,UnityEngine.LogOption,string,UnityEngine.Object)
UnityEngine.DebugLogHandler:LogFormat (UnityEngine.LogType,UnityEngine.Object,string,object[])
UnityEngine.Logger:Log (UnityEngine.LogType,object)
UnityEngine.Debug:Log (object)
EnemyGroundNavigator:Update () (at Assets/Scripts/EnemyScripts/EnemyGroundNavigator.cs:52)

(Filename: Assets/Scripts/EnemyScripts/EnemyGroundNavigator.cs Line: 52)

playerCharater (UnityEngine.Transform)
UnityEngine.Debug:ExtractStackTraceNoAlloc (byte*,int,string)
UnityEngine.StackTraceUtility:ExtractStackTrace () (at /home/bokken/build/output/unity/unity/Runtime/Export/Scripting/StackTrace.cs:35)
UnityEngine.DebugLogHandler:Internal_Log (UnityEngine.LogType,UnityEngine.LogOption,string,UnityEngine.Object)
UnityEngine.DebugLogHandler:LogFormat (UnityEngine.LogType,UnityEngine.Object,string,object[])
UnityEngine.Logger:Log (UnityEngine.LogType,object)
UnityEngine.Debug:Log (object)
EnemyGroundNavigator:Update () (at Assets/Scripts/EnemyScripts/EnemyGroundNavigator.cs:52)

(Filename: Assets/Scripts/EnemyScripts/EnemyGroundNavigator.cs Line: 52)

playerCharater (UnityEngine.Transform)
UnityEngine.Debug:ExtractStackTraceNoAlloc (byte*,int,string)
UnityEngine.StackTraceUtility:ExtractStackTrace () (at /home/bokken/build/output/unity/unity/Runtime/Export/Scripting/StackTrace.cs:35)
UnityEngine.DebugLogHandler:Internal_Log (UnityEngine.LogType,UnityEngine.LogOption,string,UnityEngine.Object)
UnityEngine.DebugLogHandler:LogFormat (UnityEngine.LogType,UnityEngine.Object,string,object[])
UnityEngine.Logger:Log (UnityEngine.LogType,object)
UnityEngine.Debug:Log (object)
EnemyGroundNavigator:Update () (at Assets/Scripts/EnemyScripts/EnemyGroundNavigator.cs:52)

(Filename: Assets/Scripts/EnemyScripts/EnemyGroundNavigator.cs Line: 52)

playerCharater (UnityEngine.Transform)
UnityEngine.Debug:ExtractStackTraceNoAlloc (byte*,int,string)
UnityEngine.StackTraceUtility:ExtractStackTrace () (at /home/bokken/build/output/unity/unity/Runtime/Export/Scripting/StackTrace.cs:35)
UnityEngine.DebugLogHandler:Internal_Log (UnityEngine.LogType,UnityEngine.LogOption,string,UnityEngine.Object)
UnityEngine.DebugLogHandler:LogFormat (UnityEngine.LogType,UnityEngine.Object,string,object[])
UnityEngine.Logger:Log (UnityEngine.LogType,object)
UnityEngine.Debug:Log (object)
EnemyGroundNavigator:Update () (at Assets/Scripts/EnemyScripts/EnemyGroundNavigator.cs:52)

(Filename: Assets/Scripts/EnemyScripts/EnemyGroundNavigator.cs Line: 52)

playerCharater (UnityEngine.Transform)
UnityEngine.Debug:ExtractStackTraceNoAlloc (byte*,int,string)
UnityEngine.StackTraceUtility:ExtractStackTrace () (at /home/bokken/build/output/unity/unity/Runtime/Export/Scripting/StackTrace.cs:35)
UnityEngine.DebugLogHandler:Internal_Log (UnityEngine.LogType,UnityEngine.LogOption,string,UnityEngine.Object)
UnityEngine.DebugLogHandler:LogFormat (UnityEngine.LogType,UnityEngine.Object,string,object[])
UnityEngine.Logger:Log (UnityEngine.LogType,object)
UnityEngine.Debug:Log (object)
EnemyGroundNavigator:Update () (at Assets/Scripts/EnemyScripts/EnemyGroundNavigator.cs:52)

(Filename: Assets/Scripts/EnemyScripts/EnemyGroundNavigator.cs Line: 52)

playerCharater (UnityEngine.Transform)
UnityEngine.Debug:ExtractStackTraceNoAlloc (byte*,int,string)
UnityEngine.StackTraceUtility:ExtractStackTrace () (at /home/bokken/build/output/unity/unity/Runtime/Export/Scripting/StackTrace.cs:35)
UnityEngine.DebugLogHandler:Internal_Log (UnityEngine.LogType,UnityEngine.LogOption,string,UnityEngine.Object)
UnityEngine.DebugLogHandler:LogFormat (UnityEngine.LogType,UnityEngine.Object,string,object[])
UnityEngine.Logger:Log (UnityEngine.LogType,object)
UnityEngine.Debug:Log (object)
EnemyGroundNavigator:Update () (at Assets/Scripts/EnemyScripts/EnemyGroundNavigator.cs:52)

(Filename: Assets/Scripts/EnemyScripts/EnemyGroundNavigator.cs Line: 52)

playerCharater (UnityEngine.Transform)
UnityEngine.Debug:ExtractStackTraceNoAlloc (byte*,int,string)
UnityEngine.StackTraceUtility:ExtractStackTrace () (at /home/bokken/build/output/unity/unity/Runtime/Export/Scripting/StackTrace.cs:35)
UnityEngine.DebugLogHandler:Internal_Log (UnityEngine.LogType,UnityEngine.LogOption,string,UnityEngine.Object)
UnityEngine.DebugLogHandler:LogFormat (UnityEngine.LogType,UnityEngine.Object,string,object[])
UnityEngine.Logger:Log (UnityEngine.LogType,object)
UnityEngine.Debug:Log (object)
EnemyGroundNavigator:Update () (at Assets/Scripts/EnemyScripts/EnemyGroundNavigator.cs:52)

(Filename: Assets/Scripts/EnemyScripts/EnemyGroundNavigator.cs Line: 52)

playerCharater (UnityEngine.Transform)
UnityEngine.Debug:ExtractStackTraceNoAlloc (byte*,int,string)
UnityEngine.StackTraceUtility:ExtractStackTrace () (at /home/bokken/build/output/unity/unity/Runtime/Export/Scripting/StackTrace.cs:35)
UnityEngine.DebugLogHandler:Internal_Log (UnityEngine.LogType,UnityEngine.LogOption,string,UnityEngine.Object)
UnityEngine.DebugLogHandler:LogFormat (UnityEngine.LogType,UnityEngine.Object,string,object[])
UnityEngine.Logger:Log (UnityEngine.LogType,object)
UnityEngine.Debug:Log (object)
EnemyGroundNavigator:Update () (at Assets/Scripts/EnemyScripts/EnemyGroundNavigator.cs:52)

(Filename: Assets/Scripts/EnemyScripts/EnemyGroundNavigator.cs Line: 52)

playerCharater (UnityEngine.Transform)
UnityEngine.Debug:ExtractStackTraceNoAlloc (byte*,int,string)
UnityEngine.StackTraceUtility:ExtractStackTrace () (at /home/bokken/build/output/unity/unity/Runtime/Export/Scripting/StackTrace.cs:35)
UnityEngine.DebugLogHandler:Internal_Log (UnityEngine.LogType,UnityEngine.LogOption,string,UnityEngine.Object)
UnityEngine.DebugLogHandler:LogFormat (UnityEngine.LogType,UnityEngine.Object,string,object[])
UnityEngine.Logger:Log (UnityEngine.LogType,object)
UnityEngine.Debug:Log (object)
EnemyGroundNavigator:Update () (at Assets/Scripts/EnemyScripts/EnemyGroundNavigator.cs:52)

(Filename: Assets/Scripts/EnemyScripts/EnemyGroundNavigator.cs Line: 52)

playerCharater (UnityEngine.Transform)
UnityEngine.Debug:ExtractStackTraceNoAlloc (byte*,int,string)
UnityEngine.StackTraceUtility:ExtractStackTrace () (at /home/bokken/build/output/unity/unity/Runtime/Export/Scripting/StackTrace.cs:35)
UnityEngine.DebugLogHandler:Internal_Log (UnityEngine.LogType,UnityEngine.LogOption,string,UnityEngine.Object)
UnityEngine.DebugLogHandler:LogFormat (UnityEngine.LogType,UnityEngine.Object,string,object[])
UnityEngine.Logger:Log (UnityEngine.LogType,object)
UnityEngine.Debug:Log (object)
EnemyGroundNavigator:Update () (at Assets/Scripts/EnemyScripts/EnemyGroundNavigator.cs:52)

(Filename: Assets/Scripts/EnemyScripts/EnemyGroundNavigator.cs Line: 52)

playerCharater (UnityEngine.Transform)
UnityEngine.Debug:ExtractStackTraceNoAlloc (byte*,int,string)
UnityEngine.StackTraceUtility:ExtractStackTrace () (at /home/bokken/build/output/unity/unity/Runtime/Export/Scripting/StackTrace.cs:35)
UnityEngine.DebugLogHandler:Internal_Log (UnityEngine.LogType,UnityEngine.LogOption,string,UnityEngine.Object)
UnityEngine.DebugLogHandler:LogFormat (UnityEngine.LogType,UnityEngine.Object,string,object[])
UnityEngine.Logger:Log (UnityEngine.LogType,object)
UnityEngine.Debug:Log (object)
EnemyGroundNavigator:Update () (at Assets/Scripts/EnemyScripts/EnemyGroundNavigator.cs:52)

(Filename: Assets/Scripts/EnemyScripts/EnemyGroundNavigator.cs Line: 52)

playerCharater (UnityEngine.Transform)
UnityEngine.Debug:ExtractStackTraceNoAlloc (byte*,int,string)
UnityEngine.StackTraceUtility:ExtractStackTrace () (at /home/bokken/build/output/unity/unity/Runtime/Export/Scripting/StackTrace.cs:35)
UnityEngine.DebugLogHandler:Internal_Log (UnityEngine.LogType,UnityEngine.LogOption,string,UnityEngine.Object)
UnityEngine.DebugLogHandler:LogFormat (UnityEngine.LogType,UnityEngine.Object,string,object[])
UnityEngine.Logger:Log (UnityEngine.LogType,object)
UnityEngine.Debug:Log (object)
EnemyGroundNavigator:Update () (at Assets/Scripts/EnemyScripts/EnemyGroundNavigator.cs:52)

(Filename: Assets/Scripts/EnemyScripts/EnemyGroundNavigator.cs Line: 52)

playerCharater (UnityEngine.Transform)
UnityEngine.Debug:ExtractStackTraceNoAlloc (byte*,int,string)
UnityEngine.StackTraceUtility:ExtractStackTrace () (at /home/bokken/build/output/unity/unity/Runtime/Export/Scripting/StackTrace.cs:35)
UnityEngine.DebugLogHandler:Internal_Log (UnityEngine.LogType,UnityEngine.LogOption,string,UnityEngine.Object)
UnityEngine.DebugLogHandler:LogFormat (UnityEngine.LogType,UnityEngine.Object,string,object[])
UnityEngine.Logger:Log (UnityEngine.LogType,object)
UnityEngine.Debug:Log (object)
EnemyGroundNavigator:Update () (at Assets/Scripts/EnemyScripts/EnemyGroundNavigator.cs:52)

(Filename: Assets/Scripts/EnemyScripts/EnemyGroundNavigator.cs Line: 52)

playerCharater (UnityEngine.Transform)
UnityEngine.Debug:ExtractStackTraceNoAlloc (byte*,int,string)
UnityEngine.StackTraceUtility:ExtractStackTrace () (at /home/bokken/build/output/unity/unity/Runtime/Export/Scripting/StackTrace.cs:35)
UnityEngine.DebugLogHandler:Internal_Log (UnityEngine.LogType,UnityEngine.LogOption,string,UnityEngine.Object)
UnityEngine.DebugLogHandler:LogFormat (UnityEngine.LogType,UnityEngine.Object,string,object[])
UnityEngine.Logger:Log (UnityEngine.LogType,object)
UnityEngine.Debug:Log (object)
EnemyGroundNavigator:Update () (at Assets/Scripts/EnemyScripts/EnemyGroundNavigator.cs:52)

(Filename: Assets/Scripts/EnemyScripts/EnemyGroundNavigator.cs Line: 52)

playerCharater (UnityEngine.Transform)
UnityEngine.Debug:ExtractStackTraceNoAlloc (byte*,int,string)
UnityEngine.StackTraceUtility:ExtractStackTrace () (at /home/bokken/build/output/unity/unity/Runtime/Export/Scripting/StackTrace.cs:35)
UnityEngine.DebugLogHandler:Internal_Log (UnityEngine.LogType,UnityEngine.LogOption,string,UnityEngine.Object)
UnityEngine.DebugLogHandler:LogFormat (UnityEngine.LogType,UnityEngine.Object,string,object[])
UnityEngine.Logger:Log (UnityEngine.LogType,object)
UnityEngine.Debug:Log (object)
EnemyGroundNavigator:Update () (at Assets/Scripts/EnemyScripts/EnemyGroundNavigator.cs:52)

(Filename: Assets/Scripts/EnemyScripts/EnemyGroundNavigator.cs Line: 52)

playerCharater (UnityEngine.Transform)
UnityEngine.Debug:ExtractStackTraceNoAlloc (byte*,int,string)
UnityEngine.StackTraceUtility:ExtractStackTrace () (at /home/bokken/build/output/unity/unity/Runtime/Export/Scripting/StackTrace.cs:35)
UnityEngine.DebugLogHandler:Internal_Log (UnityEngine.LogType,UnityEngine.LogOption,string,UnityEngine.Object)
UnityEngine.DebugLogHandler:LogFormat (UnityEngine.LogType,UnityEngine.Object,string,object[])
UnityEngine.Logger:Log (UnityEngine.LogType,object)
UnityEngine.Debug:Log (object)
EnemyGroundNavigator:Update () (at Assets/Scripts/EnemyScripts/EnemyGroundNavigator.cs:52)

(Filename: Assets/Scripts/EnemyScripts/EnemyGroundNavigator.cs Line: 52)

playerCharater (UnityEngine.Transform)
UnityEngine.Debug:ExtractStackTraceNoAlloc (byte*,int,string)
UnityEngine.StackTraceUtility:ExtractStackTrace () (at /home/bokken/build/output/unity/unity/Runtime/Export/Scripting/StackTrace.cs:35)
UnityEngine.DebugLogHandler:Internal_Log (UnityEngine.LogType,UnityEngine.LogOption,string,UnityEngine.Object)
UnityEngine.DebugLogHandler:LogFormat (UnityEngine.LogType,UnityEngine.Object,string,object[])
UnityEngine.Logger:Log (UnityEngine.LogType,object)
UnityEngine.Debug:Log (object)
EnemyGroundNavigator:Update () (at Assets/Scripts/EnemyScripts/EnemyGroundNavigator.cs:52)

(Filename: Assets/Scripts/EnemyScripts/EnemyGroundNavigator.cs Line: 52)

playerCharater (UnityEngine.Transform)
UnityEngine.Debug:ExtractStackTraceNoAlloc (byte*,int,string)
UnityEngine.StackTraceUtility:ExtractStackTrace () (at /home/bokken/build/output/unity/unity/Runtime/Export/Scripting/StackTrace.cs:35)
UnityEngine.DebugLogHandler:Internal_Log (UnityEngine.LogType,UnityEngine.LogOption,string,UnityEngine.Object)
UnityEngine.DebugLogHandler:LogFormat (UnityEngine.LogType,UnityEngine.Object,string,object[])
UnityEngine.Logger:Log (UnityEngine.LogType,object)
UnityEngine.Debug:Log (object)
EnemyGroundNavigator:Update () (at Assets/Scripts/EnemyScripts/EnemyGroundNavigator.cs:52)

(Filename: Assets/Scripts/EnemyScripts/EnemyGroundNavigator.cs Line: 52)

playerCharater (UnityEngine.Transform)
UnityEngine.Debug:ExtractStackTraceNoAlloc (byte*,int,string)
UnityEngine.StackTraceUtility:ExtractStackTrace () (at /home/bokken/build/output/unity/unity/Runtime/Export/Scripting/StackTrace.cs:35)
UnityEngine.DebugLogHandler:Internal_Log (UnityEngine.LogType,UnityEngine.LogOption,string,UnityEngine.Object)
UnityEngine.DebugLogHandler:LogFormat (UnityEngine.LogType,UnityEngine.Object,string,object[])
UnityEngine.Logger:Log (UnityEngine.LogType,object)
UnityEngine.Debug:Log (object)
EnemyGroundNavigator:Update () (at Assets/Scripts/EnemyScripts/EnemyGroundNavigator.cs:52)

(Filename: Assets/Scripts/EnemyScripts/EnemyGroundNavigator.cs Line: 52)

playerCharater (UnityEngine.Transform)
UnityEngine.Debug:ExtractStackTraceNoAlloc (byte*,int,string)
UnityEngine.StackTraceUtility:ExtractStackTrace () (at /home/bokken/build/output/unity/unity/Runtime/Export/Scripting/StackTrace.cs:35)
UnityEngine.DebugLogHandler:Internal_Log (UnityEngine.LogType,UnityEngine.LogOption,string,UnityEngine.Object)
UnityEngine.DebugLogHandler:LogFormat (UnityEngine.LogType,UnityEngine.Object,string,object[])
UnityEngine.Logger:Log (UnityEngine.LogType,object)
UnityEngine.Debug:Log (object)
EnemyGroundNavigator:Update () (at Assets/Scripts/EnemyScripts/EnemyGroundNavigator.cs:52)

(Filename: Assets/Scripts/EnemyScripts/EnemyGroundNavigator.cs Line: 52)

playerCharater (UnityEngine.Transform)
UnityEngine.Debug:ExtractStackTraceNoAlloc (byte*,int,string)
UnityEngine.StackTraceUtility:ExtractStackTrace () (at /home/bokken/build/output/unity/unity/Runtime/Export/Scripting/StackTrace.cs:35)
UnityEngine.DebugLogHandler:Internal_Log (UnityEngine.LogType,UnityEngine.LogOption,string,UnityEngine.Object)
UnityEngine.DebugLogHandler:LogFormat (UnityEngine.LogType,UnityEngine.Object,string,object[])
UnityEngine.Logger:Log (UnityEngine.LogType,object)
UnityEngine.Debug:Log (object)
EnemyGroundNavigator:Update () (at Assets/Scripts/EnemyScripts/EnemyGroundNavigator.cs:52)

(Filename: Assets/Scripts/EnemyScripts/EnemyGroundNavigator.cs Line: 52)

playerCharater (UnityEngine.Transform)
UnityEngine.Debug:ExtractStackTraceNoAlloc (byte*,int,string)
UnityEngine.StackTraceUtility:ExtractStackTrace () (at /home/bokken/build/output/unity/unity/Runtime/Export/Scripting/StackTrace.cs:35)
UnityEngine.DebugLogHandler:Internal_Log (UnityEngine.LogType,UnityEngine.LogOption,string,UnityEngine.Object)
UnityEngine.DebugLogHandler:LogFormat (UnityEngine.LogType,UnityEngine.Object,string,object[])
UnityEngine.Logger:Log (UnityEngine.LogType,object)
UnityEngine.Debug:Log (object)
EnemyGroundNavigator:Update () (at Assets/Scripts/EnemyScripts/EnemyGroundNavigator.cs:52)

(Filename: Assets/Scripts/EnemyScripts/EnemyGroundNavigator.cs Line: 52)

playerCharater (UnityEngine.Transform)
UnityEngine.Debug:ExtractStackTraceNoAlloc (byte*,int,string)
UnityEngine.StackTraceUtility:ExtractStackTrace () (at /home/bokken/build/output/unity/unity/Runtime/Export/Scripting/StackTrace.cs:35)
UnityEngine.DebugLogHandler:Internal_Log (UnityEngine.LogType,UnityEngine.LogOption,string,UnityEngine.Object)
UnityEngine.DebugLogHandler:LogFormat (UnityEngine.LogType,UnityEngine.Object,string,object[])
UnityEngine.Logger:Log (UnityEngine.LogType,object)
UnityEngine.Debug:Log (object)
EnemyGroundNavigator:Update () (at Assets/Scripts/EnemyScripts/EnemyGroundNavigator.cs:52)

(Filename: Assets/Scripts/EnemyScripts/EnemyGroundNavigator.cs Line: 52)

playerCharater (UnityEngine.Transform)
UnityEngine.Debug:ExtractStackTraceNoAlloc (byte*,int,string)
UnityEngine.StackTraceUtility:ExtractStackTrace () (at /home/bokken/build/output/unity/unity/Runtime/Export/Scripting/StackTrace.cs:35)
UnityEngine.DebugLogHandler:Internal_Log (UnityEngine.LogType,UnityEngine.LogOption,string,UnityEngine.Object)
UnityEngine.DebugLogHandler:LogFormat (UnityEngine.LogType,UnityEngine.Object,string,object[])
UnityEngine.Logger:Log (UnityEngine.LogType,object)
UnityEngine.Debug:Log (object)
EnemyGroundNavigator:Update () (at Assets/Scripts/EnemyScripts/EnemyGroundNavigator.cs:52)

(Filename: Assets/Scripts/EnemyScripts/EnemyGroundNavigator.cs Line: 52)

playerCharater (UnityEngine.Transform)
UnityEngine.Debug:ExtractStackTraceNoAlloc (byte*,int,string)
UnityEngine.StackTraceUtility:ExtractStackTrace () (at /home/bokken/build/output/unity/unity/Runtime/Export/Scripting/StackTrace.cs:35)
UnityEngine.DebugLogHandler:Internal_Log (UnityEngine.LogType,UnityEngine.LogOption,string,UnityEngine.Object)
UnityEngine.DebugLogHandler:LogFormat (UnityEngine.LogType,UnityEngine.Object,string,object[])
UnityEngine.Logger:Log (UnityEngine.LogType,object)
UnityEngine.Debug:Log (object)
EnemyGroundNavigator:Update () (at Assets/Scripts/EnemyScripts/EnemyGroundNavigator.cs:52)

(Filename: Assets/Scripts/EnemyScripts/EnemyGroundNavigator.cs Line: 52)

playerCharater (UnityEngine.Transform)
UnityEngine.Debug:ExtractStackTraceNoAlloc (byte*,int,string)
UnityEngine.StackTraceUtility:ExtractStackTrace () (at /home/bokken/build/output/unity/unity/Runtime/Export/Scripting/StackTrace.cs:35)
UnityEngine.DebugLogHandler:Internal_Log (UnityEngine.LogType,UnityEngine.LogOption,string,UnityEngine.Object)
UnityEngine.DebugLogHandler:LogFormat (UnityEngine.LogType,UnityEngine.Object,string,object[])
UnityEngine.Logger:Log (UnityEngine.LogType,object)
UnityEngine.Debug:Log (object)
EnemyGroundNavigator:Update () (at Assets/Scripts/EnemyScripts/EnemyGroundNavigator.cs:52)

(Filename: Assets/Scripts/EnemyScripts/EnemyGroundNavigator.cs Line: 52)

playerCharater (UnityEngine.Transform)
UnityEngine.Debug:ExtractStackTraceNoAlloc (byte*,int,string)
UnityEngine.StackTraceUtility:ExtractStackTrace () (at /home/bokken/build/output/unity/unity/Runtime/Export/Scripting/StackTrace.cs:35)
UnityEngine.DebugLogHandler:Internal_Log (UnityEngine.LogType,UnityEngine.LogOption,string,UnityEngine.Object)
UnityEngine.DebugLogHandler:LogFormat (UnityEngine.LogType,UnityEngine.Object,string,object[])
UnityEngine.Logger:Log (UnityEngine.LogType,object)
UnityEngine.Debug:Log (object)
EnemyGroundNavigator:Update () (at Assets/Scripts/EnemyScripts/EnemyGroundNavigator.cs:52)

(Filename: Assets/Scripts/EnemyScripts/EnemyGroundNavigator.cs Line: 52)

playerCharater (UnityEngine.Transform)
UnityEngine.Debug:ExtractStackTraceNoAlloc (byte*,int,string)
UnityEngine.StackTraceUtility:ExtractStackTrace () (at /home/bokken/build/output/unity/unity/Runtime/Export/Scripting/StackTrace.cs:35)
UnityEngine.DebugLogHandler:Internal_Log (UnityEngine.LogType,UnityEngine.LogOption,string,UnityEngine.Object)
UnityEngine.DebugLogHandler:LogFormat (UnityEngine.LogType,UnityEngine.Object,string,object[])
UnityEngine.Logger:Log (UnityEngine.LogType,object)
UnityEngine.Debug:Log (object)
EnemyGroundNavigator:Update () (at Assets/Scripts/EnemyScripts/EnemyGroundNavigator.cs:52)

(Filename: Assets/Scripts/EnemyScripts/EnemyGroundNavigator.cs Line: 52)

playerCharater (UnityEngine.Transform)
UnityEngine.Debug:ExtractStackTraceNoAlloc (byte*,int,string)
UnityEngine.StackTraceUtility:ExtractStackTrace () (at /home/bokken/build/output/unity/unity/Runtime/Export/Scripting/StackTrace.cs:35)
UnityEngine.DebugLogHandler:Internal_Log (UnityEngine.LogType,UnityEngine.LogOption,string,UnityEngine.Object)
UnityEngine.DebugLogHandler:LogFormat (UnityEngine.LogType,UnityEngine.Object,string,object[])
UnityEngine.Logger:Log (UnityEngine.LogType,object)
UnityEngine.Debug:Log (object)
EnemyGroundNavigator:Update () (at Assets/Scripts/EnemyScripts/EnemyGroundNavigator.cs:52)

(Filename: Assets/Scripts/EnemyScripts/EnemyGroundNavigator.cs Line: 52)

playerCharater (UnityEngine.Transform)
UnityEngine.Debug:ExtractStackTraceNoAlloc (byte*,int,string)
UnityEngine.StackTraceUtility:ExtractStackTrace () (at /home/bokken/build/output/unity/unity/Runtime/Export/Scripting/StackTrace.cs:35)
UnityEngine.DebugLogHandler:Internal_Log (UnityEngine.LogType,UnityEngine.LogOption,string,UnityEngine.Object)
UnityEngine.DebugLogHandler:LogFormat (UnityEngine.LogType,UnityEngine.Object,string,object[])
UnityEngine.Logger:Log (UnityEngine.LogType,object)
UnityEngine.Debug:Log (object)
EnemyGroundNavigator:Update () (at Assets/Scripts/EnemyScripts/EnemyGroundNavigator.cs:52)

(Filename: Assets/Scripts/EnemyScripts/EnemyGroundNavigator.cs Line: 52)

playerCharater (UnityEngine.Transform)
UnityEngine.Debug:ExtractStackTraceNoAlloc (byte*,int,string)
UnityEngine.StackTraceUtility:ExtractStackTrace () (at /home/bokken/build/output/unity/unity/Runtime/Export/Scripting/StackTrace.cs:35)
UnityEngine.DebugLogHandler:Internal_Log (UnityEngine.LogType,UnityEngine.LogOption,string,UnityEngine.Object)
UnityEngine.DebugLogHandler:LogFormat (UnityEngine.LogType,UnityEngine.Object,string,object[])
UnityEngine.Logger:Log (UnityEngine.LogType,object)
UnityEngine.Debug:Log (object)
EnemyGroundNavigator:Update () (at Assets/Scripts/EnemyScripts/EnemyGroundNavigator.cs:52)

(Filename: Assets/Scripts/EnemyScripts/EnemyGroundNavigator.cs Line: 52)

playerCharater (UnityEngine.Transform)
UnityEngine.Debug:ExtractStackTraceNoAlloc (byte*,int,string)
UnityEngine.StackTraceUtility:ExtractStackTrace () (at /home/bokken/build/output/unity/unity/Runtime/Export/Scripting/StackTrace.cs:35)
UnityEngine.DebugLogHandler:Internal_Log (UnityEngine.LogType,UnityEngine.LogOption,string,UnityEngine.Object)
UnityEngine.DebugLogHandler:LogFormat (UnityEngine.LogType,UnityEngine.Object,string,object[])
UnityEngine.Logger:Log (UnityEngine.LogType,object)
UnityEngine.Debug:Log (object)
EnemyGroundNavigator:Update () (at Assets/Scripts/EnemyScripts/EnemyGroundNavigator.cs:52)

(Filename: Assets/Scripts/EnemyScripts/EnemyGroundNavigator.cs Line: 52)

playerCharater (UnityEngine.Transform)
UnityEngine.Debug:ExtractStackTraceNoAlloc (byte*,int,string)
UnityEngine.StackTraceUtility:ExtractStackTrace () (at /home/bokken/build/output/unity/unity/Runtime/Export/Scripting/StackTrace.cs:35)
UnityEngine.DebugLogHandler:Internal_Log (UnityEngine.LogType,UnityEngine.LogOption,string,UnityEngine.Object)
UnityEngine.DebugLogHandler:LogFormat (UnityEngine.LogType,UnityEngine.Object,string,object[])
UnityEngine.Logger:Log (UnityEngine.LogType,object)
UnityEngine.Debug:Log (object)
EnemyGroundNavigator:Update () (at Assets/Scripts/EnemyScripts/EnemyGroundNavigator.cs:52)

(Filename: Assets/Scripts/EnemyScripts/EnemyGroundNavigator.cs Line: 52)

playerCharater (UnityEngine.Transform)
UnityEngine.Debug:ExtractStackTraceNoAlloc (byte*,int,string)
UnityEngine.StackTraceUtility:ExtractStackTrace () (at /home/bokken/build/output/unity/unity/Runtime/Export/Scripting/StackTrace.cs:35)
UnityEngine.DebugLogHandler:Internal_Log (UnityEngine.LogType,UnityEngine.LogOption,string,UnityEngine.Object)
UnityEngine.DebugLogHandler:LogFormat (UnityEngine.LogType,UnityEngine.Object,string,object[])
UnityEngine.Logger:Log (UnityEngine.LogType,object)
UnityEngine.Debug:Log (object)
EnemyGroundNavigator:Update () (at Assets/Scripts/EnemyScripts/EnemyGroundNavigator.cs:52)

(Filename: Assets/Scripts/EnemyScripts/EnemyGroundNavigator.cs Line: 52)

playerCharater (UnityEngine.Transform)
UnityEngine.Debug:ExtractStackTraceNoAlloc (byte*,int,string)
UnityEngine.StackTraceUtility:ExtractStackTrace () (at /home/bokken/build/output/unity/unity/Runtime/Export/Scripting/StackTrace.cs:35)
UnityEngine.DebugLogHandler:Internal_Log (UnityEngine.LogType,UnityEngine.LogOption,string,UnityEngine.Object)
UnityEngine.DebugLogHandler:LogFormat (UnityEngine.LogType,UnityEngine.Object,string,object[])
UnityEngine.Logger:Log (UnityEngine.LogType,object)
UnityEngine.Debug:Log (object)
EnemyGroundNavigator:Update () (at Assets/Scripts/EnemyScripts/EnemyGroundNavigator.cs:52)

(Filename: Assets/Scripts/EnemyScripts/EnemyGroundNavigator.cs Line: 52)

playerCharater (UnityEngine.Transform)
UnityEngine.Debug:ExtractStackTraceNoAlloc (byte*,int,string)
UnityEngine.StackTraceUtility:ExtractStackTrace () (at /home/bokken/build/output/unity/unity/Runtime/Export/Scripting/StackTrace.cs:35)
UnityEngine.DebugLogHandler:Internal_Log (UnityEngine.LogType,UnityEngine.LogOption,string,UnityEngine.Object)
UnityEngine.DebugLogHandler:LogFormat (UnityEngine.LogType,UnityEngine.Object,string,object[])
UnityEngine.Logger:Log (UnityEngine.LogType,object)
UnityEngine.Debug:Log (object)
EnemyGroundNavigator:Update () (at Assets/Scripts/EnemyScripts/EnemyGroundNavigator.cs:52)

(Filename: Assets/Scripts/EnemyScripts/EnemyGroundNavigator.cs Line: 52)

playerCharater (UnityEngine.Transform)
UnityEngine.Debug:ExtractStackTraceNoAlloc (byte*,int,string)
UnityEngine.StackTraceUtility:ExtractStackTrace () (at /home/bokken/build/output/unity/unity/Runtime/Export/Scripting/StackTrace.cs:35)
UnityEngine.DebugLogHandler:Internal_Log (UnityEngine.LogType,UnityEngine.LogOption,string,UnityEngine.Object)
UnityEngine.DebugLogHandler:LogFormat (UnityEngine.LogType,UnityEngine.Object,string,object[])
UnityEngine.Logger:Log (UnityEngine.LogType,object)
UnityEngine.Debug:Log (object)
EnemyGroundNavigator:Update () (at Assets/Scripts/EnemyScripts/EnemyGroundNavigator.cs:52)

(Filename: Assets/Scripts/EnemyScripts/EnemyGroundNavigator.cs Line: 52)

playerCharater (UnityEngine.Transform)
UnityEngine.Debug:ExtractStackTraceNoAlloc (byte*,int,string)
UnityEngine.StackTraceUtility:ExtractStackTrace () (at /home/bokken/build/output/unity/unity/Runtime/Export/Scripting/StackTrace.cs:35)
UnityEngine.DebugLogHandler:Internal_Log (UnityEngine.LogType,UnityEngine.LogOption,string,UnityEngine.Object)
UnityEngine.DebugLogHandler:LogFormat (UnityEngine.LogType,UnityEngine.Object,string,object[])
UnityEngine.Logger:Log (UnityEngine.LogType,object)
UnityEngine.Debug:Log (object)
EnemyGroundNavigator:Update () (at Assets/Scripts/EnemyScripts/EnemyGroundNavigator.cs:52)

(Filename: Assets/Scripts/EnemyScripts/EnemyGroundNavigator.cs Line: 52)

playerCharater (UnityEngine.Transform)
UnityEngine.Debug:ExtractStackTraceNoAlloc (byte*,int,string)
UnityEngine.StackTraceUtility:ExtractStackTrace () (at /home/bokken/build/output/unity/unity/Runtime/Export/Scripting/StackTrace.cs:35)
UnityEngine.DebugLogHandler:Internal_Log (UnityEngine.LogType,UnityEngine.LogOption,string,UnityEngine.Object)
UnityEngine.DebugLogHandler:LogFormat (UnityEngine.LogType,UnityEngine.Object,string,object[])
UnityEngine.Logger:Log (UnityEngine.LogType,object)
UnityEngine.Debug:Log (object)
EnemyGroundNavigator:Update () (at Assets/Scripts/EnemyScripts/EnemyGroundNavigator.cs:52)

(Filename: Assets/Scripts/EnemyScripts/EnemyGroundNavigator.cs Line: 52)

playerCharater (UnityEngine.Transform)
UnityEngine.Debug:ExtractStackTraceNoAlloc (byte*,int,string)
UnityEngine.StackTraceUtility:ExtractStackTrace () (at /home/bokken/build/output/unity/unity/Runtime/Export/Scripting/StackTrace.cs:35)
UnityEngine.DebugLogHandler:Internal_Log (UnityEngine.LogType,UnityEngine.LogOption,string,UnityEngine.Object)
UnityEngine.DebugLogHandler:LogFormat (UnityEngine.LogType,UnityEngine.Object,string,object[])
UnityEngine.Logger:Log (UnityEngine.LogType,object)
UnityEngine.Debug:Log (object)
EnemyGroundNavigator:Update () (at Assets/Scripts/EnemyScripts/EnemyGroundNavigator.cs:52)

(Filename: Assets/Scripts/EnemyScripts/EnemyGroundNavigator.cs Line: 52)

playerCharater (UnityEngine.Transform)
UnityEngine.Debug:ExtractStackTraceNoAlloc (byte*,int,string)
UnityEngine.StackTraceUtility:ExtractStackTrace () (at /home/bokken/build/output/unity/unity/Runtime/Export/Scripting/StackTrace.cs:35)
UnityEngine.DebugLogHandler:Internal_Log (UnityEngine.LogType,UnityEngine.LogOption,string,UnityEngine.Object)
UnityEngine.DebugLogHandler:LogFormat (UnityEngine.LogType,UnityEngine.Object,string,object[])
UnityEngine.Logger:Log (UnityEngine.LogType,object)
UnityEngine.Debug:Log (object)
EnemyGroundNavigator:Update () (at Assets/Scripts/EnemyScripts/EnemyGroundNavigator.cs:52)

(Filename: Assets/Scripts/EnemyScripts/EnemyGroundNavigator.cs Line: 52)

playerCharater (UnityEngine.Transform)
UnityEngine.Debug:ExtractStackTraceNoAlloc (byte*,int,string)
UnityEngine.StackTraceUtility:ExtractStackTrace () (at /home/bokken/build/output/unity/unity/Runtime/Export/Scripting/StackTrace.cs:35)
UnityEngine.DebugLogHandler:Internal_Log (UnityEngine.LogType,UnityEngine.LogOption,string,UnityEngine.Object)
UnityEngine.DebugLogHandler:LogFormat (UnityEngine.LogType,UnityEngine.Object,string,object[])
UnityEngine.Logger:Log (UnityEngine.LogType,object)
UnityEngine.Debug:Log (object)
EnemyGroundNavigator:Update () (at Assets/Scripts/EnemyScripts/EnemyGroundNavigator.cs:52)

(Filename: Assets/Scripts/EnemyScripts/EnemyGroundNavigator.cs Line: 52)

playerCharater (UnityEngine.Transform)
UnityEngine.Debug:ExtractStackTraceNoAlloc (byte*,int,string)
UnityEngine.StackTraceUtility:ExtractStackTrace () (at /home/bokken/build/output/unity/unity/Runtime/Export/Scripting/StackTrace.cs:35)
UnityEngine.DebugLogHandler:Internal_Log (UnityEngine.LogType,UnityEngine.LogOption,string,UnityEngine.Object)
UnityEngine.DebugLogHandler:LogFormat (UnityEngine.LogType,UnityEngine.Object,string,object[])
UnityEngine.Logger:Log (UnityEngine.LogType,object)
UnityEngine.Debug:Log (object)
EnemyGroundNavigator:Update () (at Assets/Scripts/EnemyScripts/EnemyGroundNavigator.cs:52)

(Filename: Assets/Scripts/EnemyScripts/EnemyGroundNavigator.cs Line: 52)

playerCharater (UnityEngine.Transform)
UnityEngine.Debug:ExtractStackTraceNoAlloc (byte*,int,string)
UnityEngine.StackTraceUtility:ExtractStackTrace () (at /home/bokken/build/output/unity/unity/Runtime/Export/Scripting/StackTrace.cs:35)
UnityEngine.DebugLogHandler:Internal_Log (UnityEngine.LogType,UnityEngine.LogOption,string,UnityEngine.Object)
UnityEngine.DebugLogHandler:LogFormat (UnityEngine.LogType,UnityEngine.Object,string,object[])
UnityEngine.Logger:Log (UnityEngine.LogType,object)
UnityEngine.Debug:Log (object)
EnemyGroundNavigator:Update () (at Assets/Scripts/EnemyScripts/EnemyGroundNavigator.cs:52)

(Filename: Assets/Scripts/EnemyScripts/EnemyGroundNavigator.cs Line: 52)

playerCharater (UnityEngine.Transform)
UnityEngine.Debug:ExtractStackTraceNoAlloc (byte*,int,string)
UnityEngine.StackTraceUtility:ExtractStackTrace () (at /home/bokken/build/output/unity/unity/Runtime/Export/Scripting/StackTrace.cs:35)
UnityEngine.DebugLogHandler:Internal_Log (UnityEngine.LogType,UnityEngine.LogOption,string,UnityEngine.Object)
UnityEngine.DebugLogHandler:LogFormat (UnityEngine.LogType,UnityEngine.Object,string,object[])
UnityEngine.Logger:Log (UnityEngine.LogType,object)
UnityEngine.Debug:Log (object)
EnemyGroundNavigator:Update () (at Assets/Scripts/EnemyScripts/EnemyGroundNavigator.cs:52)

(Filename: Assets/Scripts/EnemyScripts/EnemyGroundNavigator.cs Line: 52)

playerCharater (UnityEngine.Transform)
UnityEngine.Debug:ExtractStackTraceNoAlloc (byte*,int,string)
UnityEngine.StackTraceUtility:ExtractStackTrace () (at /home/bokken/build/output/unity/unity/Runtime/Export/Scripting/StackTrace.cs:35)
UnityEngine.DebugLogHandler:Internal_Log (UnityEngine.LogType,UnityEngine.LogOption,string,UnityEngine.Object)
UnityEngine.DebugLogHandler:LogFormat (UnityEngine.LogType,UnityEngine.Object,string,object[])
UnityEngine.Logger:Log (UnityEngine.LogType,object)
UnityEngine.Debug:Log (object)
EnemyGroundNavigator:Update () (at Assets/Scripts/EnemyScripts/EnemyGroundNavigator.cs:52)

(Filename: Assets/Scripts/EnemyScripts/EnemyGroundNavigator.cs Line: 52)

playerCharater (UnityEngine.Transform)
UnityEngine.Debug:ExtractStackTraceNoAlloc (byte*,int,string)
UnityEngine.StackTraceUtility:ExtractStackTrace () (at /home/bokken/build/output/unity/unity/Runtime/Export/Scripting/StackTrace.cs:35)
UnityEngine.DebugLogHandler:Internal_Log (UnityEngine.LogType,UnityEngine.LogOption,string,UnityEngine.Object)
UnityEngine.DebugLogHandler:LogFormat (UnityEngine.LogType,UnityEngine.Object,string,object[])
UnityEngine.Logger:Log (UnityEngine.LogType,object)
UnityEngine.Debug:Log (object)
EnemyGroundNavigator:Update () (at Assets/Scripts/EnemyScripts/EnemyGroundNavigator.cs:52)

(Filename: Assets/Scripts/EnemyScripts/EnemyGroundNavigator.cs Line: 52)

playerCharater (UnityEngine.Transform)
UnityEngine.Debug:ExtractStackTraceNoAlloc (byte*,int,string)
UnityEngine.StackTraceUtility:ExtractStackTrace () (at /home/bokken/build/output/unity/unity/Runtime/Export/Scripting/StackTrace.cs:35)
UnityEngine.DebugLogHandler:Internal_Log (UnityEngine.LogType,UnityEngine.LogOption,string,UnityEngine.Object)
UnityEngine.DebugLogHandler:LogFormat (UnityEngine.LogType,UnityEngine.Object,string,object[])
UnityEngine.Logger:Log (UnityEngine.LogType,object)
UnityEngine.Debug:Log (object)
EnemyGroundNavigator:Update () (at Assets/Scripts/EnemyScripts/EnemyGroundNavigator.cs:52)

(Filename: Assets/Scripts/EnemyScripts/EnemyGroundNavigator.cs Line: 52)

playerCharater (UnityEngine.Transform)
UnityEngine.Debug:ExtractStackTraceNoAlloc (byte*,int,string)
UnityEngine.StackTraceUtility:ExtractStackTrace () (at /home/bokken/build/output/unity/unity/Runtime/Export/Scripting/StackTrace.cs:35)
UnityEngine.DebugLogHandler:Internal_Log (UnityEngine.LogType,UnityEngine.LogOption,string,UnityEngine.Object)
UnityEngine.DebugLogHandler:LogFormat (UnityEngine.LogType,UnityEngine.Object,string,object[])
UnityEngine.Logger:Log (UnityEngine.LogType,object)
UnityEngine.Debug:Log (object)
EnemyGroundNavigator:Update () (at Assets/Scripts/EnemyScripts/EnemyGroundNavigator.cs:52)

(Filename: Assets/Scripts/EnemyScripts/EnemyGroundNavigator.cs Line: 52)

playerCharater (UnityEngine.Transform)
UnityEngine.Debug:ExtractStackTraceNoAlloc (byte*,int,string)
UnityEngine.StackTraceUtility:ExtractStackTrace () (at /home/bokken/build/output/unity/unity/Runtime/Export/Scripting/StackTrace.cs:35)
UnityEngine.DebugLogHandler:Internal_Log (UnityEngine.LogType,UnityEngine.LogOption,string,UnityEngine.Object)
UnityEngine.DebugLogHandler:LogFormat (UnityEngine.LogType,UnityEngine.Object,string,object[])
UnityEngine.Logger:Log (UnityEngine.LogType,object)
UnityEngine.Debug:Log (object)
EnemyGroundNavigator:Update () (at Assets/Scripts/EnemyScripts/EnemyGroundNavigator.cs:52)

(Filename: Assets/Scripts/EnemyScripts/EnemyGroundNavigator.cs Line: 52)

playerCharater (UnityEngine.Transform)
UnityEngine.Debug:ExtractStackTraceNoAlloc (byte*,int,string)
UnityEngine.StackTraceUtility:ExtractStackTrace () (at /home/bokken/build/output/unity/unity/Runtime/Export/Scripting/StackTrace.cs:35)
UnityEngine.DebugLogHandler:Internal_Log (UnityEngine.LogType,UnityEngine.LogOption,string,UnityEngine.Object)
UnityEngine.DebugLogHandler:LogFormat (UnityEngine.LogType,UnityEngine.Object,string,object[])
UnityEngine.Logger:Log (UnityEngine.LogType,object)
UnityEngine.Debug:Log (object)
EnemyGroundNavigator:Update () (at Assets/Scripts/EnemyScripts/EnemyGroundNavigator.cs:52)

(Filename: Assets/Scripts/EnemyScripts/EnemyGroundNavigator.cs Line: 52)

playerCharater (UnityEngine.Transform)
UnityEngine.Debug:ExtractStackTraceNoAlloc (byte*,int,string)
UnityEngine.StackTraceUtility:ExtractStackTrace () (at /home/bokken/build/output/unity/unity/Runtime/Export/Scripting/StackTrace.cs:35)
UnityEngine.DebugLogHandler:Internal_Log (UnityEngine.LogType,UnityEngine.LogOption,string,UnityEngine.Object)
UnityEngine.DebugLogHandler:LogFormat (UnityEngine.LogType,UnityEngine.Object,string,object[])
UnityEngine.Logger:Log (UnityEngine.LogType,object)
UnityEngine.Debug:Log (object)
EnemyGroundNavigator:Update () (at Assets/Scripts/EnemyScripts/EnemyGroundNavigator.cs:52)

(Filename: Assets/Scripts/EnemyScripts/EnemyGroundNavigator.cs Line: 52)

playerCharater (UnityEngine.Transform)
UnityEngine.Debug:ExtractStackTraceNoAlloc (byte*,int,string)
UnityEngine.StackTraceUtility:ExtractStackTrace () (at /home/bokken/build/output/unity/unity/Runtime/Export/Scripting/StackTrace.cs:35)
UnityEngine.DebugLogHandler:Internal_Log (UnityEngine.LogType,UnityEngine.LogOption,string,UnityEngine.Object)
UnityEngine.DebugLogHandler:LogFormat (UnityEngine.LogType,UnityEngine.Object,string,object[])
UnityEngine.Logger:Log (UnityEngine.LogType,object)
UnityEngine.Debug:Log (object)
EnemyGroundNavigator:Update () (at Assets/Scripts/EnemyScripts/EnemyGroundNavigator.cs:52)

(Filename: Assets/Scripts/EnemyScripts/EnemyGroundNavigator.cs Line: 52)

playerCharater (UnityEngine.Transform)
UnityEngine.Debug:ExtractStackTraceNoAlloc (byte*,int,string)
UnityEngine.StackTraceUtility:ExtractStackTrace () (at /home/bokken/build/output/unity/unity/Runtime/Export/Scripting/StackTrace.cs:35)
UnityEngine.DebugLogHandler:Internal_Log (UnityEngine.LogType,UnityEngine.LogOption,string,UnityEngine.Object)
UnityEngine.DebugLogHandler:LogFormat (UnityEngine.LogType,UnityEngine.Object,string,object[])
UnityEngine.Logger:Log (UnityEngine.LogType,object)
UnityEngine.Debug:Log (object)
EnemyGroundNavigator:Update () (at Assets/Scripts/EnemyScripts/EnemyGroundNavigator.cs:52)

(Filename: Assets/Scripts/EnemyScripts/EnemyGroundNavigator.cs Line: 52)

playerCharater (UnityEngine.Transform)
UnityEngine.Debug:ExtractStackTraceNoAlloc (byte*,int,string)
UnityEngine.StackTraceUtility:ExtractStackTrace () (at /home/bokken/build/output/unity/unity/Runtime/Export/Scripting/StackTrace.cs:35)
UnityEngine.DebugLogHandler:Internal_Log (UnityEngine.LogType,UnityEngine.LogOption,string,UnityEngine.Object)
UnityEngine.DebugLogHandler:LogFormat (UnityEngine.LogType,UnityEngine.Object,string,object[])
UnityEngine.Logger:Log (UnityEngine.LogType,object)
UnityEngine.Debug:Log (object)
EnemyGroundNavigator:Update () (at Assets/Scripts/EnemyScripts/EnemyGroundNavigator.cs:52)

(Filename: Assets/Scripts/EnemyScripts/EnemyGroundNavigator.cs Line: 52)

playerCharater (UnityEngine.Transform)
UnityEngine.Debug:ExtractStackTraceNoAlloc (byte*,int,string)
UnityEngine.StackTraceUtility:ExtractStackTrace () (at /home/bokken/build/output/unity/unity/Runtime/Export/Scripting/StackTrace.cs:35)
UnityEngine.DebugLogHandler:Internal_Log (UnityEngine.LogType,UnityEngine.LogOption,string,UnityEngine.Object)
UnityEngine.DebugLogHandler:LogFormat (UnityEngine.LogType,UnityEngine.Object,string,object[])
UnityEngine.Logger:Log (UnityEngine.LogType,object)
UnityEngine.Debug:Log (object)
EnemyGroundNavigator:Update () (at Assets/Scripts/EnemyScripts/EnemyGroundNavigator.cs:52)

(Filename: Assets/Scripts/EnemyScripts/EnemyGroundNavigator.cs Line: 52)

playerCharater (UnityEngine.Transform)
UnityEngine.Debug:ExtractStackTraceNoAlloc (byte*,int,string)
UnityEngine.StackTraceUtility:ExtractStackTrace () (at /home/bokken/build/output/unity/unity/Runtime/Export/Scripting/StackTrace.cs:35)
UnityEngine.DebugLogHandler:Internal_Log (UnityEngine.LogType,UnityEngine.LogOption,string,UnityEngine.Object)
UnityEngine.DebugLogHandler:LogFormat (UnityEngine.LogType,UnityEngine.Object,string,object[])
UnityEngine.Logger:Log (UnityEngine.LogType,object)
UnityEngine.Debug:Log (object)
EnemyGroundNavigator:Update () (at Assets/Scripts/EnemyScripts/EnemyGroundNavigator.cs:52)

(Filename: Assets/Scripts/EnemyScripts/EnemyGroundNavigator.cs Line: 52)

playerCharater (UnityEngine.Transform)
UnityEngine.Debug:ExtractStackTraceNoAlloc (byte*,int,string)
UnityEngine.StackTraceUtility:ExtractStackTrace () (at /home/bokken/build/output/unity/unity/Runtime/Export/Scripting/StackTrace.cs:35)
UnityEngine.DebugLogHandler:Internal_Log (UnityEngine.LogType,UnityEngine.LogOption,string,UnityEngine.Object)
UnityEngine.DebugLogHandler:LogFormat (UnityEngine.LogType,UnityEngine.Object,string,object[])
UnityEngine.Logger:Log (UnityEngine.LogType,object)
UnityEngine.Debug:Log (object)
EnemyGroundNavigator:Update () (at Assets/Scripts/EnemyScripts/EnemyGroundNavigator.cs:52)

(Filename: Assets/Scripts/EnemyScripts/EnemyGroundNavigator.cs Line: 52)

playerCharater (UnityEngine.Transform)
UnityEngine.Debug:ExtractStackTraceNoAlloc (byte*,int,string)
UnityEngine.StackTraceUtility:ExtractStackTrace () (at /home/bokken/build/output/unity/unity/Runtime/Export/Scripting/StackTrace.cs:35)
UnityEngine.DebugLogHandler:Internal_Log (UnityEngine.LogType,UnityEngine.LogOption,string,UnityEngine.Object)
UnityEngine.DebugLogHandler:LogFormat (UnityEngine.LogType,UnityEngine.Object,string,object[])
UnityEngine.Logger:Log (UnityEngine.LogType,object)
UnityEngine.Debug:Log (object)
EnemyGroundNavigator:Update () (at Assets/Scripts/EnemyScripts/EnemyGroundNavigator.cs:52)

(Filename: Assets/Scripts/EnemyScripts/EnemyGroundNavigator.cs Line: 52)

playerCharater (UnityEngine.Transform)
UnityEngine.Debug:ExtractStackTraceNoAlloc (byte*,int,string)
UnityEngine.StackTraceUtility:ExtractStackTrace () (at /home/bokken/build/output/unity/unity/Runtime/Export/Scripting/StackTrace.cs:35)
UnityEngine.DebugLogHandler:Internal_Log (UnityEngine.LogType,UnityEngine.LogOption,string,UnityEngine.Object)
UnityEngine.DebugLogHandler:LogFormat (UnityEngine.LogType,UnityEngine.Object,string,object[])
UnityEngine.Logger:Log (UnityEngine.LogType,object)
UnityEngine.Debug:Log (object)
EnemyGroundNavigator:Update () (at Assets/Scripts/EnemyScripts/EnemyGroundNavigator.cs:52)

(Filename: Assets/Scripts/EnemyScripts/EnemyGroundNavigator.cs Line: 52)

playerCharater (UnityEngine.Transform)
UnityEngine.Debug:ExtractStackTraceNoAlloc (byte*,int,string)
UnityEngine.StackTraceUtility:ExtractStackTrace () (at /home/bokken/build/output/unity/unity/Runtime/Export/Scripting/StackTrace.cs:35)
UnityEngine.DebugLogHandler:Internal_Log (UnityEngine.LogType,UnityEngine.LogOption,string,UnityEngine.Object)
UnityEngine.DebugLogHandler:LogFormat (UnityEngine.LogType,UnityEngine.Object,string,object[])
UnityEngine.Logger:Log (UnityEngine.LogType,object)
UnityEngine.Debug:Log (object)
EnemyGroundNavigator:Update () (at Assets/Scripts/EnemyScripts/EnemyGroundNavigator.cs:52)

(Filename: Assets/Scripts/EnemyScripts/EnemyGroundNavigator.cs Line: 52)

playerCharater (UnityEngine.Transform)
UnityEngine.Debug:ExtractStackTraceNoAlloc (byte*,int,string)
UnityEngine.StackTraceUtility:ExtractStackTrace () (at /home/bokken/build/output/unity/unity/Runtime/Export/Scripting/StackTrace.cs:35)
UnityEngine.DebugLogHandler:Internal_Log (UnityEngine.LogType,UnityEngine.LogOption,string,UnityEngine.Object)
UnityEngine.DebugLogHandler:LogFormat (UnityEngine.LogType,UnityEngine.Object,string,object[])
UnityEngine.Logger:Log (UnityEngine.LogType,object)
UnityEngine.Debug:Log (object)
EnemyGroundNavigator:Update () (at Assets/Scripts/EnemyScripts/EnemyGroundNavigator.cs:52)

(Filename: Assets/Scripts/EnemyScripts/EnemyGroundNavigator.cs Line: 52)

playerCharater (UnityEngine.Transform)
UnityEngine.Debug:ExtractStackTraceNoAlloc (byte*,int,string)
UnityEngine.StackTraceUtility:ExtractStackTrace () (at /home/bokken/build/output/unity/unity/Runtime/Export/Scripting/StackTrace.cs:35)
UnityEngine.DebugLogHandler:Internal_Log (UnityEngine.LogType,UnityEngine.LogOption,string,UnityEngine.Object)
UnityEngine.DebugLogHandler:LogFormat (UnityEngine.LogType,UnityEngine.Object,string,object[])
UnityEngine.Logger:Log (UnityEngine.LogType,object)
UnityEngine.Debug:Log (object)
EnemyGroundNavigator:Update () (at Assets/Scripts/EnemyScripts/EnemyGroundNavigator.cs:52)

(Filename: Assets/Scripts/EnemyScripts/EnemyGroundNavigator.cs Line: 52)

playerCharater (UnityEngine.Transform)
UnityEngine.Debug:ExtractStackTraceNoAlloc (byte*,int,string)
UnityEngine.StackTraceUtility:ExtractStackTrace () (at /home/bokken/build/output/unity/unity/Runtime/Export/Scripting/StackTrace.cs:35)
UnityEngine.DebugLogHandler:Internal_Log (UnityEngine.LogType,UnityEngine.LogOption,string,UnityEngine.Object)
UnityEngine.DebugLogHandler:LogFormat (UnityEngine.LogType,UnityEngine.Object,string,object[])
UnityEngine.Logger:Log (UnityEngine.LogType,object)
UnityEngine.Debug:Log (object)
EnemyGroundNavigator:Update () (at Assets/Scripts/EnemyScripts/EnemyGroundNavigator.cs:52)

(Filename: Assets/Scripts/EnemyScripts/EnemyGroundNavigator.cs Line: 52)

playerCharater (UnityEngine.Transform)
UnityEngine.Debug:ExtractStackTraceNoAlloc (byte*,int,string)
UnityEngine.StackTraceUtility:ExtractStackTrace () (at /home/bokken/build/output/unity/unity/Runtime/Export/Scripting/StackTrace.cs:35)
UnityEngine.DebugLogHandler:Internal_Log (UnityEngine.LogType,UnityEngine.LogOption,string,UnityEngine.Object)
UnityEngine.DebugLogHandler:LogFormat (UnityEngine.LogType,UnityEngine.Object,string,object[])
UnityEngine.Logger:Log (UnityEngine.LogType,object)
UnityEngine.Debug:Log (object)
EnemyGroundNavigator:Update () (at Assets/Scripts/EnemyScripts/EnemyGroundNavigator.cs:52)

(Filename: Assets/Scripts/EnemyScripts/EnemyGroundNavigator.cs Line: 52)

playerCharater (UnityEngine.Transform)
UnityEngine.Debug:ExtractStackTraceNoAlloc (byte*,int,string)
UnityEngine.StackTraceUtility:ExtractStackTrace () (at /home/bokken/build/output/unity/unity/Runtime/Export/Scripting/StackTrace.cs:35)
UnityEngine.DebugLogHandler:Internal_Log (UnityEngine.LogType,UnityEngine.LogOption,string,UnityEngine.Object)
UnityEngine.DebugLogHandler:LogFormat (UnityEngine.LogType,UnityEngine.Object,string,object[])
UnityEngine.Logger:Log (UnityEngine.LogType,object)
UnityEngine.Debug:Log (object)
EnemyGroundNavigator:Update () (at Assets/Scripts/EnemyScripts/EnemyGroundNavigator.cs:52)

(Filename: Assets/Scripts/EnemyScripts/EnemyGroundNavigator.cs Line: 52)

playerCharater (UnityEngine.Transform)
UnityEngine.Debug:ExtractStackTraceNoAlloc (byte*,int,string)
UnityEngine.StackTraceUtility:ExtractStackTrace () (at /home/bokken/build/output/unity/unity/Runtime/Export/Scripting/StackTrace.cs:35)
UnityEngine.DebugLogHandler:Internal_Log (UnityEngine.LogType,UnityEngine.LogOption,string,UnityEngine.Object)
UnityEngine.DebugLogHandler:LogFormat (UnityEngine.LogType,UnityEngine.Object,string,object[])
UnityEngine.Logger:Log (UnityEngine.LogType,object)
UnityEngine.Debug:Log (object)
EnemyGroundNavigator:Update () (at Assets/Scripts/EnemyScripts/EnemyGroundNavigator.cs:52)

(Filename: Assets/Scripts/EnemyScripts/EnemyGroundNavigator.cs Line: 52)

playerCharater (UnityEngine.Transform)
UnityEngine.Debug:ExtractStackTraceNoAlloc (byte*,int,string)
UnityEngine.StackTraceUtility:ExtractStackTrace () (at /home/bokken/build/output/unity/unity/Runtime/Export/Scripting/StackTrace.cs:35)
UnityEngine.DebugLogHandler:Internal_Log (UnityEngine.LogType,UnityEngine.LogOption,string,UnityEngine.Object)
UnityEngine.DebugLogHandler:LogFormat (UnityEngine.LogType,UnityEngine.Object,string,object[])
UnityEngine.Logger:Log (UnityEngine.LogType,object)
UnityEngine.Debug:Log (object)
EnemyGroundNavigator:Update () (at Assets/Scripts/EnemyScripts/EnemyGroundNavigator.cs:52)

(Filename: Assets/Scripts/EnemyScripts/EnemyGroundNavigator.cs Line: 52)

playerCharater (UnityEngine.Transform)
UnityEngine.Debug:ExtractStackTraceNoAlloc (byte*,int,string)
UnityEngine.StackTraceUtility:ExtractStackTrace () (at /home/bokken/build/output/unity/unity/Runtime/Export/Scripting/StackTrace.cs:35)
UnityEngine.DebugLogHandler:Internal_Log (UnityEngine.LogType,UnityEngine.LogOption,string,UnityEngine.Object)
UnityEngine.DebugLogHandler:LogFormat (UnityEngine.LogType,UnityEngine.Object,string,object[])
UnityEngine.Logger:Log (UnityEngine.LogType,object)
UnityEngine.Debug:Log (object)
EnemyGroundNavigator:Update () (at Assets/Scripts/EnemyScripts/EnemyGroundNavigator.cs:52)

(Filename: Assets/Scripts/EnemyScripts/EnemyGroundNavigator.cs Line: 52)

playerCharater (UnityEngine.Transform)
UnityEngine.Debug:ExtractStackTraceNoAlloc (byte*,int,string)
UnityEngine.StackTraceUtility:ExtractStackTrace () (at /home/bokken/build/output/unity/unity/Runtime/Export/Scripting/StackTrace.cs:35)
UnityEngine.DebugLogHandler:Internal_Log (UnityEngine.LogType,UnityEngine.LogOption,string,UnityEngine.Object)
UnityEngine.DebugLogHandler:LogFormat (UnityEngine.LogType,UnityEngine.Object,string,object[])
UnityEngine.Logger:Log (UnityEngine.LogType,object)
UnityEngine.Debug:Log (object)
EnemyGroundNavigator:Update () (at Assets/Scripts/EnemyScripts/EnemyGroundNavigator.cs:52)

(Filename: Assets/Scripts/EnemyScripts/EnemyGroundNavigator.cs Line: 52)

playerCharater (UnityEngine.Transform)
UnityEngine.Debug:ExtractStackTraceNoAlloc (byte*,int,string)
UnityEngine.StackTraceUtility:ExtractStackTrace () (at /home/bokken/build/output/unity/unity/Runtime/Export/Scripting/StackTrace.cs:35)
UnityEngine.DebugLogHandler:Internal_Log (UnityEngine.LogType,UnityEngine.LogOption,string,UnityEngine.Object)
UnityEngine.DebugLogHandler:LogFormat (UnityEngine.LogType,UnityEngine.Object,string,object[])
UnityEngine.Logger:Log (UnityEngine.LogType,object)
UnityEngine.Debug:Log (object)
EnemyGroundNavigator:Update () (at Assets/Scripts/EnemyScripts/EnemyGroundNavigator.cs:52)

(Filename: Assets/Scripts/EnemyScripts/EnemyGroundNavigator.cs Line: 52)

playerCharater (UnityEngine.Transform)
UnityEngine.Debug:ExtractStackTraceNoAlloc (byte*,int,string)
UnityEngine.StackTraceUtility:ExtractStackTrace () (at /home/bokken/build/output/unity/unity/Runtime/Export/Scripting/StackTrace.cs:35)
UnityEngine.DebugLogHandler:Internal_Log (UnityEngine.LogType,UnityEngine.LogOption,string,UnityEngine.Object)
UnityEngine.DebugLogHandler:LogFormat (UnityEngine.LogType,UnityEngine.Object,string,object[])
UnityEngine.Logger:Log (UnityEngine.LogType,object)
UnityEngine.Debug:Log (object)
EnemyGroundNavigator:Update () (at Assets/Scripts/EnemyScripts/EnemyGroundNavigator.cs:52)

(Filename: Assets/Scripts/EnemyScripts/EnemyGroundNavigator.cs Line: 52)

playerCharater (UnityEngine.Transform)
UnityEngine.Debug:ExtractStackTraceNoAlloc (byte*,int,string)
UnityEngine.StackTraceUtility:ExtractStackTrace () (at /home/bokken/build/output/unity/unity/Runtime/Export/Scripting/StackTrace.cs:35)
UnityEngine.DebugLogHandler:Internal_Log (UnityEngine.LogType,UnityEngine.LogOption,string,UnityEngine.Object)
UnityEngine.DebugLogHandler:LogFormat (UnityEngine.LogType,UnityEngine.Object,string,object[])
UnityEngine.Logger:Log (UnityEngine.LogType,object)
UnityEngine.Debug:Log (object)
EnemyGroundNavigator:Update () (at Assets/Scripts/EnemyScripts/EnemyGroundNavigator.cs:52)

(Filename: Assets/Scripts/EnemyScripts/EnemyGroundNavigator.cs Line: 52)

playerCharater (UnityEngine.Transform)
UnityEngine.Debug:ExtractStackTraceNoAlloc (byte*,int,string)
UnityEngine.StackTraceUtility:ExtractStackTrace () (at /home/bokken/build/output/unity/unity/Runtime/Export/Scripting/StackTrace.cs:35)
UnityEngine.DebugLogHandler:Internal_Log (UnityEngine.LogType,UnityEngine.LogOption,string,UnityEngine.Object)
UnityEngine.DebugLogHandler:LogFormat (UnityEngine.LogType,UnityEngine.Object,string,object[])
UnityEngine.Logger:Log (UnityEngine.LogType,object)
UnityEngine.Debug:Log (object)
EnemyGroundNavigator:Update () (at Assets/Scripts/EnemyScripts/EnemyGroundNavigator.cs:52)

(Filename: Assets/Scripts/EnemyScripts/EnemyGroundNavigator.cs Line: 52)

playerCharater (UnityEngine.Transform)
UnityEngine.Debug:ExtractStackTraceNoAlloc (byte*,int,string)
UnityEngine.StackTraceUtility:ExtractStackTrace () (at /home/bokken/build/output/unity/unity/Runtime/Export/Scripting/StackTrace.cs:35)
UnityEngine.DebugLogHandler:Internal_Log (UnityEngine.LogType,UnityEngine.LogOption,string,UnityEngine.Object)
UnityEngine.DebugLogHandler:LogFormat (UnityEngine.LogType,UnityEngine.Object,string,object[])
UnityEngine.Logger:Log (UnityEngine.LogType,object)
UnityEngine.Debug:Log (object)
EnemyGroundNavigator:Update () (at Assets/Scripts/EnemyScripts/EnemyGroundNavigator.cs:52)

(Filename: Assets/Scripts/EnemyScripts/EnemyGroundNavigator.cs Line: 52)

playerCharater (UnityEngine.Transform)
UnityEngine.Debug:ExtractStackTraceNoAlloc (byte*,int,string)
UnityEngine.StackTraceUtility:ExtractStackTrace () (at /home/bokken/build/output/unity/unity/Runtime/Export/Scripting/StackTrace.cs:35)
UnityEngine.DebugLogHandler:Internal_Log (UnityEngine.LogType,UnityEngine.LogOption,string,UnityEngine.Object)
UnityEngine.DebugLogHandler:LogFormat (UnityEngine.LogType,UnityEngine.Object,string,object[])
UnityEngine.Logger:Log (UnityEngine.LogType,object)
UnityEngine.Debug:Log (object)
EnemyGroundNavigator:Update () (at Assets/Scripts/EnemyScripts/EnemyGroundNavigator.cs:52)

(Filename: Assets/Scripts/EnemyScripts/EnemyGroundNavigator.cs Line: 52)

playerCharater (UnityEngine.Transform)
UnityEngine.Debug:ExtractStackTraceNoAlloc (byte*,int,string)
UnityEngine.StackTraceUtility:ExtractStackTrace () (at /home/bokken/build/output/unity/unity/Runtime/Export/Scripting/StackTrace.cs:35)
UnityEngine.DebugLogHandler:Internal_Log (UnityEngine.LogType,UnityEngine.LogOption,string,UnityEngine.Object)
UnityEngine.DebugLogHandler:LogFormat (UnityEngine.LogType,UnityEngine.Object,string,object[])
UnityEngine.Logger:Log (UnityEngine.LogType,object)
UnityEngine.Debug:Log (object)
EnemyGroundNavigator:Update () (at Assets/Scripts/EnemyScripts/EnemyGroundNavigator.cs:52)

(Filename: Assets/Scripts/EnemyScripts/EnemyGroundNavigator.cs Line: 52)

playerCharater (UnityEngine.Transform)
UnityEngine.Debug:ExtractStackTraceNoAlloc (byte*,int,string)
UnityEngine.StackTraceUtility:ExtractStackTrace () (at /home/bokken/build/output/unity/unity/Runtime/Export/Scripting/StackTrace.cs:35)
UnityEngine.DebugLogHandler:Internal_Log (UnityEngine.LogType,UnityEngine.LogOption,string,UnityEngine.Object)
UnityEngine.DebugLogHandler:LogFormat (UnityEngine.LogType,UnityEngine.Object,string,object[])
UnityEngine.Logger:Log (UnityEngine.LogType,object)
UnityEngine.Debug:Log (object)
EnemyGroundNavigator:Update () (at Assets/Scripts/EnemyScripts/EnemyGroundNavigator.cs:52)

(Filename: Assets/Scripts/EnemyScripts/EnemyGroundNavigator.cs Line: 52)

playerCharater (UnityEngine.Transform)
UnityEngine.Debug:ExtractStackTraceNoAlloc (byte*,int,string)
UnityEngine.StackTraceUtility:ExtractStackTrace () (at /home/bokken/build/output/unity/unity/Runtime/Export/Scripting/StackTrace.cs:35)
UnityEngine.DebugLogHandler:Internal_Log (UnityEngine.LogType,UnityEngine.LogOption,string,UnityEngine.Object)
UnityEngine.DebugLogHandler:LogFormat (UnityEngine.LogType,UnityEngine.Object,string,object[])
UnityEngine.Logger:Log (UnityEngine.LogType,object)
UnityEngine.Debug:Log (object)
EnemyGroundNavigator:Update () (at Assets/Scripts/EnemyScripts/EnemyGroundNavigator.cs:52)

(Filename: Assets/Scripts/EnemyScripts/EnemyGroundNavigator.cs Line: 52)

playerCharater (UnityEngine.Transform)
UnityEngine.Debug:ExtractStackTraceNoAlloc (byte*,int,string)
UnityEngine.StackTraceUtility:ExtractStackTrace () (at /home/bokken/build/output/unity/unity/Runtime/Export/Scripting/StackTrace.cs:35)
UnityEngine.DebugLogHandler:Internal_Log (UnityEngine.LogType,UnityEngine.LogOption,string,UnityEngine.Object)
UnityEngine.DebugLogHandler:LogFormat (UnityEngine.LogType,UnityEngine.Object,string,object[])
UnityEngine.Logger:Log (UnityEngine.LogType,object)
UnityEngine.Debug:Log (object)
EnemyGroundNavigator:Update () (at Assets/Scripts/EnemyScripts/EnemyGroundNavigator.cs:52)

(Filename: Assets/Scripts/EnemyScripts/EnemyGroundNavigator.cs Line: 52)

playerCharater (UnityEngine.Transform)
UnityEngine.Debug:ExtractStackTraceNoAlloc (byte*,int,string)
UnityEngine.StackTraceUtility:ExtractStackTrace () (at /home/bokken/build/output/unity/unity/Runtime/Export/Scripting/StackTrace.cs:35)
UnityEngine.DebugLogHandler:Internal_Log (UnityEngine.LogType,UnityEngine.LogOption,string,UnityEngine.Object)
UnityEngine.DebugLogHandler:LogFormat (UnityEngine.LogType,UnityEngine.Object,string,object[])
UnityEngine.Logger:Log (UnityEngine.LogType,object)
UnityEngine.Debug:Log (object)
EnemyGroundNavigator:Update () (at Assets/Scripts/EnemyScripts/EnemyGroundNavigator.cs:52)

(Filename: Assets/Scripts/EnemyScripts/EnemyGroundNavigator.cs Line: 52)

playerCharater (UnityEngine.Transform)
UnityEngine.Debug:ExtractStackTraceNoAlloc (byte*,int,string)
UnityEngine.StackTraceUtility:ExtractStackTrace () (at /home/bokken/build/output/unity/unity/Runtime/Export/Scripting/StackTrace.cs:35)
UnityEngine.DebugLogHandler:Internal_Log (UnityEngine.LogType,UnityEngine.LogOption,string,UnityEngine.Object)
UnityEngine.DebugLogHandler:LogFormat (UnityEngine.LogType,UnityEngine.Object,string,object[])
UnityEngine.Logger:Log (UnityEngine.LogType,object)
UnityEngine.Debug:Log (object)
EnemyGroundNavigator:Update () (at Assets/Scripts/EnemyScripts/EnemyGroundNavigator.cs:52)

(Filename: Assets/Scripts/EnemyScripts/EnemyGroundNavigator.cs Line: 52)

playerCharater (UnityEngine.Transform)
UnityEngine.Debug:ExtractStackTraceNoAlloc (byte*,int,string)
UnityEngine.StackTraceUtility:ExtractStackTrace () (at /home/bokken/build/output/unity/unity/Runtime/Export/Scripting/StackTrace.cs:35)
UnityEngine.DebugLogHandler:Internal_Log (UnityEngine.LogType,UnityEngine.LogOption,string,UnityEngine.Object)
UnityEngine.DebugLogHandler:LogFormat (UnityEngine.LogType,UnityEngine.Object,string,object[])
UnityEngine.Logger:Log (UnityEngine.LogType,object)
UnityEngine.Debug:Log (object)
EnemyGroundNavigator:Update () (at Assets/Scripts/EnemyScripts/EnemyGroundNavigator.cs:52)

(Filename: Assets/Scripts/EnemyScripts/EnemyGroundNavigator.cs Line: 52)

playerCharater (UnityEngine.Transform)
UnityEngine.Debug:ExtractStackTraceNoAlloc (byte*,int,string)
UnityEngine.StackTraceUtility:ExtractStackTrace () (at /home/bokken/build/output/unity/unity/Runtime/Export/Scripting/StackTrace.cs:35)
UnityEngine.DebugLogHandler:Internal_Log (UnityEngine.LogType,UnityEngine.LogOption,string,UnityEngine.Object)
UnityEngine.DebugLogHandler:LogFormat (UnityEngine.LogType,UnityEngine.Object,string,object[])
UnityEngine.Logger:Log (UnityEngine.LogType,object)
UnityEngine.Debug:Log (object)
EnemyGroundNavigator:Update () (at Assets/Scripts/EnemyScripts/EnemyGroundNavigator.cs:52)

(Filename: Assets/Scripts/EnemyScripts/EnemyGroundNavigator.cs Line: 52)

playerCharater (UnityEngine.Transform)
UnityEngine.Debug:ExtractStackTraceNoAlloc (byte*,int,string)
UnityEngine.StackTraceUtility:ExtractStackTrace () (at /home/bokken/build/output/unity/unity/Runtime/Export/Scripting/StackTrace.cs:35)
UnityEngine.DebugLogHandler:Internal_Log (UnityEngine.LogType,UnityEngine.LogOption,string,UnityEngine.Object)
UnityEngine.DebugLogHandler:LogFormat (UnityEngine.LogType,UnityEngine.Object,string,object[])
UnityEngine.Logger:Log (UnityEngine.LogType,object)
UnityEngine.Debug:Log (object)
EnemyGroundNavigator:Update () (at Assets/Scripts/EnemyScripts/EnemyGroundNavigator.cs:52)

(Filename: Assets/Scripts/EnemyScripts/EnemyGroundNavigator.cs Line: 52)

playerCharater (UnityEngine.Transform)
UnityEngine.Debug:ExtractStackTraceNoAlloc (byte*,int,string)
UnityEngine.StackTraceUtility:ExtractStackTrace () (at /home/bokken/build/output/unity/unity/Runtime/Export/Scripting/StackTrace.cs:35)
UnityEngine.DebugLogHandler:Internal_Log (UnityEngine.LogType,UnityEngine.LogOption,string,UnityEngine.Object)
UnityEngine.DebugLogHandler:LogFormat (UnityEngine.LogType,UnityEngine.Object,string,object[])
UnityEngine.Logger:Log (UnityEngine.LogType,object)
UnityEngine.Debug:Log (object)
EnemyGroundNavigator:Update () (at Assets/Scripts/EnemyScripts/EnemyGroundNavigator.cs:52)

(Filename: Assets/Scripts/EnemyScripts/EnemyGroundNavigator.cs Line: 52)

hurtbox
UnityEngine.Debug:ExtractStackTraceNoAlloc (byte*,int,string)
UnityEngine.StackTraceUtility:ExtractStackTrace () (at /home/bokken/build/output/unity/unity/Runtime/Export/Scripting/StackTrace.cs:35)
UnityEngine.DebugLogHandler:Internal_Log (UnityEngine.LogType,UnityEngine.LogOption,string,UnityEngine.Object)
UnityEngine.DebugLogHandler:LogFormat (UnityEngine.LogType,UnityEngine.Object,string,object[])
UnityEngine.Logger:Log (UnityEngine.LogType,object)
UnityEngine.Debug:Log (object)
HitBox:OnTriggerEnter (UnityEngine.Collider) (at Assets/Scripts/HitBox.cs:12)

(Filename: Assets/Scripts/HitBox.cs Line: 12)

hurtbox
UnityEngine.Debug:ExtractStackTraceNoAlloc (byte*,int,string)
UnityEngine.StackTraceUtility:ExtractStackTrace () (at /home/bokken/build/output/unity/unity/Runtime/Export/Scripting/StackTrace.cs:35)
UnityEngine.DebugLogHandler:Internal_Log (UnityEngine.LogType,UnityEngine.LogOption,string,UnityEngine.Object)
UnityEngine.DebugLogHandler:LogFormat (UnityEngine.LogType,UnityEngine.Object,string,object[])
UnityEngine.Logger:Log (UnityEngine.LogType,object)
UnityEngine.Debug:Log (object)
HitBox:OnTriggerEnter (UnityEngine.Collider) (at Assets/Scripts/HitBox.cs:13)

(Filename: Assets/Scripts/HitBox.cs Line: 13)

 Took 7 damage.
UnityEngine.Debug:ExtractStackTraceNoAlloc (byte*,int,string)
UnityEngine.StackTraceUtility:ExtractStackTrace () (at /home/bokken/build/output/unity/unity/Runtime/Export/Scripting/StackTrace.cs:35)
UnityEngine.DebugLogHandler:Internal_Log (UnityEngine.LogType,UnityEngine.LogOption,string,UnityEngine.Object)
UnityEngine.DebugLogHandler:LogFormat (UnityEngine.LogType,UnityEngine.Object,string,object[])
UnityEngine.Logger:Log (UnityEngine.LogType,object)
UnityEngine.Debug:Log (object)
HurtBox:TakeDamage (int) (at Assets/Scripts/HurtBox.cs:7)
HitBox:OnTriggerEnter (UnityEngine.Collider) (at Assets/Scripts/HitBox.cs:17)

(Filename: Assets/Scripts/HurtBox.cs Line: 7)

playerCharater (UnityEngine.Transform)
UnityEngine.Debug:ExtractStackTraceNoAlloc (byte*,int,string)
UnityEngine.StackTraceUtility:ExtractStackTrace () (at /home/bokken/build/output/unity/unity/Runtime/Export/Scripting/StackTrace.cs:35)
UnityEngine.DebugLogHandler:Internal_Log (UnityEngine.LogType,UnityEngine.LogOption,string,UnityEngine.Object)
UnityEngine.DebugLogHandler:LogFormat (UnityEngine.LogType,UnityEngine.Object,string,object[])
UnityEngine.Logger:Log (UnityEngine.LogType,object)
UnityEngine.Debug:Log (object)
EnemyGroundNavigator:Update () (at Assets/Scripts/EnemyScripts/EnemyGroundNavigator.cs:52)

(Filename: Assets/Scripts/EnemyScripts/EnemyGroundNavigator.cs Line: 52)

playerCharater (UnityEngine.Transform)
UnityEngine.Debug:ExtractStackTraceNoAlloc (byte*,int,string)
UnityEngine.StackTraceUtility:ExtractStackTrace () (at /home/bokken/build/output/unity/unity/Runtime/Export/Scripting/StackTrace.cs:35)
UnityEngine.DebugLogHandler:Internal_Log (UnityEngine.LogType,UnityEngine.LogOption,string,UnityEngine.Object)
UnityEngine.DebugLogHandler:LogFormat (UnityEngine.LogType,UnityEngine.Object,string,object[])
UnityEngine.Logger:Log (UnityEngine.LogType,object)
UnityEngine.Debug:Log (object)
EnemyGroundNavigator:Update () (at Assets/Scripts/EnemyScripts/EnemyGroundNavigator.cs:52)

(Filename: Assets/Scripts/EnemyScripts/EnemyGroundNavigator.cs Line: 52)

playerCharater (UnityEngine.Transform)
UnityEngine.Debug:ExtractStackTraceNoAlloc (byte*,int,string)
UnityEngine.StackTraceUtility:ExtractStackTrace () (at /home/bokken/build/output/unity/unity/Runtime/Export/Scripting/StackTrace.cs:35)
UnityEngine.DebugLogHandler:Internal_Log (UnityEngine.LogType,UnityEngine.LogOption,string,UnityEngine.Object)
UnityEngine.DebugLogHandler:LogFormat (UnityEngine.LogType,UnityEngine.Object,string,object[])
UnityEngine.Logger:Log (UnityEngine.LogType,object)
UnityEngine.Debug:Log (object)
EnemyGroundNavigator:Update () (at Assets/Scripts/EnemyScripts/EnemyGroundNavigator.cs:52)

(Filename: Assets/Scripts/EnemyScripts/EnemyGroundNavigator.cs Line: 52)

playerCharater (UnityEngine.Transform)
UnityEngine.Debug:ExtractStackTraceNoAlloc (byte*,int,string)
UnityEngine.StackTraceUtility:ExtractStackTrace () (at /home/bokken/build/output/unity/unity/Runtime/Export/Scripting/StackTrace.cs:35)
UnityEngine.DebugLogHandler:Internal_Log (UnityEngine.LogType,UnityEngine.LogOption,string,UnityEngine.Object)
UnityEngine.DebugLogHandler:LogFormat (UnityEngine.LogType,UnityEngine.Object,string,object[])
UnityEngine.Logger:Log (UnityEngine.LogType,object)
UnityEngine.Debug:Log (object)
EnemyGroundNavigator:Update () (at Assets/Scripts/EnemyScripts/EnemyGroundNavigator.cs:52)

(Filename: Assets/Scripts/EnemyScripts/EnemyGroundNavigator.cs Line: 52)

playerCharater (UnityEngine.Transform)
UnityEngine.Debug:ExtractStackTraceNoAlloc (byte*,int,string)
UnityEngine.StackTraceUtility:ExtractStackTrace () (at /home/bokken/build/output/unity/unity/Runtime/Export/Scripting/StackTrace.cs:35)
UnityEngine.DebugLogHandler:Internal_Log (UnityEngine.LogType,UnityEngine.LogOption,string,UnityEngine.Object)
UnityEngine.DebugLogHandler:LogFormat (UnityEngine.LogType,UnityEngine.Object,string,object[])
UnityEngine.Logger:Log (UnityEngine.LogType,object)
UnityEngine.Debug:Log (object)
EnemyGroundNavigator:Update () (at Assets/Scripts/EnemyScripts/EnemyGroundNavigator.cs:52)

(Filename: Assets/Scripts/EnemyScripts/EnemyGroundNavigator.cs Line: 52)

playerCharater (UnityEngine.Transform)
UnityEngine.Debug:ExtractStackTraceNoAlloc (byte*,int,string)
UnityEngine.StackTraceUtility:ExtractStackTrace () (at /home/bokken/build/output/unity/unity/Runtime/Export/Scripting/StackTrace.cs:35)
UnityEngine.DebugLogHandler:Internal_Log (UnityEngine.LogType,UnityEngine.LogOption,string,UnityEngine.Object)
UnityEngine.DebugLogHandler:LogFormat (UnityEngine.LogType,UnityEngine.Object,string,object[])
UnityEngine.Logger:Log (UnityEngine.LogType,object)
UnityEngine.Debug:Log (object)
EnemyGroundNavigator:Update () (at Assets/Scripts/EnemyScripts/EnemyGroundNavigator.cs:52)

(Filename: Assets/Scripts/EnemyScripts/EnemyGroundNavigator.cs Line: 52)

playerCharater (UnityEngine.Transform)
UnityEngine.Debug:ExtractStackTraceNoAlloc (byte*,int,string)
UnityEngine.StackTraceUtility:ExtractStackTrace () (at /home/bokken/build/output/unity/unity/Runtime/Export/Scripting/StackTrace.cs:35)
UnityEngine.DebugLogHandler:Internal_Log (UnityEngine.LogType,UnityEngine.LogOption,string,UnityEngine.Object)
UnityEngine.DebugLogHandler:LogFormat (UnityEngine.LogType,UnityEngine.Object,string,object[])
UnityEngine.Logger:Log (UnityEngine.LogType,object)
UnityEngine.Debug:Log (object)
EnemyGroundNavigator:Update () (at Assets/Scripts/EnemyScripts/EnemyGroundNavigator.cs:52)

(Filename: Assets/Scripts/EnemyScripts/EnemyGroundNavigator.cs Line: 52)

playerCharater (UnityEngine.Transform)
UnityEngine.Debug:ExtractStackTraceNoAlloc (byte*,int,string)
UnityEngine.StackTraceUtility:ExtractStackTrace () (at /home/bokken/build/output/unity/unity/Runtime/Export/Scripting/StackTrace.cs:35)
UnityEngine.DebugLogHandler:Internal_Log (UnityEngine.LogType,UnityEngine.LogOption,string,UnityEngine.Object)
UnityEngine.DebugLogHandler:LogFormat (UnityEngine.LogType,UnityEngine.Object,string,object[])
UnityEngine.Logger:Log (UnityEngine.LogType,object)
UnityEngine.Debug:Log (object)
EnemyGroundNavigator:Update () (at Assets/Scripts/EnemyScripts/EnemyGroundNavigator.cs:52)

(Filename: Assets/Scripts/EnemyScripts/EnemyGroundNavigator.cs Line: 52)

playerCharater (UnityEngine.Transform)
UnityEngine.Debug:ExtractStackTraceNoAlloc (byte*,int,string)
UnityEngine.StackTraceUtility:ExtractStackTrace () (at /home/bokken/build/output/unity/unity/Runtime/Export/Scripting/StackTrace.cs:35)
UnityEngine.DebugLogHandler:Internal_Log (UnityEngine.LogType,UnityEngine.LogOption,string,UnityEngine.Object)
UnityEngine.DebugLogHandler:LogFormat (UnityEngine.LogType,UnityEngine.Object,string,object[])
UnityEngine.Logger:Log (UnityEngine.LogType,object)
UnityEngine.Debug:Log (object)
EnemyGroundNavigator:Update () (at Assets/Scripts/EnemyScripts/EnemyGroundNavigator.cs:52)

(Filename: Assets/Scripts/EnemyScripts/EnemyGroundNavigator.cs Line: 52)

playerCharater (UnityEngine.Transform)
UnityEngine.Debug:ExtractStackTraceNoAlloc (byte*,int,string)
UnityEngine.StackTraceUtility:ExtractStackTrace () (at /home/bokken/build/output/unity/unity/Runtime/Export/Scripting/StackTrace.cs:35)
UnityEngine.DebugLogHandler:Internal_Log (UnityEngine.LogType,UnityEngine.LogOption,string,UnityEngine.Object)
UnityEngine.DebugLogHandler:LogFormat (UnityEngine.LogType,UnityEngine.Object,string,object[])
UnityEngine.Logger:Log (UnityEngine.LogType,object)
UnityEngine.Debug:Log (object)
EnemyGroundNavigator:Update () (at Assets/Scripts/EnemyScripts/EnemyGroundNavigator.cs:52)

(Filename: Assets/Scripts/EnemyScripts/EnemyGroundNavigator.cs Line: 52)

playerCharater (UnityEngine.Transform)
UnityEngine.Debug:ExtractStackTraceNoAlloc (byte*,int,string)
UnityEngine.StackTraceUtility:ExtractStackTrace () (at /home/bokken/build/output/unity/unity/Runtime/Export/Scripting/StackTrace.cs:35)
UnityEngine.DebugLogHandler:Internal_Log (UnityEngine.LogType,UnityEngine.LogOption,string,UnityEngine.Object)
UnityEngine.DebugLogHandler:LogFormat (UnityEngine.LogType,UnityEngine.Object,string,object[])
UnityEngine.Logger:Log (UnityEngine.LogType,object)
UnityEngine.Debug:Log (object)
EnemyGroundNavigator:Update () (at Assets/Scripts/EnemyScripts/EnemyGroundNavigator.cs:52)

(Filename: Assets/Scripts/EnemyScripts/EnemyGroundNavigator.cs Line: 52)

playerCharater (UnityEngine.Transform)
UnityEngine.Debug:ExtractStackTraceNoAlloc (byte*,int,string)
UnityEngine.StackTraceUtility:ExtractStackTrace () (at /home/bokken/build/output/unity/unity/Runtime/Export/Scripting/StackTrace.cs:35)
UnityEngine.DebugLogHandler:Internal_Log (UnityEngine.LogType,UnityEngine.LogOption,string,UnityEngine.Object)
UnityEngine.DebugLogHandler:LogFormat (UnityEngine.LogType,UnityEngine.Object,string,object[])
UnityEngine.Logger:Log (UnityEngine.LogType,object)
UnityEngine.Debug:Log (object)
EnemyGroundNavigator:Update () (at Assets/Scripts/EnemyScripts/EnemyGroundNavigator.cs:52)

(Filename: Assets/Scripts/EnemyScripts/EnemyGroundNavigator.cs Line: 52)

playerCharater (UnityEngine.Transform)
UnityEngine.Debug:ExtractStackTraceNoAlloc (byte*,int,string)
UnityEngine.StackTraceUtility:ExtractStackTrace () (at /home/bokken/build/output/unity/unity/Runtime/Export/Scripting/StackTrace.cs:35)
UnityEngine.DebugLogHandler:Internal_Log (UnityEngine.LogType,UnityEngine.LogOption,string,UnityEngine.Object)
UnityEngine.DebugLogHandler:LogFormat (UnityEngine.LogType,UnityEngine.Object,string,object[])
UnityEngine.Logger:Log (UnityEngine.LogType,object)
UnityEngine.Debug:Log (object)
EnemyGroundNavigator:Update () (at Assets/Scripts/EnemyScripts/EnemyGroundNavigator.cs:52)

(Filename: Assets/Scripts/EnemyScripts/EnemyGroundNavigator.cs Line: 52)

playerCharater (UnityEngine.Transform)
UnityEngine.Debug:ExtractStackTraceNoAlloc (byte*,int,string)
UnityEngine.StackTraceUtility:ExtractStackTrace () (at /home/bokken/build/output/unity/unity/Runtime/Export/Scripting/StackTrace.cs:35)
UnityEngine.DebugLogHandler:Internal_Log (UnityEngine.LogType,UnityEngine.LogOption,string,UnityEngine.Object)
UnityEngine.DebugLogHandler:LogFormat (UnityEngine.LogType,UnityEngine.Object,string,object[])
UnityEngine.Logger:Log (UnityEngine.LogType,object)
UnityEngine.Debug:Log (object)
EnemyGroundNavigator:Update () (at Assets/Scripts/EnemyScripts/EnemyGroundNavigator.cs:52)

(Filename: Assets/Scripts/EnemyScripts/EnemyGroundNavigator.cs Line: 52)

playerCharater (UnityEngine.Transform)
UnityEngine.Debug:ExtractStackTraceNoAlloc (byte*,int,string)
UnityEngine.StackTraceUtility:ExtractStackTrace () (at /home/bokken/build/output/unity/unity/Runtime/Export/Scripting/StackTrace.cs:35)
UnityEngine.DebugLogHandler:Internal_Log (UnityEngine.LogType,UnityEngine.LogOption,string,UnityEngine.Object)
UnityEngine.DebugLogHandler:LogFormat (UnityEngine.LogType,UnityEngine.Object,string,object[])
UnityEngine.Logger:Log (UnityEngine.LogType,object)
UnityEngine.Debug:Log (object)
EnemyGroundNavigator:Update () (at Assets/Scripts/EnemyScripts/EnemyGroundNavigator.cs:52)

(Filename: Assets/Scripts/EnemyScripts/EnemyGroundNavigator.cs Line: 52)

playerCharater (UnityEngine.Transform)
UnityEngine.Debug:ExtractStackTraceNoAlloc (byte*,int,string)
UnityEngine.StackTraceUtility:ExtractStackTrace () (at /home/bokken/build/output/unity/unity/Runtime/Export/Scripting/StackTrace.cs:35)
UnityEngine.DebugLogHandler:Internal_Log (UnityEngine.LogType,UnityEngine.LogOption,string,UnityEngine.Object)
UnityEngine.DebugLogHandler:LogFormat (UnityEngine.LogType,UnityEngine.Object,string,object[])
UnityEngine.Logger:Log (UnityEngine.LogType,object)
UnityEngine.Debug:Log (object)
EnemyGroundNavigator:Update () (at Assets/Scripts/EnemyScripts/EnemyGroundNavigator.cs:52)

(Filename: Assets/Scripts/EnemyScripts/EnemyGroundNavigator.cs Line: 52)

playerCharater (UnityEngine.Transform)
UnityEngine.Debug:ExtractStackTraceNoAlloc (byte*,int,string)
UnityEngine.StackTraceUtility:ExtractStackTrace () (at /home/bokken/build/output/unity/unity/Runtime/Export/Scripting/StackTrace.cs:35)
UnityEngine.DebugLogHandler:Internal_Log (UnityEngine.LogType,UnityEngine.LogOption,string,UnityEngine.Object)
UnityEngine.DebugLogHandler:LogFormat (UnityEngine.LogType,UnityEngine.Object,string,object[])
UnityEngine.Logger:Log (UnityEngine.LogType,object)
UnityEngine.Debug:Log (object)
EnemyGroundNavigator:Update () (at Assets/Scripts/EnemyScripts/EnemyGroundNavigator.cs:52)

(Filename: Assets/Scripts/EnemyScripts/EnemyGroundNavigator.cs Line: 52)

playerCharater (UnityEngine.Transform)
UnityEngine.Debug:ExtractStackTraceNoAlloc (byte*,int,string)
UnityEngine.StackTraceUtility:ExtractStackTrace () (at /home/bokken/build/output/unity/unity/Runtime/Export/Scripting/StackTrace.cs:35)
UnityEngine.DebugLogHandler:Internal_Log (UnityEngine.LogType,UnityEngine.LogOption,string,UnityEngine.Object)
UnityEngine.DebugLogHandler:LogFormat (UnityEngine.LogType,UnityEngine.Object,string,object[])
UnityEngine.Logger:Log (UnityEngine.LogType,object)
UnityEngine.Debug:Log (object)
EnemyGroundNavigator:Update () (at Assets/Scripts/EnemyScripts/EnemyGroundNavigator.cs:52)

(Filename: Assets/Scripts/EnemyScripts/EnemyGroundNavigator.cs Line: 52)

playerCharater (UnityEngine.Transform)
UnityEngine.Debug:ExtractStackTraceNoAlloc (byte*,int,string)
UnityEngine.StackTraceUtility:ExtractStackTrace () (at /home/bokken/build/output/unity/unity/Runtime/Export/Scripting/StackTrace.cs:35)
UnityEngine.DebugLogHandler:Internal_Log (UnityEngine.LogType,UnityEngine.LogOption,string,UnityEngine.Object)
UnityEngine.DebugLogHandler:LogFormat (UnityEngine.LogType,UnityEngine.Object,string,object[])
UnityEngine.Logger:Log (UnityEngine.LogType,object)
UnityEngine.Debug:Log (object)
EnemyGroundNavigator:Update () (at Assets/Scripts/EnemyScripts/EnemyGroundNavigator.cs:52)

(Filename: Assets/Scripts/EnemyScripts/EnemyGroundNavigator.cs Line: 52)

playerCharater (UnityEngine.Transform)
UnityEngine.Debug:ExtractStackTraceNoAlloc (byte*,int,string)
UnityEngine.StackTraceUtility:ExtractStackTrace () (at /home/bokken/build/output/unity/unity/Runtime/Export/Scripting/StackTrace.cs:35)
UnityEngine.DebugLogHandler:Internal_Log (UnityEngine.LogType,UnityEngine.LogOption,string,UnityEngine.Object)
UnityEngine.DebugLogHandler:LogFormat (UnityEngine.LogType,UnityEngine.Object,string,object[])
UnityEngine.Logger:Log (UnityEngine.LogType,object)
UnityEngine.Debug:Log (object)
EnemyGroundNavigator:Update () (at Assets/Scripts/EnemyScripts/EnemyGroundNavigator.cs:52)

(Filename: Assets/Scripts/EnemyScripts/EnemyGroundNavigator.cs Line: 52)

playerCharater (UnityEngine.Transform)
UnityEngine.Debug:ExtractStackTraceNoAlloc (byte*,int,string)
UnityEngine.StackTraceUtility:ExtractStackTrace () (at /home/bokken/build/output/unity/unity/Runtime/Export/Scripting/StackTrace.cs:35)
UnityEngine.DebugLogHandler:Internal_Log (UnityEngine.LogType,UnityEngine.LogOption,string,UnityEngine.Object)
UnityEngine.DebugLogHandler:LogFormat (UnityEngine.LogType,UnityEngine.Object,string,object[])
UnityEngine.Logger:Log (UnityEngine.LogType,object)
UnityEngine.Debug:Log (object)
EnemyGroundNavigator:Update () (at Assets/Scripts/EnemyScripts/EnemyGroundNavigator.cs:52)

(Filename: Assets/Scripts/EnemyScripts/EnemyGroundNavigator.cs Line: 52)

playerCharater (UnityEngine.Transform)
UnityEngine.Debug:ExtractStackTraceNoAlloc (byte*,int,string)
UnityEngine.StackTraceUtility:ExtractStackTrace () (at /home/bokken/build/output/unity/unity/Runtime/Export/Scripting/StackTrace.cs:35)
UnityEngine.DebugLogHandler:Internal_Log (UnityEngine.LogType,UnityEngine.LogOption,string,UnityEngine.Object)
UnityEngine.DebugLogHandler:LogFormat (UnityEngine.LogType,UnityEngine.Object,string,object[])
UnityEngine.Logger:Log (UnityEngine.LogType,object)
UnityEngine.Debug:Log (object)
EnemyGroundNavigator:Update () (at Assets/Scripts/EnemyScripts/EnemyGroundNavigator.cs:52)

(Filename: Assets/Scripts/EnemyScripts/EnemyGroundNavigator.cs Line: 52)

playerCharater (UnityEngine.Transform)
UnityEngine.Debug:ExtractStackTraceNoAlloc (byte*,int,string)
UnityEngine.StackTraceUtility:ExtractStackTrace () (at /home/bokken/build/output/unity/unity/Runtime/Export/Scripting/StackTrace.cs:35)
UnityEngine.DebugLogHandler:Internal_Log (UnityEngine.LogType,UnityEngine.LogOption,string,UnityEngine.Object)
UnityEngine.DebugLogHandler:LogFormat (UnityEngine.LogType,UnityEngine.Object,string,object[])
UnityEngine.Logger:Log (UnityEngine.LogType,object)
UnityEngine.Debug:Log (object)
EnemyGroundNavigator:Update () (at Assets/Scripts/EnemyScripts/EnemyGroundNavigator.cs:52)

(Filename: Assets/Scripts/EnemyScripts/EnemyGroundNavigator.cs Line: 52)

playerCharater (UnityEngine.Transform)
UnityEngine.Debug:ExtractStackTraceNoAlloc (byte*,int,string)
UnityEngine.StackTraceUtility:ExtractStackTrace () (at /home/bokken/build/output/unity/unity/Runtime/Export/Scripting/StackTrace.cs:35)
UnityEngine.DebugLogHandler:Internal_Log (UnityEngine.LogType,UnityEngine.LogOption,string,UnityEngine.Object)
UnityEngine.DebugLogHandler:LogFormat (UnityEngine.LogType,UnityEngine.Object,string,object[])
UnityEngine.Logger:Log (UnityEngine.LogType,object)
UnityEngine.Debug:Log (object)
EnemyGroundNavigator:Update () (at Assets/Scripts/EnemyScripts/EnemyGroundNavigator.cs:52)

(Filename: Assets/Scripts/EnemyScripts/EnemyGroundNavigator.cs Line: 52)

playerCharater (UnityEngine.Transform)
UnityEngine.Debug:ExtractStackTraceNoAlloc (byte*,int,string)
UnityEngine.StackTraceUtility:ExtractStackTrace () (at /home/bokken/build/output/unity/unity/Runtime/Export/Scripting/StackTrace.cs:35)
UnityEngine.DebugLogHandler:Internal_Log (UnityEngine.LogType,UnityEngine.LogOption,string,UnityEngine.Object)
UnityEngine.DebugLogHandler:LogFormat (UnityEngine.LogType,UnityEngine.Object,string,object[])
UnityEngine.Logger:Log (UnityEngine.LogType,object)
UnityEngine.Debug:Log (object)
EnemyGroundNavigator:Update () (at Assets/Scripts/EnemyScripts/EnemyGroundNavigator.cs:52)

(Filename: Assets/Scripts/EnemyScripts/EnemyGroundNavigator.cs Line: 52)

playerCharater (UnityEngine.Transform)
UnityEngine.Debug:ExtractStackTraceNoAlloc (byte*,int,string)
UnityEngine.StackTraceUtility:ExtractStackTrace () (at /home/bokken/build/output/unity/unity/Runtime/Export/Scripting/StackTrace.cs:35)
UnityEngine.DebugLogHandler:Internal_Log (UnityEngine.LogType,UnityEngine.LogOption,string,UnityEngine.Object)
UnityEngine.DebugLogHandler:LogFormat (UnityEngine.LogType,UnityEngine.Object,string,object[])
UnityEngine.Logger:Log (UnityEngine.LogType,object)
UnityEngine.Debug:Log (object)
EnemyGroundNavigator:Update () (at Assets/Scripts/EnemyScripts/EnemyGroundNavigator.cs:52)

(Filename: Assets/Scripts/EnemyScripts/EnemyGroundNavigator.cs Line: 52)

hurtbox
UnityEngine.Debug:ExtractStackTraceNoAlloc (byte*,int,string)
UnityEngine.StackTraceUtility:ExtractStackTrace () (at /home/bokken/build/output/unity/unity/Runtime/Export/Scripting/StackTrace.cs:35)
UnityEngine.DebugLogHandler:Internal_Log (UnityEngine.LogType,UnityEngine.LogOption,string,UnityEngine.Object)
UnityEngine.DebugLogHandler:LogFormat (UnityEngine.LogType,UnityEngine.Object,string,object[])
UnityEngine.Logger:Log (UnityEngine.LogType,object)
UnityEngine.Debug:Log (object)
HitBox:OnTriggerEnter (UnityEngine.Collider) (at Assets/Scripts/HitBox.cs:12)

(Filename: Assets/Scripts/HitBox.cs Line: 12)

hurtbox
UnityEngine.Debug:ExtractStackTraceNoAlloc (byte*,int,string)
UnityEngine.StackTraceUtility:ExtractStackTrace () (at /home/bokken/build/output/unity/unity/Runtime/Export/Scripting/StackTrace.cs:35)
UnityEngine.DebugLogHandler:Internal_Log (UnityEngine.LogType,UnityEngine.LogOption,string,UnityEngine.Object)
UnityEngine.DebugLogHandler:LogFormat (UnityEngine.LogType,UnityEngine.Object,string,object[])
UnityEngine.Logger:Log (UnityEngine.LogType,object)
UnityEngine.Debug:Log (object)
HitBox:OnTriggerEnter (UnityEngine.Collider) (at Assets/Scripts/HitBox.cs:13)

(Filename: Assets/Scripts/HitBox.cs Line: 13)

 Took 7 damage.
UnityEngine.Debug:ExtractStackTraceNoAlloc (byte*,int,string)
UnityEngine.StackTraceUtility:ExtractStackTrace () (at /home/bokken/build/output/unity/unity/Runtime/Export/Scripting/StackTrace.cs:35)
UnityEngine.DebugLogHandler:Internal_Log (UnityEngine.LogType,UnityEngine.LogOption,string,UnityEngine.Object)
UnityEngine.DebugLogHandler:LogFormat (UnityEngine.LogType,UnityEngine.Object,string,object[])
UnityEngine.Logger:Log (UnityEngine.LogType,object)
UnityEngine.Debug:Log (object)
HurtBox:TakeDamage (int) (at Assets/Scripts/HurtBox.cs:7)
HitBox:OnTriggerEnter (UnityEngine.Collider) (at Assets/Scripts/HitBox.cs:17)

(Filename: Assets/Scripts/HurtBox.cs Line: 7)

playerCharater (UnityEngine.Transform)
UnityEngine.Debug:ExtractStackTraceNoAlloc (byte*,int,string)
UnityEngine.StackTraceUtility:ExtractStackTrace () (at /home/bokken/build/output/unity/unity/Runtime/Export/Scripting/StackTrace.cs:35)
UnityEngine.DebugLogHandler:Internal_Log (UnityEngine.LogType,UnityEngine.LogOption,string,UnityEngine.Object)
UnityEngine.DebugLogHandler:LogFormat (UnityEngine.LogType,UnityEngine.Object,string,object[])
UnityEngine.Logger:Log (UnityEngine.LogType,object)
UnityEngine.Debug:Log (object)
EnemyGroundNavigator:Update () (at Assets/Scripts/EnemyScripts/EnemyGroundNavigator.cs:52)

(Filename: Assets/Scripts/EnemyScripts/EnemyGroundNavigator.cs Line: 52)

playerCharater (UnityEngine.Transform)
UnityEngine.Debug:ExtractStackTraceNoAlloc (byte*,int,string)
UnityEngine.StackTraceUtility:ExtractStackTrace () (at /home/bokken/build/output/unity/unity/Runtime/Export/Scripting/StackTrace.cs:35)
UnityEngine.DebugLogHandler:Internal_Log (UnityEngine.LogType,UnityEngine.LogOption,string,UnityEngine.Object)
UnityEngine.DebugLogHandler:LogFormat (UnityEngine.LogType,UnityEngine.Object,string,object[])
UnityEngine.Logger:Log (UnityEngine.LogType,object)
UnityEngine.Debug:Log (object)
EnemyGroundNavigator:Update () (at Assets/Scripts/EnemyScripts/EnemyGroundNavigator.cs:52)

(Filename: Assets/Scripts/EnemyScripts/EnemyGroundNavigator.cs Line: 52)

playerCharater (UnityEngine.Transform)
UnityEngine.Debug:ExtractStackTraceNoAlloc (byte*,int,string)
UnityEngine.StackTraceUtility:ExtractStackTrace () (at /home/bokken/build/output/unity/unity/Runtime/Export/Scripting/StackTrace.cs:35)
UnityEngine.DebugLogHandler:Internal_Log (UnityEngine.LogType,UnityEngine.LogOption,string,UnityEngine.Object)
UnityEngine.DebugLogHandler:LogFormat (UnityEngine.LogType,UnityEngine.Object,string,object[])
UnityEngine.Logger:Log (UnityEngine.LogType,object)
UnityEngine.Debug:Log (object)
EnemyGroundNavigator:Update () (at Assets/Scripts/EnemyScripts/EnemyGroundNavigator.cs:52)

(Filename: Assets/Scripts/EnemyScripts/EnemyGroundNavigator.cs Line: 52)

playerCharater (UnityEngine.Transform)
UnityEngine.Debug:ExtractStackTraceNoAlloc (byte*,int,string)
UnityEngine.StackTraceUtility:ExtractStackTrace () (at /home/bokken/build/output/unity/unity/Runtime/Export/Scripting/StackTrace.cs:35)
UnityEngine.DebugLogHandler:Internal_Log (UnityEngine.LogType,UnityEngine.LogOption,string,UnityEngine.Object)
UnityEngine.DebugLogHandler:LogFormat (UnityEngine.LogType,UnityEngine.Object,string,object[])
UnityEngine.Logger:Log (UnityEngine.LogType,object)
UnityEngine.Debug:Log (object)
EnemyGroundNavigator:Update () (at Assets/Scripts/EnemyScripts/EnemyGroundNavigator.cs:52)

(Filename: Assets/Scripts/EnemyScripts/EnemyGroundNavigator.cs Line: 52)

playerCharater (UnityEngine.Transform)
UnityEngine.Debug:ExtractStackTraceNoAlloc (byte*,int,string)
UnityEngine.StackTraceUtility:ExtractStackTrace () (at /home/bokken/build/output/unity/unity/Runtime/Export/Scripting/StackTrace.cs:35)
UnityEngine.DebugLogHandler:Internal_Log (UnityEngine.LogType,UnityEngine.LogOption,string,UnityEngine.Object)
UnityEngine.DebugLogHandler:LogFormat (UnityEngine.LogType,UnityEngine.Object,string,object[])
UnityEngine.Logger:Log (UnityEngine.LogType,object)
UnityEngine.Debug:Log (object)
EnemyGroundNavigator:Update () (at Assets/Scripts/EnemyScripts/EnemyGroundNavigator.cs:52)

(Filename: Assets/Scripts/EnemyScripts/EnemyGroundNavigator.cs Line: 52)

playerCharater (UnityEngine.Transform)
UnityEngine.Debug:ExtractStackTraceNoAlloc (byte*,int,string)
UnityEngine.StackTraceUtility:ExtractStackTrace () (at /home/bokken/build/output/unity/unity/Runtime/Export/Scripting/StackTrace.cs:35)
UnityEngine.DebugLogHandler:Internal_Log (UnityEngine.LogType,UnityEngine.LogOption,string,UnityEngine.Object)
UnityEngine.DebugLogHandler:LogFormat (UnityEngine.LogType,UnityEngine.Object,string,object[])
UnityEngine.Logger:Log (UnityEngine.LogType,object)
UnityEngine.Debug:Log (object)
EnemyGroundNavigator:Update () (at Assets/Scripts/EnemyScripts/EnemyGroundNavigator.cs:52)

(Filename: Assets/Scripts/EnemyScripts/EnemyGroundNavigator.cs Line: 52)

playerCharater (UnityEngine.Transform)
UnityEngine.Debug:ExtractStackTraceNoAlloc (byte*,int,string)
UnityEngine.StackTraceUtility:ExtractStackTrace () (at /home/bokken/build/output/unity/unity/Runtime/Export/Scripting/StackTrace.cs:35)
UnityEngine.DebugLogHandler:Internal_Log (UnityEngine.LogType,UnityEngine.LogOption,string,UnityEngine.Object)
UnityEngine.DebugLogHandler:LogFormat (UnityEngine.LogType,UnityEngine.Object,string,object[])
UnityEngine.Logger:Log (UnityEngine.LogType,object)
UnityEngine.Debug:Log (object)
EnemyGroundNavigator:Update () (at Assets/Scripts/EnemyScripts/EnemyGroundNavigator.cs:52)

(Filename: Assets/Scripts/EnemyScripts/EnemyGroundNavigator.cs Line: 52)

playerCharater (UnityEngine.Transform)
UnityEngine.Debug:ExtractStackTraceNoAlloc (byte*,int,string)
UnityEngine.StackTraceUtility:ExtractStackTrace () (at /home/bokken/build/output/unity/unity/Runtime/Export/Scripting/StackTrace.cs:35)
UnityEngine.DebugLogHandler:Internal_Log (UnityEngine.LogType,UnityEngine.LogOption,string,UnityEngine.Object)
UnityEngine.DebugLogHandler:LogFormat (UnityEngine.LogType,UnityEngine.Object,string,object[])
UnityEngine.Logger:Log (UnityEngine.LogType,object)
UnityEngine.Debug:Log (object)
EnemyGroundNavigator:Update () (at Assets/Scripts/EnemyScripts/EnemyGroundNavigator.cs:52)

(Filename: Assets/Scripts/EnemyScripts/EnemyGroundNavigator.cs Line: 52)

playerCharater (UnityEngine.Transform)
UnityEngine.Debug:ExtractStackTraceNoAlloc (byte*,int,string)
UnityEngine.StackTraceUtility:ExtractStackTrace () (at /home/bokken/build/output/unity/unity/Runtime/Export/Scripting/StackTrace.cs:35)
UnityEngine.DebugLogHandler:Internal_Log (UnityEngine.LogType,UnityEngine.LogOption,string,UnityEngine.Object)
UnityEngine.DebugLogHandler:LogFormat (UnityEngine.LogType,UnityEngine.Object,string,object[])
UnityEngine.Logger:Log (UnityEngine.LogType,object)
UnityEngine.Debug:Log (object)
EnemyGroundNavigator:Update () (at Assets/Scripts/EnemyScripts/EnemyGroundNavigator.cs:52)

(Filename: Assets/Scripts/EnemyScripts/EnemyGroundNavigator.cs Line: 52)

playerCharater (UnityEngine.Transform)
UnityEngine.Debug:ExtractStackTraceNoAlloc (byte*,int,string)
UnityEngine.StackTraceUtility:ExtractStackTrace () (at /home/bokken/build/output/unity/unity/Runtime/Export/Scripting/StackTrace.cs:35)
UnityEngine.DebugLogHandler:Internal_Log (UnityEngine.LogType,UnityEngine.LogOption,string,UnityEngine.Object)
UnityEngine.DebugLogHandler:LogFormat (UnityEngine.LogType,UnityEngine.Object,string,object[])
UnityEngine.Logger:Log (UnityEngine.LogType,object)
UnityEngine.Debug:Log (object)
EnemyGroundNavigator:Update () (at Assets/Scripts/EnemyScripts/EnemyGroundNavigator.cs:52)

(Filename: Assets/Scripts/EnemyScripts/EnemyGroundNavigator.cs Line: 52)

playerCharater (UnityEngine.Transform)
UnityEngine.Debug:ExtractStackTraceNoAlloc (byte*,int,string)
UnityEngine.StackTraceUtility:ExtractStackTrace () (at /home/bokken/build/output/unity/unity/Runtime/Export/Scripting/StackTrace.cs:35)
UnityEngine.DebugLogHandler:Internal_Log (UnityEngine.LogType,UnityEngine.LogOption,string,UnityEngine.Object)
UnityEngine.DebugLogHandler:LogFormat (UnityEngine.LogType,UnityEngine.Object,string,object[])
UnityEngine.Logger:Log (UnityEngine.LogType,object)
UnityEngine.Debug:Log (object)
EnemyGroundNavigator:Update () (at Assets/Scripts/EnemyScripts/EnemyGroundNavigator.cs:52)

(Filename: Assets/Scripts/EnemyScripts/EnemyGroundNavigator.cs Line: 52)

playerCharater (UnityEngine.Transform)
UnityEngine.Debug:ExtractStackTraceNoAlloc (byte*,int,string)
UnityEngine.StackTraceUtility:ExtractStackTrace () (at /home/bokken/build/output/unity/unity/Runtime/Export/Scripting/StackTrace.cs:35)
UnityEngine.DebugLogHandler:Internal_Log (UnityEngine.LogType,UnityEngine.LogOption,string,UnityEngine.Object)
UnityEngine.DebugLogHandler:LogFormat (UnityEngine.LogType,UnityEngine.Object,string,object[])
UnityEngine.Logger:Log (UnityEngine.LogType,object)
UnityEngine.Debug:Log (object)
EnemyGroundNavigator:Update () (at Assets/Scripts/EnemyScripts/EnemyGroundNavigator.cs:52)

(Filename: Assets/Scripts/EnemyScripts/EnemyGroundNavigator.cs Line: 52)

playerCharater (UnityEngine.Transform)
UnityEngine.Debug:ExtractStackTraceNoAlloc (byte*,int,string)
UnityEngine.StackTraceUtility:ExtractStackTrace () (at /home/bokken/build/output/unity/unity/Runtime/Export/Scripting/StackTrace.cs:35)
UnityEngine.DebugLogHandler:Internal_Log (UnityEngine.LogType,UnityEngine.LogOption,string,UnityEngine.Object)
UnityEngine.DebugLogHandler:LogFormat (UnityEngine.LogType,UnityEngine.Object,string,object[])
UnityEngine.Logger:Log (UnityEngine.LogType,object)
UnityEngine.Debug:Log (object)
EnemyGroundNavigator:Update () (at Assets/Scripts/EnemyScripts/EnemyGroundNavigator.cs:52)

(Filename: Assets/Scripts/EnemyScripts/EnemyGroundNavigator.cs Line: 52)

playerCharater (UnityEngine.Transform)
UnityEngine.Debug:ExtractStackTraceNoAlloc (byte*,int,string)
UnityEngine.StackTraceUtility:ExtractStackTrace () (at /home/bokken/build/output/unity/unity/Runtime/Export/Scripting/StackTrace.cs:35)
UnityEngine.DebugLogHandler:Internal_Log (UnityEngine.LogType,UnityEngine.LogOption,string,UnityEngine.Object)
UnityEngine.DebugLogHandler:LogFormat (UnityEngine.LogType,UnityEngine.Object,string,object[])
UnityEngine.Logger:Log (UnityEngine.LogType,object)
UnityEngine.Debug:Log (object)
EnemyGroundNavigator:Update () (at Assets/Scripts/EnemyScripts/EnemyGroundNavigator.cs:52)

(Filename: Assets/Scripts/EnemyScripts/EnemyGroundNavigator.cs Line: 52)

playerCharater (UnityEngine.Transform)
UnityEngine.Debug:ExtractStackTraceNoAlloc (byte*,int,string)
UnityEngine.StackTraceUtility:ExtractStackTrace () (at /home/bokken/build/output/unity/unity/Runtime/Export/Scripting/StackTrace.cs:35)
UnityEngine.DebugLogHandler:Internal_Log (UnityEngine.LogType,UnityEngine.LogOption,string,UnityEngine.Object)
UnityEngine.DebugLogHandler:LogFormat (UnityEngine.LogType,UnityEngine.Object,string,object[])
UnityEngine.Logger:Log (UnityEngine.LogType,object)
UnityEngine.Debug:Log (object)
EnemyGroundNavigator:Update () (at Assets/Scripts/EnemyScripts/EnemyGroundNavigator.cs:52)

(Filename: Assets/Scripts/EnemyScripts/EnemyGroundNavigator.cs Line: 52)

playerCharater (UnityEngine.Transform)
UnityEngine.Debug:ExtractStackTraceNoAlloc (byte*,int,string)
UnityEngine.StackTraceUtility:ExtractStackTrace () (at /home/bokken/build/output/unity/unity/Runtime/Export/Scripting/StackTrace.cs:35)
UnityEngine.DebugLogHandler:Internal_Log (UnityEngine.LogType,UnityEngine.LogOption,string,UnityEngine.Object)
UnityEngine.DebugLogHandler:LogFormat (UnityEngine.LogType,UnityEngine.Object,string,object[])
UnityEngine.Logger:Log (UnityEngine.LogType,object)
UnityEngine.Debug:Log (object)
EnemyGroundNavigator:Update () (at Assets/Scripts/EnemyScripts/EnemyGroundNavigator.cs:52)

(Filename: Assets/Scripts/EnemyScripts/EnemyGroundNavigator.cs Line: 52)

playerCharater (UnityEngine.Transform)
UnityEngine.Debug:ExtractStackTraceNoAlloc (byte*,int,string)
UnityEngine.StackTraceUtility:ExtractStackTrace () (at /home/bokken/build/output/unity/unity/Runtime/Export/Scripting/StackTrace.cs:35)
UnityEngine.DebugLogHandler:Internal_Log (UnityEngine.LogType,UnityEngine.LogOption,string,UnityEngine.Object)
UnityEngine.DebugLogHandler:LogFormat (UnityEngine.LogType,UnityEngine.Object,string,object[])
UnityEngine.Logger:Log (UnityEngine.LogType,object)
UnityEngine.Debug:Log (object)
EnemyGroundNavigator:Update () (at Assets/Scripts/EnemyScripts/EnemyGroundNavigator.cs:52)

(Filename: Assets/Scripts/EnemyScripts/EnemyGroundNavigator.cs Line: 52)

playerCharater (UnityEngine.Transform)
UnityEngine.Debug:ExtractStackTraceNoAlloc (byte*,int,string)
UnityEngine.StackTraceUtility:ExtractStackTrace () (at /home/bokken/build/output/unity/unity/Runtime/Export/Scripting/StackTrace.cs:35)
UnityEngine.DebugLogHandler:Internal_Log (UnityEngine.LogType,UnityEngine.LogOption,string,UnityEngine.Object)
UnityEngine.DebugLogHandler:LogFormat (UnityEngine.LogType,UnityEngine.Object,string,object[])
UnityEngine.Logger:Log (UnityEngine.LogType,object)
UnityEngine.Debug:Log (object)
EnemyGroundNavigator:Update () (at Assets/Scripts/EnemyScripts/EnemyGroundNavigator.cs:52)

(Filename: Assets/Scripts/EnemyScripts/EnemyGroundNavigator.cs Line: 52)

playerCharater (UnityEngine.Transform)
UnityEngine.Debug:ExtractStackTraceNoAlloc (byte*,int,string)
UnityEngine.StackTraceUtility:ExtractStackTrace () (at /home/bokken/build/output/unity/unity/Runtime/Export/Scripting/StackTrace.cs:35)
UnityEngine.DebugLogHandler:Internal_Log (UnityEngine.LogType,UnityEngine.LogOption,string,UnityEngine.Object)
UnityEngine.DebugLogHandler:LogFormat (UnityEngine.LogType,UnityEngine.Object,string,object[])
UnityEngine.Logger:Log (UnityEngine.LogType,object)
UnityEngine.Debug:Log (object)
EnemyGroundNavigator:Update () (at Assets/Scripts/EnemyScripts/EnemyGroundNavigator.cs:52)

(Filename: Assets/Scripts/EnemyScripts/EnemyGroundNavigator.cs Line: 52)

playerCharater (UnityEngine.Transform)
UnityEngine.Debug:ExtractStackTraceNoAlloc (byte*,int,string)
UnityEngine.StackTraceUtility:ExtractStackTrace () (at /home/bokken/build/output/unity/unity/Runtime/Export/Scripting/StackTrace.cs:35)
UnityEngine.DebugLogHandler:Internal_Log (UnityEngine.LogType,UnityEngine.LogOption,string,UnityEngine.Object)
UnityEngine.DebugLogHandler:LogFormat (UnityEngine.LogType,UnityEngine.Object,string,object[])
UnityEngine.Logger:Log (UnityEngine.LogType,object)
UnityEngine.Debug:Log (object)
EnemyGroundNavigator:Update () (at Assets/Scripts/EnemyScripts/EnemyGroundNavigator.cs:52)

(Filename: Assets/Scripts/EnemyScripts/EnemyGroundNavigator.cs Line: 52)

playerCharater (UnityEngine.Transform)
UnityEngine.Debug:ExtractStackTraceNoAlloc (byte*,int,string)
UnityEngine.StackTraceUtility:ExtractStackTrace () (at /home/bokken/build/output/unity/unity/Runtime/Export/Scripting/StackTrace.cs:35)
UnityEngine.DebugLogHandler:Internal_Log (UnityEngine.LogType,UnityEngine.LogOption,string,UnityEngine.Object)
UnityEngine.DebugLogHandler:LogFormat (UnityEngine.LogType,UnityEngine.Object,string,object[])
UnityEngine.Logger:Log (UnityEngine.LogType,object)
UnityEngine.Debug:Log (object)
EnemyGroundNavigator:Update () (at Assets/Scripts/EnemyScripts/EnemyGroundNavigator.cs:52)

(Filename: Assets/Scripts/EnemyScripts/EnemyGroundNavigator.cs Line: 52)

playerCharater (UnityEngine.Transform)
UnityEngine.Debug:ExtractStackTraceNoAlloc (byte*,int,string)
UnityEngine.StackTraceUtility:ExtractStackTrace () (at /home/bokken/build/output/unity/unity/Runtime/Export/Scripting/StackTrace.cs:35)
UnityEngine.DebugLogHandler:Internal_Log (UnityEngine.LogType,UnityEngine.LogOption,string,UnityEngine.Object)
UnityEngine.DebugLogHandler:LogFormat (UnityEngine.LogType,UnityEngine.Object,string,object[])
UnityEngine.Logger:Log (UnityEngine.LogType,object)
UnityEngine.Debug:Log (object)
EnemyGroundNavigator:Update () (at Assets/Scripts/EnemyScripts/EnemyGroundNavigator.cs:52)

(Filename: Assets/Scripts/EnemyScripts/EnemyGroundNavigator.cs Line: 52)

playerCharater (UnityEngine.Transform)
UnityEngine.Debug:ExtractStackTraceNoAlloc (byte*,int,string)
UnityEngine.StackTraceUtility:ExtractStackTrace () (at /home/bokken/build/output/unity/unity/Runtime/Export/Scripting/StackTrace.cs:35)
UnityEngine.DebugLogHandler:Internal_Log (UnityEngine.LogType,UnityEngine.LogOption,string,UnityEngine.Object)
UnityEngine.DebugLogHandler:LogFormat (UnityEngine.LogType,UnityEngine.Object,string,object[])
UnityEngine.Logger:Log (UnityEngine.LogType,object)
UnityEngine.Debug:Log (object)
EnemyGroundNavigator:Update () (at Assets/Scripts/EnemyScripts/EnemyGroundNavigator.cs:52)

(Filename: Assets/Scripts/EnemyScripts/EnemyGroundNavigator.cs Line: 52)

playerCharater (UnityEngine.Transform)
UnityEngine.Debug:ExtractStackTraceNoAlloc (byte*,int,string)
UnityEngine.StackTraceUtility:ExtractStackTrace () (at /home/bokken/build/output/unity/unity/Runtime/Export/Scripting/StackTrace.cs:35)
UnityEngine.DebugLogHandler:Internal_Log (UnityEngine.LogType,UnityEngine.LogOption,string,UnityEngine.Object)
UnityEngine.DebugLogHandler:LogFormat (UnityEngine.LogType,UnityEngine.Object,string,object[])
UnityEngine.Logger:Log (UnityEngine.LogType,object)
UnityEngine.Debug:Log (object)
EnemyGroundNavigator:Update () (at Assets/Scripts/EnemyScripts/EnemyGroundNavigator.cs:52)

(Filename: Assets/Scripts/EnemyScripts/EnemyGroundNavigator.cs Line: 52)

playerCharater (UnityEngine.Transform)
UnityEngine.Debug:ExtractStackTraceNoAlloc (byte*,int,string)
UnityEngine.StackTraceUtility:ExtractStackTrace () (at /home/bokken/build/output/unity/unity/Runtime/Export/Scripting/StackTrace.cs:35)
UnityEngine.DebugLogHandler:Internal_Log (UnityEngine.LogType,UnityEngine.LogOption,string,UnityEngine.Object)
UnityEngine.DebugLogHandler:LogFormat (UnityEngine.LogType,UnityEngine.Object,string,object[])
UnityEngine.Logger:Log (UnityEngine.LogType,object)
UnityEngine.Debug:Log (object)
EnemyGroundNavigator:Update () (at Assets/Scripts/EnemyScripts/EnemyGroundNavigator.cs:52)

(Filename: Assets/Scripts/EnemyScripts/EnemyGroundNavigator.cs Line: 52)

playerCharater (UnityEngine.Transform)
UnityEngine.Debug:ExtractStackTraceNoAlloc (byte*,int,string)
UnityEngine.StackTraceUtility:ExtractStackTrace () (at /home/bokken/build/output/unity/unity/Runtime/Export/Scripting/StackTrace.cs:35)
UnityEngine.DebugLogHandler:Internal_Log (UnityEngine.LogType,UnityEngine.LogOption,string,UnityEngine.Object)
UnityEngine.DebugLogHandler:LogFormat (UnityEngine.LogType,UnityEngine.Object,string,object[])
UnityEngine.Logger:Log (UnityEngine.LogType,object)
UnityEngine.Debug:Log (object)
EnemyGroundNavigator:Update () (at Assets/Scripts/EnemyScripts/EnemyGroundNavigator.cs:52)

(Filename: Assets/Scripts/EnemyScripts/EnemyGroundNavigator.cs Line: 52)

playerCharater (UnityEngine.Transform)
UnityEngine.Debug:ExtractStackTraceNoAlloc (byte*,int,string)
UnityEngine.StackTraceUtility:ExtractStackTrace () (at /home/bokken/build/output/unity/unity/Runtime/Export/Scripting/StackTrace.cs:35)
UnityEngine.DebugLogHandler:Internal_Log (UnityEngine.LogType,UnityEngine.LogOption,string,UnityEngine.Object)
UnityEngine.DebugLogHandler:LogFormat (UnityEngine.LogType,UnityEngine.Object,string,object[])
UnityEngine.Logger:Log (UnityEngine.LogType,object)
UnityEngine.Debug:Log (object)
EnemyGroundNavigator:Update () (at Assets/Scripts/EnemyScripts/EnemyGroundNavigator.cs:52)

(Filename: Assets/Scripts/EnemyScripts/EnemyGroundNavigator.cs Line: 52)

playerCharater (UnityEngine.Transform)
UnityEngine.Debug:ExtractStackTraceNoAlloc (byte*,int,string)
UnityEngine.StackTraceUtility:ExtractStackTrace () (at /home/bokken/build/output/unity/unity/Runtime/Export/Scripting/StackTrace.cs:35)
UnityEngine.DebugLogHandler:Internal_Log (UnityEngine.LogType,UnityEngine.LogOption,string,UnityEngine.Object)
UnityEngine.DebugLogHandler:LogFormat (UnityEngine.LogType,UnityEngine.Object,string,object[])
UnityEngine.Logger:Log (UnityEngine.LogType,object)
UnityEngine.Debug:Log (object)
EnemyGroundNavigator:Update () (at Assets/Scripts/EnemyScripts/EnemyGroundNavigator.cs:52)

(Filename: Assets/Scripts/EnemyScripts/EnemyGroundNavigator.cs Line: 52)

playerCharater (UnityEngine.Transform)
UnityEngine.Debug:ExtractStackTraceNoAlloc (byte*,int,string)
UnityEngine.StackTraceUtility:ExtractStackTrace () (at /home/bokken/build/output/unity/unity/Runtime/Export/Scripting/StackTrace.cs:35)
UnityEngine.DebugLogHandler:Internal_Log (UnityEngine.LogType,UnityEngine.LogOption,string,UnityEngine.Object)
UnityEngine.DebugLogHandler:LogFormat (UnityEngine.LogType,UnityEngine.Object,string,object[])
UnityEngine.Logger:Log (UnityEngine.LogType,object)
UnityEngine.Debug:Log (object)
EnemyGroundNavigator:Update () (at Assets/Scripts/EnemyScripts/EnemyGroundNavigator.cs:52)

(Filename: Assets/Scripts/EnemyScripts/EnemyGroundNavigator.cs Line: 52)

playerCharater (UnityEngine.Transform)
UnityEngine.Debug:ExtractStackTraceNoAlloc (byte*,int,string)
UnityEngine.StackTraceUtility:ExtractStackTrace () (at /home/bokken/build/output/unity/unity/Runtime/Export/Scripting/StackTrace.cs:35)
UnityEngine.DebugLogHandler:Internal_Log (UnityEngine.LogType,UnityEngine.LogOption,string,UnityEngine.Object)
UnityEngine.DebugLogHandler:LogFormat (UnityEngine.LogType,UnityEngine.Object,string,object[])
UnityEngine.Logger:Log (UnityEngine.LogType,object)
UnityEngine.Debug:Log (object)
EnemyGroundNavigator:Update () (at Assets/Scripts/EnemyScripts/EnemyGroundNavigator.cs:52)

(Filename: Assets/Scripts/EnemyScripts/EnemyGroundNavigator.cs Line: 52)

hurtbox
UnityEngine.Debug:ExtractStackTraceNoAlloc (byte*,int,string)
UnityEngine.StackTraceUtility:ExtractStackTrace () (at /home/bokken/build/output/unity/unity/Runtime/Export/Scripting/StackTrace.cs:35)
UnityEngine.DebugLogHandler:Internal_Log (UnityEngine.LogType,UnityEngine.LogOption,string,UnityEngine.Object)
UnityEngine.DebugLogHandler:LogFormat (UnityEngine.LogType,UnityEngine.Object,string,object[])
UnityEngine.Logger:Log (UnityEngine.LogType,object)
UnityEngine.Debug:Log (object)
HitBox:OnTriggerEnter (UnityEngine.Collider) (at Assets/Scripts/HitBox.cs:12)

(Filename: Assets/Scripts/HitBox.cs Line: 12)

hurtbox
UnityEngine.Debug:ExtractStackTraceNoAlloc (byte*,int,string)
UnityEngine.StackTraceUtility:ExtractStackTrace () (at /home/bokken/build/output/unity/unity/Runtime/Export/Scripting/StackTrace.cs:35)
UnityEngine.DebugLogHandler:Internal_Log (UnityEngine.LogType,UnityEngine.LogOption,string,UnityEngine.Object)
UnityEngine.DebugLogHandler:LogFormat (UnityEngine.LogType,UnityEngine.Object,string,object[])
UnityEngine.Logger:Log (UnityEngine.LogType,object)
UnityEngine.Debug:Log (object)
HitBox:OnTriggerEnter (UnityEngine.Collider) (at Assets/Scripts/HitBox.cs:13)

(Filename: Assets/Scripts/HitBox.cs Line: 13)

 Took 7 damage.
UnityEngine.Debug:ExtractStackTraceNoAlloc (byte*,int,string)
UnityEngine.StackTraceUtility:ExtractStackTrace () (at /home/bokken/build/output/unity/unity/Runtime/Export/Scripting/StackTrace.cs:35)
UnityEngine.DebugLogHandler:Internal_Log (UnityEngine.LogType,UnityEngine.LogOption,string,UnityEngine.Object)
UnityEngine.DebugLogHandler:LogFormat (UnityEngine.LogType,UnityEngine.Object,string,object[])
UnityEngine.Logger:Log (UnityEngine.LogType,object)
UnityEngine.Debug:Log (object)
HurtBox:TakeDamage (int) (at Assets/Scripts/HurtBox.cs:7)
HitBox:OnTriggerEnter (UnityEngine.Collider) (at Assets/Scripts/HitBox.cs:17)

(Filename: Assets/Scripts/HurtBox.cs Line: 7)

playerCharater (UnityEngine.Transform)
UnityEngine.Debug:ExtractStackTraceNoAlloc (byte*,int,string)
UnityEngine.StackTraceUtility:ExtractStackTrace () (at /home/bokken/build/output/unity/unity/Runtime/Export/Scripting/StackTrace.cs:35)
UnityEngine.DebugLogHandler:Internal_Log (UnityEngine.LogType,UnityEngine.LogOption,string,UnityEngine.Object)
UnityEngine.DebugLogHandler:LogFormat (UnityEngine.LogType,UnityEngine.Object,string,object[])
UnityEngine.Logger:Log (UnityEngine.LogType,object)
UnityEngine.Debug:Log (object)
EnemyGroundNavigator:Update () (at Assets/Scripts/EnemyScripts/EnemyGroundNavigator.cs:52)

(Filename: Assets/Scripts/EnemyScripts/EnemyGroundNavigator.cs Line: 52)

playerCharater (UnityEngine.Transform)
UnityEngine.Debug:ExtractStackTraceNoAlloc (byte*,int,string)
UnityEngine.StackTraceUtility:ExtractStackTrace () (at /home/bokken/build/output/unity/unity/Runtime/Export/Scripting/StackTrace.cs:35)
UnityEngine.DebugLogHandler:Internal_Log (UnityEngine.LogType,UnityEngine.LogOption,string,UnityEngine.Object)
UnityEngine.DebugLogHandler:LogFormat (UnityEngine.LogType,UnityEngine.Object,string,object[])
UnityEngine.Logger:Log (UnityEngine.LogType,object)
UnityEngine.Debug:Log (object)
EnemyGroundNavigator:Update () (at Assets/Scripts/EnemyScripts/EnemyGroundNavigator.cs:52)

(Filename: Assets/Scripts/EnemyScripts/EnemyGroundNavigator.cs Line: 52)

playerCharater (UnityEngine.Transform)
UnityEngine.Debug:ExtractStackTraceNoAlloc (byte*,int,string)
UnityEngine.StackTraceUtility:ExtractStackTrace () (at /home/bokken/build/output/unity/unity/Runtime/Export/Scripting/StackTrace.cs:35)
UnityEngine.DebugLogHandler:Internal_Log (UnityEngine.LogType,UnityEngine.LogOption,string,UnityEngine.Object)
UnityEngine.DebugLogHandler:LogFormat (UnityEngine.LogType,UnityEngine.Object,string,object[])
UnityEngine.Logger:Log (UnityEngine.LogType,object)
UnityEngine.Debug:Log (object)
EnemyGroundNavigator:Update () (at Assets/Scripts/EnemyScripts/EnemyGroundNavigator.cs:52)

(Filename: Assets/Scripts/EnemyScripts/EnemyGroundNavigator.cs Line: 52)

playerCharater (UnityEngine.Transform)
UnityEngine.Debug:ExtractStackTraceNoAlloc (byte*,int,string)
UnityEngine.StackTraceUtility:ExtractStackTrace () (at /home/bokken/build/output/unity/unity/Runtime/Export/Scripting/StackTrace.cs:35)
UnityEngine.DebugLogHandler:Internal_Log (UnityEngine.LogType,UnityEngine.LogOption,string,UnityEngine.Object)
UnityEngine.DebugLogHandler:LogFormat (UnityEngine.LogType,UnityEngine.Object,string,object[])
UnityEngine.Logger:Log (UnityEngine.LogType,object)
UnityEngine.Debug:Log (object)
EnemyGroundNavigator:Update () (at Assets/Scripts/EnemyScripts/EnemyGroundNavigator.cs:52)

(Filename: Assets/Scripts/EnemyScripts/EnemyGroundNavigator.cs Line: 52)

playerCharater (UnityEngine.Transform)
UnityEngine.Debug:ExtractStackTraceNoAlloc (byte*,int,string)
UnityEngine.StackTraceUtility:ExtractStackTrace () (at /home/bokken/build/output/unity/unity/Runtime/Export/Scripting/StackTrace.cs:35)
UnityEngine.DebugLogHandler:Internal_Log (UnityEngine.LogType,UnityEngine.LogOption,string,UnityEngine.Object)
UnityEngine.DebugLogHandler:LogFormat (UnityEngine.LogType,UnityEngine.Object,string,object[])
UnityEngine.Logger:Log (UnityEngine.LogType,object)
UnityEngine.Debug:Log (object)
EnemyGroundNavigator:Update () (at Assets/Scripts/EnemyScripts/EnemyGroundNavigator.cs:52)

(Filename: Assets/Scripts/EnemyScripts/EnemyGroundNavigator.cs Line: 52)

playerCharater (UnityEngine.Transform)
UnityEngine.Debug:ExtractStackTraceNoAlloc (byte*,int,string)
UnityEngine.StackTraceUtility:ExtractStackTrace () (at /home/bokken/build/output/unity/unity/Runtime/Export/Scripting/StackTrace.cs:35)
UnityEngine.DebugLogHandler:Internal_Log (UnityEngine.LogType,UnityEngine.LogOption,string,UnityEngine.Object)
UnityEngine.DebugLogHandler:LogFormat (UnityEngine.LogType,UnityEngine.Object,string,object[])
UnityEngine.Logger:Log (UnityEngine.LogType,object)
UnityEngine.Debug:Log (object)
EnemyGroundNavigator:Update () (at Assets/Scripts/EnemyScripts/EnemyGroundNavigator.cs:52)

(Filename: Assets/Scripts/EnemyScripts/EnemyGroundNavigator.cs Line: 52)

playerCharater (UnityEngine.Transform)
UnityEngine.Debug:ExtractStackTraceNoAlloc (byte*,int,string)
UnityEngine.StackTraceUtility:ExtractStackTrace () (at /home/bokken/build/output/unity/unity/Runtime/Export/Scripting/StackTrace.cs:35)
UnityEngine.DebugLogHandler:Internal_Log (UnityEngine.LogType,UnityEngine.LogOption,string,UnityEngine.Object)
UnityEngine.DebugLogHandler:LogFormat (UnityEngine.LogType,UnityEngine.Object,string,object[])
UnityEngine.Logger:Log (UnityEngine.LogType,object)
UnityEngine.Debug:Log (object)
EnemyGroundNavigator:Update () (at Assets/Scripts/EnemyScripts/EnemyGroundNavigator.cs:52)

(Filename: Assets/Scripts/EnemyScripts/EnemyGroundNavigator.cs Line: 52)

playerCharater (UnityEngine.Transform)
UnityEngine.Debug:ExtractStackTraceNoAlloc (byte*,int,string)
UnityEngine.StackTraceUtility:ExtractStackTrace () (at /home/bokken/build/output/unity/unity/Runtime/Export/Scripting/StackTrace.cs:35)
UnityEngine.DebugLogHandler:Internal_Log (UnityEngine.LogType,UnityEngine.LogOption,string,UnityEngine.Object)
UnityEngine.DebugLogHandler:LogFormat (UnityEngine.LogType,UnityEngine.Object,string,object[])
UnityEngine.Logger:Log (UnityEngine.LogType,object)
UnityEngine.Debug:Log (object)
EnemyGroundNavigator:Update () (at Assets/Scripts/EnemyScripts/EnemyGroundNavigator.cs:52)

(Filename: Assets/Scripts/EnemyScripts/EnemyGroundNavigator.cs Line: 52)

playerCharater (UnityEngine.Transform)
UnityEngine.Debug:ExtractStackTraceNoAlloc (byte*,int,string)
UnityEngine.StackTraceUtility:ExtractStackTrace () (at /home/bokken/build/output/unity/unity/Runtime/Export/Scripting/StackTrace.cs:35)
UnityEngine.DebugLogHandler:Internal_Log (UnityEngine.LogType,UnityEngine.LogOption,string,UnityEngine.Object)
UnityEngine.DebugLogHandler:LogFormat (UnityEngine.LogType,UnityEngine.Object,string,object[])
UnityEngine.Logger:Log (UnityEngine.LogType,object)
UnityEngine.Debug:Log (object)
EnemyGroundNavigator:Update () (at Assets/Scripts/EnemyScripts/EnemyGroundNavigator.cs:52)

(Filename: Assets/Scripts/EnemyScripts/EnemyGroundNavigator.cs Line: 52)

playerCharater (UnityEngine.Transform)
UnityEngine.Debug:ExtractStackTraceNoAlloc (byte*,int,string)
UnityEngine.StackTraceUtility:ExtractStackTrace () (at /home/bokken/build/output/unity/unity/Runtime/Export/Scripting/StackTrace.cs:35)
UnityEngine.DebugLogHandler:Internal_Log (UnityEngine.LogType,UnityEngine.LogOption,string,UnityEngine.Object)
UnityEngine.DebugLogHandler:LogFormat (UnityEngine.LogType,UnityEngine.Object,string,object[])
UnityEngine.Logger:Log (UnityEngine.LogType,object)
UnityEngine.Debug:Log (object)
EnemyGroundNavigator:Update () (at Assets/Scripts/EnemyScripts/EnemyGroundNavigator.cs:52)

(Filename: Assets/Scripts/EnemyScripts/EnemyGroundNavigator.cs Line: 52)

playerCharater (UnityEngine.Transform)
UnityEngine.Debug:ExtractStackTraceNoAlloc (byte*,int,string)
UnityEngine.StackTraceUtility:ExtractStackTrace () (at /home/bokken/build/output/unity/unity/Runtime/Export/Scripting/StackTrace.cs:35)
UnityEngine.DebugLogHandler:Internal_Log (UnityEngine.LogType,UnityEngine.LogOption,string,UnityEngine.Object)
UnityEngine.DebugLogHandler:LogFormat (UnityEngine.LogType,UnityEngine.Object,string,object[])
UnityEngine.Logger:Log (UnityEngine.LogType,object)
UnityEngine.Debug:Log (object)
EnemyGroundNavigator:Update () (at Assets/Scripts/EnemyScripts/EnemyGroundNavigator.cs:52)

(Filename: Assets/Scripts/EnemyScripts/EnemyGroundNavigator.cs Line: 52)

playerCharater (UnityEngine.Transform)
UnityEngine.Debug:ExtractStackTraceNoAlloc (byte*,int,string)
UnityEngine.StackTraceUtility:ExtractStackTrace () (at /home/bokken/build/output/unity/unity/Runtime/Export/Scripting/StackTrace.cs:35)
UnityEngine.DebugLogHandler:Internal_Log (UnityEngine.LogType,UnityEngine.LogOption,string,UnityEngine.Object)
UnityEngine.DebugLogHandler:LogFormat (UnityEngine.LogType,UnityEngine.Object,string,object[])
UnityEngine.Logger:Log (UnityEngine.LogType,object)
UnityEngine.Debug:Log (object)
EnemyGroundNavigator:Update () (at Assets/Scripts/EnemyScripts/EnemyGroundNavigator.cs:52)

(Filename: Assets/Scripts/EnemyScripts/EnemyGroundNavigator.cs Line: 52)

playerCharater (UnityEngine.Transform)
UnityEngine.Debug:ExtractStackTraceNoAlloc (byte*,int,string)
UnityEngine.StackTraceUtility:ExtractStackTrace () (at /home/bokken/build/output/unity/unity/Runtime/Export/Scripting/StackTrace.cs:35)
UnityEngine.DebugLogHandler:Internal_Log (UnityEngine.LogType,UnityEngine.LogOption,string,UnityEngine.Object)
UnityEngine.DebugLogHandler:LogFormat (UnityEngine.LogType,UnityEngine.Object,string,object[])
UnityEngine.Logger:Log (UnityEngine.LogType,object)
UnityEngine.Debug:Log (object)
EnemyGroundNavigator:Update () (at Assets/Scripts/EnemyScripts/EnemyGroundNavigator.cs:52)

(Filename: Assets/Scripts/EnemyScripts/EnemyGroundNavigator.cs Line: 52)

playerCharater (UnityEngine.Transform)
UnityEngine.Debug:ExtractStackTraceNoAlloc (byte*,int,string)
UnityEngine.StackTraceUtility:ExtractStackTrace () (at /home/bokken/build/output/unity/unity/Runtime/Export/Scripting/StackTrace.cs:35)
UnityEngine.DebugLogHandler:Internal_Log (UnityEngine.LogType,UnityEngine.LogOption,string,UnityEngine.Object)
UnityEngine.DebugLogHandler:LogFormat (UnityEngine.LogType,UnityEngine.Object,string,object[])
UnityEngine.Logger:Log (UnityEngine.LogType,object)
UnityEngine.Debug:Log (object)
EnemyGroundNavigator:Update () (at Assets/Scripts/EnemyScripts/EnemyGroundNavigator.cs:52)

(Filename: Assets/Scripts/EnemyScripts/EnemyGroundNavigator.cs Line: 52)

playerCharater (UnityEngine.Transform)
UnityEngine.Debug:ExtractStackTraceNoAlloc (byte*,int,string)
UnityEngine.StackTraceUtility:ExtractStackTrace () (at /home/bokken/build/output/unity/unity/Runtime/Export/Scripting/StackTrace.cs:35)
UnityEngine.DebugLogHandler:Internal_Log (UnityEngine.LogType,UnityEngine.LogOption,string,UnityEngine.Object)
UnityEngine.DebugLogHandler:LogFormat (UnityEngine.LogType,UnityEngine.Object,string,object[])
UnityEngine.Logger:Log (UnityEngine.LogType,object)
UnityEngine.Debug:Log (object)
EnemyGroundNavigator:Update () (at Assets/Scripts/EnemyScripts/EnemyGroundNavigator.cs:52)

(Filename: Assets/Scripts/EnemyScripts/EnemyGroundNavigator.cs Line: 52)

playerCharater (UnityEngine.Transform)
UnityEngine.Debug:ExtractStackTraceNoAlloc (byte*,int,string)
UnityEngine.StackTraceUtility:ExtractStackTrace () (at /home/bokken/build/output/unity/unity/Runtime/Export/Scripting/StackTrace.cs:35)
UnityEngine.DebugLogHandler:Internal_Log (UnityEngine.LogType,UnityEngine.LogOption,string,UnityEngine.Object)
UnityEngine.DebugLogHandler:LogFormat (UnityEngine.LogType,UnityEngine.Object,string,object[])
UnityEngine.Logger:Log (UnityEngine.LogType,object)
UnityEngine.Debug:Log (object)
EnemyGroundNavigator:Update () (at Assets/Scripts/EnemyScripts/EnemyGroundNavigator.cs:52)

(Filename: Assets/Scripts/EnemyScripts/EnemyGroundNavigator.cs Line: 52)

playerCharater (UnityEngine.Transform)
UnityEngine.Debug:ExtractStackTraceNoAlloc (byte*,int,string)
UnityEngine.StackTraceUtility:ExtractStackTrace () (at /home/bokken/build/output/unity/unity/Runtime/Export/Scripting/StackTrace.cs:35)
UnityEngine.DebugLogHandler:Internal_Log (UnityEngine.LogType,UnityEngine.LogOption,string,UnityEngine.Object)
UnityEngine.DebugLogHandler:LogFormat (UnityEngine.LogType,UnityEngine.Object,string,object[])
UnityEngine.Logger:Log (UnityEngine.LogType,object)
UnityEngine.Debug:Log (object)
EnemyGroundNavigator:Update () (at Assets/Scripts/EnemyScripts/EnemyGroundNavigator.cs:52)

(Filename: Assets/Scripts/EnemyScripts/EnemyGroundNavigator.cs Line: 52)

playerCharater (UnityEngine.Transform)
UnityEngine.Debug:ExtractStackTraceNoAlloc (byte*,int,string)
UnityEngine.StackTraceUtility:ExtractStackTrace () (at /home/bokken/build/output/unity/unity/Runtime/Export/Scripting/StackTrace.cs:35)
UnityEngine.DebugLogHandler:Internal_Log (UnityEngine.LogType,UnityEngine.LogOption,string,UnityEngine.Object)
UnityEngine.DebugLogHandler:LogFormat (UnityEngine.LogType,UnityEngine.Object,string,object[])
UnityEngine.Logger:Log (UnityEngine.LogType,object)
UnityEngine.Debug:Log (object)
EnemyGroundNavigator:Update () (at Assets/Scripts/EnemyScripts/EnemyGroundNavigator.cs:52)

(Filename: Assets/Scripts/EnemyScripts/EnemyGroundNavigator.cs Line: 52)

playerCharater (UnityEngine.Transform)
UnityEngine.Debug:ExtractStackTraceNoAlloc (byte*,int,string)
UnityEngine.StackTraceUtility:ExtractStackTrace () (at /home/bokken/build/output/unity/unity/Runtime/Export/Scripting/StackTrace.cs:35)
UnityEngine.DebugLogHandler:Internal_Log (UnityEngine.LogType,UnityEngine.LogOption,string,UnityEngine.Object)
UnityEngine.DebugLogHandler:LogFormat (UnityEngine.LogType,UnityEngine.Object,string,object[])
UnityEngine.Logger:Log (UnityEngine.LogType,object)
UnityEngine.Debug:Log (object)
EnemyGroundNavigator:Update () (at Assets/Scripts/EnemyScripts/EnemyGroundNavigator.cs:52)

(Filename: Assets/Scripts/EnemyScripts/EnemyGroundNavigator.cs Line: 52)

playerCharater (UnityEngine.Transform)
UnityEngine.Debug:ExtractStackTraceNoAlloc (byte*,int,string)
UnityEngine.StackTraceUtility:ExtractStackTrace () (at /home/bokken/build/output/unity/unity/Runtime/Export/Scripting/StackTrace.cs:35)
UnityEngine.DebugLogHandler:Internal_Log (UnityEngine.LogType,UnityEngine.LogOption,string,UnityEngine.Object)
UnityEngine.DebugLogHandler:LogFormat (UnityEngine.LogType,UnityEngine.Object,string,object[])
UnityEngine.Logger:Log (UnityEngine.LogType,object)
UnityEngine.Debug:Log (object)
EnemyGroundNavigator:Update () (at Assets/Scripts/EnemyScripts/EnemyGroundNavigator.cs:52)

(Filename: Assets/Scripts/EnemyScripts/EnemyGroundNavigator.cs Line: 52)

playerCharater (UnityEngine.Transform)
UnityEngine.Debug:ExtractStackTraceNoAlloc (byte*,int,string)
UnityEngine.StackTraceUtility:ExtractStackTrace () (at /home/bokken/build/output/unity/unity/Runtime/Export/Scripting/StackTrace.cs:35)
UnityEngine.DebugLogHandler:Internal_Log (UnityEngine.LogType,UnityEngine.LogOption,string,UnityEngine.Object)
UnityEngine.DebugLogHandler:LogFormat (UnityEngine.LogType,UnityEngine.Object,string,object[])
UnityEngine.Logger:Log (UnityEngine.LogType,object)
UnityEngine.Debug:Log (object)
EnemyGroundNavigator:Update () (at Assets/Scripts/EnemyScripts/EnemyGroundNavigator.cs:52)

(Filename: Assets/Scripts/EnemyScripts/EnemyGroundNavigator.cs Line: 52)

playerCharater (UnityEngine.Transform)
UnityEngine.Debug:ExtractStackTraceNoAlloc (byte*,int,string)
UnityEngine.StackTraceUtility:ExtractStackTrace () (at /home/bokken/build/output/unity/unity/Runtime/Export/Scripting/StackTrace.cs:35)
UnityEngine.DebugLogHandler:Internal_Log (UnityEngine.LogType,UnityEngine.LogOption,string,UnityEngine.Object)
UnityEngine.DebugLogHandler:LogFormat (UnityEngine.LogType,UnityEngine.Object,string,object[])
UnityEngine.Logger:Log (UnityEngine.LogType,object)
UnityEngine.Debug:Log (object)
EnemyGroundNavigator:Update () (at Assets/Scripts/EnemyScripts/EnemyGroundNavigator.cs:52)

(Filename: Assets/Scripts/EnemyScripts/EnemyGroundNavigator.cs Line: 52)

playerCharater (UnityEngine.Transform)
UnityEngine.Debug:ExtractStackTraceNoAlloc (byte*,int,string)
UnityEngine.StackTraceUtility:ExtractStackTrace () (at /home/bokken/build/output/unity/unity/Runtime/Export/Scripting/StackTrace.cs:35)
UnityEngine.DebugLogHandler:Internal_Log (UnityEngine.LogType,UnityEngine.LogOption,string,UnityEngine.Object)
UnityEngine.DebugLogHandler:LogFormat (UnityEngine.LogType,UnityEngine.Object,string,object[])
UnityEngine.Logger:Log (UnityEngine.LogType,object)
UnityEngine.Debug:Log (object)
EnemyGroundNavigator:Update () (at Assets/Scripts/EnemyScripts/EnemyGroundNavigator.cs:52)

(Filename: Assets/Scripts/EnemyScripts/EnemyGroundNavigator.cs Line: 52)

playerCharater (UnityEngine.Transform)
UnityEngine.Debug:ExtractStackTraceNoAlloc (byte*,int,string)
UnityEngine.StackTraceUtility:ExtractStackTrace () (at /home/bokken/build/output/unity/unity/Runtime/Export/Scripting/StackTrace.cs:35)
UnityEngine.DebugLogHandler:Internal_Log (UnityEngine.LogType,UnityEngine.LogOption,string,UnityEngine.Object)
UnityEngine.DebugLogHandler:LogFormat (UnityEngine.LogType,UnityEngine.Object,string,object[])
UnityEngine.Logger:Log (UnityEngine.LogType,object)
UnityEngine.Debug:Log (object)
EnemyGroundNavigator:Update () (at Assets/Scripts/EnemyScripts/EnemyGroundNavigator.cs:52)

(Filename: Assets/Scripts/EnemyScripts/EnemyGroundNavigator.cs Line: 52)

playerCharater (UnityEngine.Transform)
UnityEngine.Debug:ExtractStackTraceNoAlloc (byte*,int,string)
UnityEngine.StackTraceUtility:ExtractStackTrace () (at /home/bokken/build/output/unity/unity/Runtime/Export/Scripting/StackTrace.cs:35)
UnityEngine.DebugLogHandler:Internal_Log (UnityEngine.LogType,UnityEngine.LogOption,string,UnityEngine.Object)
UnityEngine.DebugLogHandler:LogFormat (UnityEngine.LogType,UnityEngine.Object,string,object[])
UnityEngine.Logger:Log (UnityEngine.LogType,object)
UnityEngine.Debug:Log (object)
EnemyGroundNavigator:Update () (at Assets/Scripts/EnemyScripts/EnemyGroundNavigator.cs:52)

(Filename: Assets/Scripts/EnemyScripts/EnemyGroundNavigator.cs Line: 52)

playerCharater (UnityEngine.Transform)
UnityEngine.Debug:ExtractStackTraceNoAlloc (byte*,int,string)
UnityEngine.StackTraceUtility:ExtractStackTrace () (at /home/bokken/build/output/unity/unity/Runtime/Export/Scripting/StackTrace.cs:35)
UnityEngine.DebugLogHandler:Internal_Log (UnityEngine.LogType,UnityEngine.LogOption,string,UnityEngine.Object)
UnityEngine.DebugLogHandler:LogFormat (UnityEngine.LogType,UnityEngine.Object,string,object[])
UnityEngine.Logger:Log (UnityEngine.LogType,object)
UnityEngine.Debug:Log (object)
EnemyGroundNavigator:Update () (at Assets/Scripts/EnemyScripts/EnemyGroundNavigator.cs:52)

(Filename: Assets/Scripts/EnemyScripts/EnemyGroundNavigator.cs Line: 52)

playerCharater (UnityEngine.Transform)
UnityEngine.Debug:ExtractStackTraceNoAlloc (byte*,int,string)
UnityEngine.StackTraceUtility:ExtractStackTrace () (at /home/bokken/build/output/unity/unity/Runtime/Export/Scripting/StackTrace.cs:35)
UnityEngine.DebugLogHandler:Internal_Log (UnityEngine.LogType,UnityEngine.LogOption,string,UnityEngine.Object)
UnityEngine.DebugLogHandler:LogFormat (UnityEngine.LogType,UnityEngine.Object,string,object[])
UnityEngine.Logger:Log (UnityEngine.LogType,object)
UnityEngine.Debug:Log (object)
EnemyGroundNavigator:Update () (at Assets/Scripts/EnemyScripts/EnemyGroundNavigator.cs:52)

(Filename: Assets/Scripts/EnemyScripts/EnemyGroundNavigator.cs Line: 52)

playerCharater (UnityEngine.Transform)
UnityEngine.Debug:ExtractStackTraceNoAlloc (byte*,int,string)
UnityEngine.StackTraceUtility:ExtractStackTrace () (at /home/bokken/build/output/unity/unity/Runtime/Export/Scripting/StackTrace.cs:35)
UnityEngine.DebugLogHandler:Internal_Log (UnityEngine.LogType,UnityEngine.LogOption,string,UnityEngine.Object)
UnityEngine.DebugLogHandler:LogFormat (UnityEngine.LogType,UnityEngine.Object,string,object[])
UnityEngine.Logger:Log (UnityEngine.LogType,object)
UnityEngine.Debug:Log (object)
EnemyGroundNavigator:Update () (at Assets/Scripts/EnemyScripts/EnemyGroundNavigator.cs:52)

(Filename: Assets/Scripts/EnemyScripts/EnemyGroundNavigator.cs Line: 52)

hurtbox
UnityEngine.Debug:ExtractStackTraceNoAlloc (byte*,int,string)
UnityEngine.StackTraceUtility:ExtractStackTrace () (at /home/bokken/build/output/unity/unity/Runtime/Export/Scripting/StackTrace.cs:35)
UnityEngine.DebugLogHandler:Internal_Log (UnityEngine.LogType,UnityEngine.LogOption,string,UnityEngine.Object)
UnityEngine.DebugLogHandler:LogFormat (UnityEngine.LogType,UnityEngine.Object,string,object[])
UnityEngine.Logger:Log (UnityEngine.LogType,object)
UnityEngine.Debug:Log (object)
HitBox:OnTriggerEnter (UnityEngine.Collider) (at Assets/Scripts/HitBox.cs:12)

(Filename: Assets/Scripts/HitBox.cs Line: 12)

hurtbox
UnityEngine.Debug:ExtractStackTraceNoAlloc (byte*,int,string)
UnityEngine.StackTraceUtility:ExtractStackTrace () (at /home/bokken/build/output/unity/unity/Runtime/Export/Scripting/StackTrace.cs:35)
UnityEngine.DebugLogHandler:Internal_Log (UnityEngine.LogType,UnityEngine.LogOption,string,UnityEngine.Object)
UnityEngine.DebugLogHandler:LogFormat (UnityEngine.LogType,UnityEngine.Object,string,object[])
UnityEngine.Logger:Log (UnityEngine.LogType,object)
UnityEngine.Debug:Log (object)
HitBox:OnTriggerEnter (UnityEngine.Collider) (at Assets/Scripts/HitBox.cs:13)

(Filename: Assets/Scripts/HitBox.cs Line: 13)

 Took 7 damage.
UnityEngine.Debug:ExtractStackTraceNoAlloc (byte*,int,string)
UnityEngine.StackTraceUtility:ExtractStackTrace () (at /home/bokken/build/output/unity/unity/Runtime/Export/Scripting/StackTrace.cs:35)
UnityEngine.DebugLogHandler:Internal_Log (UnityEngine.LogType,UnityEngine.LogOption,string,UnityEngine.Object)
UnityEngine.DebugLogHandler:LogFormat (UnityEngine.LogType,UnityEngine.Object,string,object[])
UnityEngine.Logger:Log (UnityEngine.LogType,object)
UnityEngine.Debug:Log (object)
HurtBox:TakeDamage (int) (at Assets/Scripts/HurtBox.cs:7)
HitBox:OnTriggerEnter (UnityEngine.Collider) (at Assets/Scripts/HitBox.cs:17)

(Filename: Assets/Scripts/HurtBox.cs Line: 7)

playerCharater (UnityEngine.Transform)
UnityEngine.Debug:ExtractStackTraceNoAlloc (byte*,int,string)
UnityEngine.StackTraceUtility:ExtractStackTrace () (at /home/bokken/build/output/unity/unity/Runtime/Export/Scripting/StackTrace.cs:35)
UnityEngine.DebugLogHandler:Internal_Log (UnityEngine.LogType,UnityEngine.LogOption,string,UnityEngine.Object)
UnityEngine.DebugLogHandler:LogFormat (UnityEngine.LogType,UnityEngine.Object,string,object[])
UnityEngine.Logger:Log (UnityEngine.LogType,object)
UnityEngine.Debug:Log (object)
EnemyGroundNavigator:Update () (at Assets/Scripts/EnemyScripts/EnemyGroundNavigator.cs:52)

(Filename: Assets/Scripts/EnemyScripts/EnemyGroundNavigator.cs Line: 52)

playerCharater (UnityEngine.Transform)
UnityEngine.Debug:ExtractStackTraceNoAlloc (byte*,int,string)
UnityEngine.StackTraceUtility:ExtractStackTrace () (at /home/bokken/build/output/unity/unity/Runtime/Export/Scripting/StackTrace.cs:35)
UnityEngine.DebugLogHandler:Internal_Log (UnityEngine.LogType,UnityEngine.LogOption,string,UnityEngine.Object)
UnityEngine.DebugLogHandler:LogFormat (UnityEngine.LogType,UnityEngine.Object,string,object[])
UnityEngine.Logger:Log (UnityEngine.LogType,object)
UnityEngine.Debug:Log (object)
EnemyGroundNavigator:Update () (at Assets/Scripts/EnemyScripts/EnemyGroundNavigator.cs:52)

(Filename: Assets/Scripts/EnemyScripts/EnemyGroundNavigator.cs Line: 52)

playerCharater (UnityEngine.Transform)
UnityEngine.Debug:ExtractStackTraceNoAlloc (byte*,int,string)
UnityEngine.StackTraceUtility:ExtractStackTrace () (at /home/bokken/build/output/unity/unity/Runtime/Export/Scripting/StackTrace.cs:35)
UnityEngine.DebugLogHandler:Internal_Log (UnityEngine.LogType,UnityEngine.LogOption,string,UnityEngine.Object)
UnityEngine.DebugLogHandler:LogFormat (UnityEngine.LogType,UnityEngine.Object,string,object[])
UnityEngine.Logger:Log (UnityEngine.LogType,object)
UnityEngine.Debug:Log (object)
EnemyGroundNavigator:Update () (at Assets/Scripts/EnemyScripts/EnemyGroundNavigator.cs:52)

(Filename: Assets/Scripts/EnemyScripts/EnemyGroundNavigator.cs Line: 52)

playerCharater (UnityEngine.Transform)
UnityEngine.Debug:ExtractStackTraceNoAlloc (byte*,int,string)
UnityEngine.StackTraceUtility:ExtractStackTrace () (at /home/bokken/build/output/unity/unity/Runtime/Export/Scripting/StackTrace.cs:35)
UnityEngine.DebugLogHandler:Internal_Log (UnityEngine.LogType,UnityEngine.LogOption,string,UnityEngine.Object)
UnityEngine.DebugLogHandler:LogFormat (UnityEngine.LogType,UnityEngine.Object,string,object[])
UnityEngine.Logger:Log (UnityEngine.LogType,object)
UnityEngine.Debug:Log (object)
EnemyGroundNavigator:Update () (at Assets/Scripts/EnemyScripts/EnemyGroundNavigator.cs:52)

(Filename: Assets/Scripts/EnemyScripts/EnemyGroundNavigator.cs Line: 52)

playerCharater (UnityEngine.Transform)
UnityEngine.Debug:ExtractStackTraceNoAlloc (byte*,int,string)
UnityEngine.StackTraceUtility:ExtractStackTrace () (at /home/bokken/build/output/unity/unity/Runtime/Export/Scripting/StackTrace.cs:35)
UnityEngine.DebugLogHandler:Internal_Log (UnityEngine.LogType,UnityEngine.LogOption,string,UnityEngine.Object)
UnityEngine.DebugLogHandler:LogFormat (UnityEngine.LogType,UnityEngine.Object,string,object[])
UnityEngine.Logger:Log (UnityEngine.LogType,object)
UnityEngine.Debug:Log (object)
EnemyGroundNavigator:Update () (at Assets/Scripts/EnemyScripts/EnemyGroundNavigator.cs:52)

(Filename: Assets/Scripts/EnemyScripts/EnemyGroundNavigator.cs Line: 52)

playerCharater (UnityEngine.Transform)
UnityEngine.Debug:ExtractStackTraceNoAlloc (byte*,int,string)
UnityEngine.StackTraceUtility:ExtractStackTrace () (at /home/bokken/build/output/unity/unity/Runtime/Export/Scripting/StackTrace.cs:35)
UnityEngine.DebugLogHandler:Internal_Log (UnityEngine.LogType,UnityEngine.LogOption,string,UnityEngine.Object)
UnityEngine.DebugLogHandler:LogFormat (UnityEngine.LogType,UnityEngine.Object,string,object[])
UnityEngine.Logger:Log (UnityEngine.LogType,object)
UnityEngine.Debug:Log (object)
EnemyGroundNavigator:Update () (at Assets/Scripts/EnemyScripts/EnemyGroundNavigator.cs:52)

(Filename: Assets/Scripts/EnemyScripts/EnemyGroundNavigator.cs Line: 52)

playerCharater (UnityEngine.Transform)
UnityEngine.Debug:ExtractStackTraceNoAlloc (byte*,int,string)
UnityEngine.StackTraceUtility:ExtractStackTrace () (at /home/bokken/build/output/unity/unity/Runtime/Export/Scripting/StackTrace.cs:35)
UnityEngine.DebugLogHandler:Internal_Log (UnityEngine.LogType,UnityEngine.LogOption,string,UnityEngine.Object)
UnityEngine.DebugLogHandler:LogFormat (UnityEngine.LogType,UnityEngine.Object,string,object[])
UnityEngine.Logger:Log (UnityEngine.LogType,object)
UnityEngine.Debug:Log (object)
EnemyGroundNavigator:Update () (at Assets/Scripts/EnemyScripts/EnemyGroundNavigator.cs:52)

(Filename: Assets/Scripts/EnemyScripts/EnemyGroundNavigator.cs Line: 52)

playerCharater (UnityEngine.Transform)
UnityEngine.Debug:ExtractStackTraceNoAlloc (byte*,int,string)
UnityEngine.StackTraceUtility:ExtractStackTrace () (at /home/bokken/build/output/unity/unity/Runtime/Export/Scripting/StackTrace.cs:35)
UnityEngine.DebugLogHandler:Internal_Log (UnityEngine.LogType,UnityEngine.LogOption,string,UnityEngine.Object)
UnityEngine.DebugLogHandler:LogFormat (UnityEngine.LogType,UnityEngine.Object,string,object[])
UnityEngine.Logger:Log (UnityEngine.LogType,object)
UnityEngine.Debug:Log (object)
EnemyGroundNavigator:Update () (at Assets/Scripts/EnemyScripts/EnemyGroundNavigator.cs:52)

(Filename: Assets/Scripts/EnemyScripts/EnemyGroundNavigator.cs Line: 52)

playerCharater (UnityEngine.Transform)
UnityEngine.Debug:ExtractStackTraceNoAlloc (byte*,int,string)
UnityEngine.StackTraceUtility:ExtractStackTrace () (at /home/bokken/build/output/unity/unity/Runtime/Export/Scripting/StackTrace.cs:35)
UnityEngine.DebugLogHandler:Internal_Log (UnityEngine.LogType,UnityEngine.LogOption,string,UnityEngine.Object)
UnityEngine.DebugLogHandler:LogFormat (UnityEngine.LogType,UnityEngine.Object,string,object[])
UnityEngine.Logger:Log (UnityEngine.LogType,object)
UnityEngine.Debug:Log (object)
EnemyGroundNavigator:Update () (at Assets/Scripts/EnemyScripts/EnemyGroundNavigator.cs:52)

(Filename: Assets/Scripts/EnemyScripts/EnemyGroundNavigator.cs Line: 52)

playerCharater (UnityEngine.Transform)
UnityEngine.Debug:ExtractStackTraceNoAlloc (byte*,int,string)
UnityEngine.StackTraceUtility:ExtractStackTrace () (at /home/bokken/build/output/unity/unity/Runtime/Export/Scripting/StackTrace.cs:35)
UnityEngine.DebugLogHandler:Internal_Log (UnityEngine.LogType,UnityEngine.LogOption,string,UnityEngine.Object)
UnityEngine.DebugLogHandler:LogFormat (UnityEngine.LogType,UnityEngine.Object,string,object[])
UnityEngine.Logger:Log (UnityEngine.LogType,object)
UnityEngine.Debug:Log (object)
EnemyGroundNavigator:Update () (at Assets/Scripts/EnemyScripts/EnemyGroundNavigator.cs:52)

(Filename: Assets/Scripts/EnemyScripts/EnemyGroundNavigator.cs Line: 52)

playerCharater (UnityEngine.Transform)
UnityEngine.Debug:ExtractStackTraceNoAlloc (byte*,int,string)
UnityEngine.StackTraceUtility:ExtractStackTrace () (at /home/bokken/build/output/unity/unity/Runtime/Export/Scripting/StackTrace.cs:35)
UnityEngine.DebugLogHandler:Internal_Log (UnityEngine.LogType,UnityEngine.LogOption,string,UnityEngine.Object)
UnityEngine.DebugLogHandler:LogFormat (UnityEngine.LogType,UnityEngine.Object,string,object[])
UnityEngine.Logger:Log (UnityEngine.LogType,object)
UnityEngine.Debug:Log (object)
EnemyGroundNavigator:Update () (at Assets/Scripts/EnemyScripts/EnemyGroundNavigator.cs:52)

(Filename: Assets/Scripts/EnemyScripts/EnemyGroundNavigator.cs Line: 52)

playerCharater (UnityEngine.Transform)
UnityEngine.Debug:ExtractStackTraceNoAlloc (byte*,int,string)
UnityEngine.StackTraceUtility:ExtractStackTrace () (at /home/bokken/build/output/unity/unity/Runtime/Export/Scripting/StackTrace.cs:35)
UnityEngine.DebugLogHandler:Internal_Log (UnityEngine.LogType,UnityEngine.LogOption,string,UnityEngine.Object)
UnityEngine.DebugLogHandler:LogFormat (UnityEngine.LogType,UnityEngine.Object,string,object[])
UnityEngine.Logger:Log (UnityEngine.LogType,object)
UnityEngine.Debug:Log (object)
EnemyGroundNavigator:Update () (at Assets/Scripts/EnemyScripts/EnemyGroundNavigator.cs:52)

(Filename: Assets/Scripts/EnemyScripts/EnemyGroundNavigator.cs Line: 52)

playerCharater (UnityEngine.Transform)
UnityEngine.Debug:ExtractStackTraceNoAlloc (byte*,int,string)
UnityEngine.StackTraceUtility:ExtractStackTrace () (at /home/bokken/build/output/unity/unity/Runtime/Export/Scripting/StackTrace.cs:35)
UnityEngine.DebugLogHandler:Internal_Log (UnityEngine.LogType,UnityEngine.LogOption,string,UnityEngine.Object)
UnityEngine.DebugLogHandler:LogFormat (UnityEngine.LogType,UnityEngine.Object,string,object[])
UnityEngine.Logger:Log (UnityEngine.LogType,object)
UnityEngine.Debug:Log (object)
EnemyGroundNavigator:Update () (at Assets/Scripts/EnemyScripts/EnemyGroundNavigator.cs:52)

(Filename: Assets/Scripts/EnemyScripts/EnemyGroundNavigator.cs Line: 52)

playerCharater (UnityEngine.Transform)
UnityEngine.Debug:ExtractStackTraceNoAlloc (byte*,int,string)
UnityEngine.StackTraceUtility:ExtractStackTrace () (at /home/bokken/build/output/unity/unity/Runtime/Export/Scripting/StackTrace.cs:35)
UnityEngine.DebugLogHandler:Internal_Log (UnityEngine.LogType,UnityEngine.LogOption,string,UnityEngine.Object)
UnityEngine.DebugLogHandler:LogFormat (UnityEngine.LogType,UnityEngine.Object,string,object[])
UnityEngine.Logger:Log (UnityEngine.LogType,object)
UnityEngine.Debug:Log (object)
EnemyGroundNavigator:Update () (at Assets/Scripts/EnemyScripts/EnemyGroundNavigator.cs:52)

(Filename: Assets/Scripts/EnemyScripts/EnemyGroundNavigator.cs Line: 52)

playerCharater (UnityEngine.Transform)
UnityEngine.Debug:ExtractStackTraceNoAlloc (byte*,int,string)
UnityEngine.StackTraceUtility:ExtractStackTrace () (at /home/bokken/build/output/unity/unity/Runtime/Export/Scripting/StackTrace.cs:35)
UnityEngine.DebugLogHandler:Internal_Log (UnityEngine.LogType,UnityEngine.LogOption,string,UnityEngine.Object)
UnityEngine.DebugLogHandler:LogFormat (UnityEngine.LogType,UnityEngine.Object,string,object[])
UnityEngine.Logger:Log (UnityEngine.LogType,object)
UnityEngine.Debug:Log (object)
EnemyGroundNavigator:Update () (at Assets/Scripts/EnemyScripts/EnemyGroundNavigator.cs:52)

(Filename: Assets/Scripts/EnemyScripts/EnemyGroundNavigator.cs Line: 52)

playerCharater (UnityEngine.Transform)
UnityEngine.Debug:ExtractStackTraceNoAlloc (byte*,int,string)
UnityEngine.StackTraceUtility:ExtractStackTrace () (at /home/bokken/build/output/unity/unity/Runtime/Export/Scripting/StackTrace.cs:35)
UnityEngine.DebugLogHandler:Internal_Log (UnityEngine.LogType,UnityEngine.LogOption,string,UnityEngine.Object)
UnityEngine.DebugLogHandler:LogFormat (UnityEngine.LogType,UnityEngine.Object,string,object[])
UnityEngine.Logger:Log (UnityEngine.LogType,object)
UnityEngine.Debug:Log (object)
EnemyGroundNavigator:Update () (at Assets/Scripts/EnemyScripts/EnemyGroundNavigator.cs:52)

(Filename: Assets/Scripts/EnemyScripts/EnemyGroundNavigator.cs Line: 52)

playerCharater (UnityEngine.Transform)
UnityEngine.Debug:ExtractStackTraceNoAlloc (byte*,int,string)
UnityEngine.StackTraceUtility:ExtractStackTrace () (at /home/bokken/build/output/unity/unity/Runtime/Export/Scripting/StackTrace.cs:35)
UnityEngine.DebugLogHandler:Internal_Log (UnityEngine.LogType,UnityEngine.LogOption,string,UnityEngine.Object)
UnityEngine.DebugLogHandler:LogFormat (UnityEngine.LogType,UnityEngine.Object,string,object[])
UnityEngine.Logger:Log (UnityEngine.LogType,object)
UnityEngine.Debug:Log (object)
EnemyGroundNavigator:Update () (at Assets/Scripts/EnemyScripts/EnemyGroundNavigator.cs:52)

(Filename: Assets/Scripts/EnemyScripts/EnemyGroundNavigator.cs Line: 52)

playerCharater (UnityEngine.Transform)
UnityEngine.Debug:ExtractStackTraceNoAlloc (byte*,int,string)
UnityEngine.StackTraceUtility:ExtractStackTrace () (at /home/bokken/build/output/unity/unity/Runtime/Export/Scripting/StackTrace.cs:35)
UnityEngine.DebugLogHandler:Internal_Log (UnityEngine.LogType,UnityEngine.LogOption,string,UnityEngine.Object)
UnityEngine.DebugLogHandler:LogFormat (UnityEngine.LogType,UnityEngine.Object,string,object[])
UnityEngine.Logger:Log (UnityEngine.LogType,object)
UnityEngine.Debug:Log (object)
EnemyGroundNavigator:Update () (at Assets/Scripts/EnemyScripts/EnemyGroundNavigator.cs:52)

(Filename: Assets/Scripts/EnemyScripts/EnemyGroundNavigator.cs Line: 52)

playerCharater (UnityEngine.Transform)
UnityEngine.Debug:ExtractStackTraceNoAlloc (byte*,int,string)
UnityEngine.StackTraceUtility:ExtractStackTrace () (at /home/bokken/build/output/unity/unity/Runtime/Export/Scripting/StackTrace.cs:35)
UnityEngine.DebugLogHandler:Internal_Log (UnityEngine.LogType,UnityEngine.LogOption,string,UnityEngine.Object)
UnityEngine.DebugLogHandler:LogFormat (UnityEngine.LogType,UnityEngine.Object,string,object[])
UnityEngine.Logger:Log (UnityEngine.LogType,object)
UnityEngine.Debug:Log (object)
EnemyGroundNavigator:Update () (at Assets/Scripts/EnemyScripts/EnemyGroundNavigator.cs:52)

(Filename: Assets/Scripts/EnemyScripts/EnemyGroundNavigator.cs Line: 52)

playerCharater (UnityEngine.Transform)
UnityEngine.Debug:ExtractStackTraceNoAlloc (byte*,int,string)
UnityEngine.StackTraceUtility:ExtractStackTrace () (at /home/bokken/build/output/unity/unity/Runtime/Export/Scripting/StackTrace.cs:35)
UnityEngine.DebugLogHandler:Internal_Log (UnityEngine.LogType,UnityEngine.LogOption,string,UnityEngine.Object)
UnityEngine.DebugLogHandler:LogFormat (UnityEngine.LogType,UnityEngine.Object,string,object[])
UnityEngine.Logger:Log (UnityEngine.LogType,object)
UnityEngine.Debug:Log (object)
EnemyGroundNavigator:Update () (at Assets/Scripts/EnemyScripts/EnemyGroundNavigator.cs:52)

(Filename: Assets/Scripts/EnemyScripts/EnemyGroundNavigator.cs Line: 52)

playerCharater (UnityEngine.Transform)
UnityEngine.Debug:ExtractStackTraceNoAlloc (byte*,int,string)
UnityEngine.StackTraceUtility:ExtractStackTrace () (at /home/bokken/build/output/unity/unity/Runtime/Export/Scripting/StackTrace.cs:35)
UnityEngine.DebugLogHandler:Internal_Log (UnityEngine.LogType,UnityEngine.LogOption,string,UnityEngine.Object)
UnityEngine.DebugLogHandler:LogFormat (UnityEngine.LogType,UnityEngine.Object,string,object[])
UnityEngine.Logger:Log (UnityEngine.LogType,object)
UnityEngine.Debug:Log (object)
EnemyGroundNavigator:Update () (at Assets/Scripts/EnemyScripts/EnemyGroundNavigator.cs:52)

(Filename: Assets/Scripts/EnemyScripts/EnemyGroundNavigator.cs Line: 52)

playerCharater (UnityEngine.Transform)
UnityEngine.Debug:ExtractStackTraceNoAlloc (byte*,int,string)
UnityEngine.StackTraceUtility:ExtractStackTrace () (at /home/bokken/build/output/unity/unity/Runtime/Export/Scripting/StackTrace.cs:35)
UnityEngine.DebugLogHandler:Internal_Log (UnityEngine.LogType,UnityEngine.LogOption,string,UnityEngine.Object)
UnityEngine.DebugLogHandler:LogFormat (UnityEngine.LogType,UnityEngine.Object,string,object[])
UnityEngine.Logger:Log (UnityEngine.LogType,object)
UnityEngine.Debug:Log (object)
EnemyGroundNavigator:Update () (at Assets/Scripts/EnemyScripts/EnemyGroundNavigator.cs:52)

(Filename: Assets/Scripts/EnemyScripts/EnemyGroundNavigator.cs Line: 52)

playerCharater (UnityEngine.Transform)
UnityEngine.Debug:ExtractStackTraceNoAlloc (byte*,int,string)
UnityEngine.StackTraceUtility:ExtractStackTrace () (at /home/bokken/build/output/unity/unity/Runtime/Export/Scripting/StackTrace.cs:35)
UnityEngine.DebugLogHandler:Internal_Log (UnityEngine.LogType,UnityEngine.LogOption,string,UnityEngine.Object)
UnityEngine.DebugLogHandler:LogFormat (UnityEngine.LogType,UnityEngine.Object,string,object[])
UnityEngine.Logger:Log (UnityEngine.LogType,object)
UnityEngine.Debug:Log (object)
EnemyGroundNavigator:Update () (at Assets/Scripts/EnemyScripts/EnemyGroundNavigator.cs:52)

(Filename: Assets/Scripts/EnemyScripts/EnemyGroundNavigator.cs Line: 52)

playerCharater (UnityEngine.Transform)
UnityEngine.Debug:ExtractStackTraceNoAlloc (byte*,int,string)
UnityEngine.StackTraceUtility:ExtractStackTrace () (at /home/bokken/build/output/unity/unity/Runtime/Export/Scripting/StackTrace.cs:35)
UnityEngine.DebugLogHandler:Internal_Log (UnityEngine.LogType,UnityEngine.LogOption,string,UnityEngine.Object)
UnityEngine.DebugLogHandler:LogFormat (UnityEngine.LogType,UnityEngine.Object,string,object[])
UnityEngine.Logger:Log (UnityEngine.LogType,object)
UnityEngine.Debug:Log (object)
EnemyGroundNavigator:Update () (at Assets/Scripts/EnemyScripts/EnemyGroundNavigator.cs:52)

(Filename: Assets/Scripts/EnemyScripts/EnemyGroundNavigator.cs Line: 52)

playerCharater (UnityEngine.Transform)
UnityEngine.Debug:ExtractStackTraceNoAlloc (byte*,int,string)
UnityEngine.StackTraceUtility:ExtractStackTrace () (at /home/bokken/build/output/unity/unity/Runtime/Export/Scripting/StackTrace.cs:35)
UnityEngine.DebugLogHandler:Internal_Log (UnityEngine.LogType,UnityEngine.LogOption,string,UnityEngine.Object)
UnityEngine.DebugLogHandler:LogFormat (UnityEngine.LogType,UnityEngine.Object,string,object[])
UnityEngine.Logger:Log (UnityEngine.LogType,object)
UnityEngine.Debug:Log (object)
EnemyGroundNavigator:Update () (at Assets/Scripts/EnemyScripts/EnemyGroundNavigator.cs:52)

(Filename: Assets/Scripts/EnemyScripts/EnemyGroundNavigator.cs Line: 52)

playerCharater (UnityEngine.Transform)
UnityEngine.Debug:ExtractStackTraceNoAlloc (byte*,int,string)
UnityEngine.StackTraceUtility:ExtractStackTrace () (at /home/bokken/build/output/unity/unity/Runtime/Export/Scripting/StackTrace.cs:35)
UnityEngine.DebugLogHandler:Internal_Log (UnityEngine.LogType,UnityEngine.LogOption,string,UnityEngine.Object)
UnityEngine.DebugLogHandler:LogFormat (UnityEngine.LogType,UnityEngine.Object,string,object[])
UnityEngine.Logger:Log (UnityEngine.LogType,object)
UnityEngine.Debug:Log (object)
EnemyGroundNavigator:Update () (at Assets/Scripts/EnemyScripts/EnemyGroundNavigator.cs:52)

(Filename: Assets/Scripts/EnemyScripts/EnemyGroundNavigator.cs Line: 52)

hurtbox
UnityEngine.Debug:ExtractStackTraceNoAlloc (byte*,int,string)
UnityEngine.StackTraceUtility:ExtractStackTrace () (at /home/bokken/build/output/unity/unity/Runtime/Export/Scripting/StackTrace.cs:35)
UnityEngine.DebugLogHandler:Internal_Log (UnityEngine.LogType,UnityEngine.LogOption,string,UnityEngine.Object)
UnityEngine.DebugLogHandler:LogFormat (UnityEngine.LogType,UnityEngine.Object,string,object[])
UnityEngine.Logger:Log (UnityEngine.LogType,object)
UnityEngine.Debug:Log (object)
HitBox:OnTriggerEnter (UnityEngine.Collider) (at Assets/Scripts/HitBox.cs:12)

(Filename: Assets/Scripts/HitBox.cs Line: 12)

hurtbox
UnityEngine.Debug:ExtractStackTraceNoAlloc (byte*,int,string)
UnityEngine.StackTraceUtility:ExtractStackTrace () (at /home/bokken/build/output/unity/unity/Runtime/Export/Scripting/StackTrace.cs:35)
UnityEngine.DebugLogHandler:Internal_Log (UnityEngine.LogType,UnityEngine.LogOption,string,UnityEngine.Object)
UnityEngine.DebugLogHandler:LogFormat (UnityEngine.LogType,UnityEngine.Object,string,object[])
UnityEngine.Logger:Log (UnityEngine.LogType,object)
UnityEngine.Debug:Log (object)
HitBox:OnTriggerEnter (UnityEngine.Collider) (at Assets/Scripts/HitBox.cs:13)

(Filename: Assets/Scripts/HitBox.cs Line: 13)

 Took 7 damage.
UnityEngine.Debug:ExtractStackTraceNoAlloc (byte*,int,string)
UnityEngine.StackTraceUtility:ExtractStackTrace () (at /home/bokken/build/output/unity/unity/Runtime/Export/Scripting/StackTrace.cs:35)
UnityEngine.DebugLogHandler:Internal_Log (UnityEngine.LogType,UnityEngine.LogOption,string,UnityEngine.Object)
UnityEngine.DebugLogHandler:LogFormat (UnityEngine.LogType,UnityEngine.Object,string,object[])
UnityEngine.Logger:Log (UnityEngine.LogType,object)
UnityEngine.Debug:Log (object)
HurtBox:TakeDamage (int) (at Assets/Scripts/HurtBox.cs:7)
HitBox:OnTriggerEnter (UnityEngine.Collider) (at Assets/Scripts/HitBox.cs:17)

(Filename: Assets/Scripts/HurtBox.cs Line: 7)

playerCharater (UnityEngine.Transform)
UnityEngine.Debug:ExtractStackTraceNoAlloc (byte*,int,string)
UnityEngine.StackTraceUtility:ExtractStackTrace () (at /home/bokken/build/output/unity/unity/Runtime/Export/Scripting/StackTrace.cs:35)
UnityEngine.DebugLogHandler:Internal_Log (UnityEngine.LogType,UnityEngine.LogOption,string,UnityEngine.Object)
UnityEngine.DebugLogHandler:LogFormat (UnityEngine.LogType,UnityEngine.Object,string,object[])
UnityEngine.Logger:Log (UnityEngine.LogType,object)
UnityEngine.Debug:Log (object)
EnemyGroundNavigator:Update () (at Assets/Scripts/EnemyScripts/EnemyGroundNavigator.cs:52)

(Filename: Assets/Scripts/EnemyScripts/EnemyGroundNavigator.cs Line: 52)

playerCharater (UnityEngine.Transform)
UnityEngine.Debug:ExtractStackTraceNoAlloc (byte*,int,string)
UnityEngine.StackTraceUtility:ExtractStackTrace () (at /home/bokken/build/output/unity/unity/Runtime/Export/Scripting/StackTrace.cs:35)
UnityEngine.DebugLogHandler:Internal_Log (UnityEngine.LogType,UnityEngine.LogOption,string,UnityEngine.Object)
UnityEngine.DebugLogHandler:LogFormat (UnityEngine.LogType,UnityEngine.Object,string,object[])
UnityEngine.Logger:Log (UnityEngine.LogType,object)
UnityEngine.Debug:Log (object)
EnemyGroundNavigator:Update () (at Assets/Scripts/EnemyScripts/EnemyGroundNavigator.cs:52)

(Filename: Assets/Scripts/EnemyScripts/EnemyGroundNavigator.cs Line: 52)

playerCharater (UnityEngine.Transform)
UnityEngine.Debug:ExtractStackTraceNoAlloc (byte*,int,string)
UnityEngine.StackTraceUtility:ExtractStackTrace () (at /home/bokken/build/output/unity/unity/Runtime/Export/Scripting/StackTrace.cs:35)
UnityEngine.DebugLogHandler:Internal_Log (UnityEngine.LogType,UnityEngine.LogOption,string,UnityEngine.Object)
UnityEngine.DebugLogHandler:LogFormat (UnityEngine.LogType,UnityEngine.Object,string,object[])
UnityEngine.Logger:Log (UnityEngine.LogType,object)
UnityEngine.Debug:Log (object)
EnemyGroundNavigator:Update () (at Assets/Scripts/EnemyScripts/EnemyGroundNavigator.cs:52)

(Filename: Assets/Scripts/EnemyScripts/EnemyGroundNavigator.cs Line: 52)

playerCharater (UnityEngine.Transform)
UnityEngine.Debug:ExtractStackTraceNoAlloc (byte*,int,string)
UnityEngine.StackTraceUtility:ExtractStackTrace () (at /home/bokken/build/output/unity/unity/Runtime/Export/Scripting/StackTrace.cs:35)
UnityEngine.DebugLogHandler:Internal_Log (UnityEngine.LogType,UnityEngine.LogOption,string,UnityEngine.Object)
UnityEngine.DebugLogHandler:LogFormat (UnityEngine.LogType,UnityEngine.Object,string,object[])
UnityEngine.Logger:Log (UnityEngine.LogType,object)
UnityEngine.Debug:Log (object)
EnemyGroundNavigator:Update () (at Assets/Scripts/EnemyScripts/EnemyGroundNavigator.cs:52)

(Filename: Assets/Scripts/EnemyScripts/EnemyGroundNavigator.cs Line: 52)

playerCharater (UnityEngine.Transform)
UnityEngine.Debug:ExtractStackTraceNoAlloc (byte*,int,string)
UnityEngine.StackTraceUtility:ExtractStackTrace () (at /home/bokken/build/output/unity/unity/Runtime/Export/Scripting/StackTrace.cs:35)
UnityEngine.DebugLogHandler:Internal_Log (UnityEngine.LogType,UnityEngine.LogOption,string,UnityEngine.Object)
UnityEngine.DebugLogHandler:LogFormat (UnityEngine.LogType,UnityEngine.Object,string,object[])
UnityEngine.Logger:Log (UnityEngine.LogType,object)
UnityEngine.Debug:Log (object)
EnemyGroundNavigator:Update () (at Assets/Scripts/EnemyScripts/EnemyGroundNavigator.cs:52)

(Filename: Assets/Scripts/EnemyScripts/EnemyGroundNavigator.cs Line: 52)

playerCharater (UnityEngine.Transform)
UnityEngine.Debug:ExtractStackTraceNoAlloc (byte*,int,string)
UnityEngine.StackTraceUtility:ExtractStackTrace () (at /home/bokken/build/output/unity/unity/Runtime/Export/Scripting/StackTrace.cs:35)
UnityEngine.DebugLogHandler:Internal_Log (UnityEngine.LogType,UnityEngine.LogOption,string,UnityEngine.Object)
UnityEngine.DebugLogHandler:LogFormat (UnityEngine.LogType,UnityEngine.Object,string,object[])
UnityEngine.Logger:Log (UnityEngine.LogType,object)
UnityEngine.Debug:Log (object)
EnemyGroundNavigator:Update () (at Assets/Scripts/EnemyScripts/EnemyGroundNavigator.cs:52)

(Filename: Assets/Scripts/EnemyScripts/EnemyGroundNavigator.cs Line: 52)

playerCharater (UnityEngine.Transform)
UnityEngine.Debug:ExtractStackTraceNoAlloc (byte*,int,string)
UnityEngine.StackTraceUtility:ExtractStackTrace () (at /home/bokken/build/output/unity/unity/Runtime/Export/Scripting/StackTrace.cs:35)
UnityEngine.DebugLogHandler:Internal_Log (UnityEngine.LogType,UnityEngine.LogOption,string,UnityEngine.Object)
UnityEngine.DebugLogHandler:LogFormat (UnityEngine.LogType,UnityEngine.Object,string,object[])
UnityEngine.Logger:Log (UnityEngine.LogType,object)
UnityEngine.Debug:Log (object)
EnemyGroundNavigator:Update () (at Assets/Scripts/EnemyScripts/EnemyGroundNavigator.cs:52)

(Filename: Assets/Scripts/EnemyScripts/EnemyGroundNavigator.cs Line: 52)

playerCharater (UnityEngine.Transform)
UnityEngine.Debug:ExtractStackTraceNoAlloc (byte*,int,string)
UnityEngine.StackTraceUtility:ExtractStackTrace () (at /home/bokken/build/output/unity/unity/Runtime/Export/Scripting/StackTrace.cs:35)
UnityEngine.DebugLogHandler:Internal_Log (UnityEngine.LogType,UnityEngine.LogOption,string,UnityEngine.Object)
UnityEngine.DebugLogHandler:LogFormat (UnityEngine.LogType,UnityEngine.Object,string,object[])
UnityEngine.Logger:Log (UnityEngine.LogType,object)
UnityEngine.Debug:Log (object)
EnemyGroundNavigator:Update () (at Assets/Scripts/EnemyScripts/EnemyGroundNavigator.cs:52)

(Filename: Assets/Scripts/EnemyScripts/EnemyGroundNavigator.cs Line: 52)

playerCharater (UnityEngine.Transform)
UnityEngine.Debug:ExtractStackTraceNoAlloc (byte*,int,string)
UnityEngine.StackTraceUtility:ExtractStackTrace () (at /home/bokken/build/output/unity/unity/Runtime/Export/Scripting/StackTrace.cs:35)
UnityEngine.DebugLogHandler:Internal_Log (UnityEngine.LogType,UnityEngine.LogOption,string,UnityEngine.Object)
UnityEngine.DebugLogHandler:LogFormat (UnityEngine.LogType,UnityEngine.Object,string,object[])
UnityEngine.Logger:Log (UnityEngine.LogType,object)
UnityEngine.Debug:Log (object)
EnemyGroundNavigator:Update () (at Assets/Scripts/EnemyScripts/EnemyGroundNavigator.cs:52)

(Filename: Assets/Scripts/EnemyScripts/EnemyGroundNavigator.cs Line: 52)

playerCharater (UnityEngine.Transform)
UnityEngine.Debug:ExtractStackTraceNoAlloc (byte*,int,string)
UnityEngine.StackTraceUtility:ExtractStackTrace () (at /home/bokken/build/output/unity/unity/Runtime/Export/Scripting/StackTrace.cs:35)
UnityEngine.DebugLogHandler:Internal_Log (UnityEngine.LogType,UnityEngine.LogOption,string,UnityEngine.Object)
UnityEngine.DebugLogHandler:LogFormat (UnityEngine.LogType,UnityEngine.Object,string,object[])
UnityEngine.Logger:Log (UnityEngine.LogType,object)
UnityEngine.Debug:Log (object)
EnemyGroundNavigator:Update () (at Assets/Scripts/EnemyScripts/EnemyGroundNavigator.cs:52)

(Filename: Assets/Scripts/EnemyScripts/EnemyGroundNavigator.cs Line: 52)

playerCharater (UnityEngine.Transform)
UnityEngine.Debug:ExtractStackTraceNoAlloc (byte*,int,string)
UnityEngine.StackTraceUtility:ExtractStackTrace () (at /home/bokken/build/output/unity/unity/Runtime/Export/Scripting/StackTrace.cs:35)
UnityEngine.DebugLogHandler:Internal_Log (UnityEngine.LogType,UnityEngine.LogOption,string,UnityEngine.Object)
UnityEngine.DebugLogHandler:LogFormat (UnityEngine.LogType,UnityEngine.Object,string,object[])
UnityEngine.Logger:Log (UnityEngine.LogType,object)
UnityEngine.Debug:Log (object)
EnemyGroundNavigator:Update () (at Assets/Scripts/EnemyScripts/EnemyGroundNavigator.cs:52)

(Filename: Assets/Scripts/EnemyScripts/EnemyGroundNavigator.cs Line: 52)

playerCharater (UnityEngine.Transform)
UnityEngine.Debug:ExtractStackTraceNoAlloc (byte*,int,string)
UnityEngine.StackTraceUtility:ExtractStackTrace () (at /home/bokken/build/output/unity/unity/Runtime/Export/Scripting/StackTrace.cs:35)
UnityEngine.DebugLogHandler:Internal_Log (UnityEngine.LogType,UnityEngine.LogOption,string,UnityEngine.Object)
UnityEngine.DebugLogHandler:LogFormat (UnityEngine.LogType,UnityEngine.Object,string,object[])
UnityEngine.Logger:Log (UnityEngine.LogType,object)
UnityEngine.Debug:Log (object)
EnemyGroundNavigator:Update () (at Assets/Scripts/EnemyScripts/EnemyGroundNavigator.cs:52)

(Filename: Assets/Scripts/EnemyScripts/EnemyGroundNavigator.cs Line: 52)

playerCharater (UnityEngine.Transform)
UnityEngine.Debug:ExtractStackTraceNoAlloc (byte*,int,string)
UnityEngine.StackTraceUtility:ExtractStackTrace () (at /home/bokken/build/output/unity/unity/Runtime/Export/Scripting/StackTrace.cs:35)
UnityEngine.DebugLogHandler:Internal_Log (UnityEngine.LogType,UnityEngine.LogOption,string,UnityEngine.Object)
UnityEngine.DebugLogHandler:LogFormat (UnityEngine.LogType,UnityEngine.Object,string,object[])
UnityEngine.Logger:Log (UnityEngine.LogType,object)
UnityEngine.Debug:Log (object)
EnemyGroundNavigator:Update () (at Assets/Scripts/EnemyScripts/EnemyGroundNavigator.cs:52)

(Filename: Assets/Scripts/EnemyScripts/EnemyGroundNavigator.cs Line: 52)

playerCharater (UnityEngine.Transform)
UnityEngine.Debug:ExtractStackTraceNoAlloc (byte*,int,string)
UnityEngine.StackTraceUtility:ExtractStackTrace () (at /home/bokken/build/output/unity/unity/Runtime/Export/Scripting/StackTrace.cs:35)
UnityEngine.DebugLogHandler:Internal_Log (UnityEngine.LogType,UnityEngine.LogOption,string,UnityEngine.Object)
UnityEngine.DebugLogHandler:LogFormat (UnityEngine.LogType,UnityEngine.Object,string,object[])
UnityEngine.Logger:Log (UnityEngine.LogType,object)
UnityEngine.Debug:Log (object)
EnemyGroundNavigator:Update () (at Assets/Scripts/EnemyScripts/EnemyGroundNavigator.cs:52)

(Filename: Assets/Scripts/EnemyScripts/EnemyGroundNavigator.cs Line: 52)

playerCharater (UnityEngine.Transform)
UnityEngine.Debug:ExtractStackTraceNoAlloc (byte*,int,string)
UnityEngine.StackTraceUtility:ExtractStackTrace () (at /home/bokken/build/output/unity/unity/Runtime/Export/Scripting/StackTrace.cs:35)
UnityEngine.DebugLogHandler:Internal_Log (UnityEngine.LogType,UnityEngine.LogOption,string,UnityEngine.Object)
UnityEngine.DebugLogHandler:LogFormat (UnityEngine.LogType,UnityEngine.Object,string,object[])
UnityEngine.Logger:Log (UnityEngine.LogType,object)
UnityEngine.Debug:Log (object)
EnemyGroundNavigator:Update () (at Assets/Scripts/EnemyScripts/EnemyGroundNavigator.cs:52)

(Filename: Assets/Scripts/EnemyScripts/EnemyGroundNavigator.cs Line: 52)

playerCharater (UnityEngine.Transform)
UnityEngine.Debug:ExtractStackTraceNoAlloc (byte*,int,string)
UnityEngine.StackTraceUtility:ExtractStackTrace () (at /home/bokken/build/output/unity/unity/Runtime/Export/Scripting/StackTrace.cs:35)
UnityEngine.DebugLogHandler:Internal_Log (UnityEngine.LogType,UnityEngine.LogOption,string,UnityEngine.Object)
UnityEngine.DebugLogHandler:LogFormat (UnityEngine.LogType,UnityEngine.Object,string,object[])
UnityEngine.Logger:Log (UnityEngine.LogType,object)
UnityEngine.Debug:Log (object)
EnemyGroundNavigator:Update () (at Assets/Scripts/EnemyScripts/EnemyGroundNavigator.cs:52)

(Filename: Assets/Scripts/EnemyScripts/EnemyGroundNavigator.cs Line: 52)

playerCharater (UnityEngine.Transform)
UnityEngine.Debug:ExtractStackTraceNoAlloc (byte*,int,string)
UnityEngine.StackTraceUtility:ExtractStackTrace () (at /home/bokken/build/output/unity/unity/Runtime/Export/Scripting/StackTrace.cs:35)
UnityEngine.DebugLogHandler:Internal_Log (UnityEngine.LogType,UnityEngine.LogOption,string,UnityEngine.Object)
UnityEngine.DebugLogHandler:LogFormat (UnityEngine.LogType,UnityEngine.Object,string,object[])
UnityEngine.Logger:Log (UnityEngine.LogType,object)
UnityEngine.Debug:Log (object)
EnemyGroundNavigator:Update () (at Assets/Scripts/EnemyScripts/EnemyGroundNavigator.cs:52)

(Filename: Assets/Scripts/EnemyScripts/EnemyGroundNavigator.cs Line: 52)

playerCharater (UnityEngine.Transform)
UnityEngine.Debug:ExtractStackTraceNoAlloc (byte*,int,string)
UnityEngine.StackTraceUtility:ExtractStackTrace () (at /home/bokken/build/output/unity/unity/Runtime/Export/Scripting/StackTrace.cs:35)
UnityEngine.DebugLogHandler:Internal_Log (UnityEngine.LogType,UnityEngine.LogOption,string,UnityEngine.Object)
UnityEngine.DebugLogHandler:LogFormat (UnityEngine.LogType,UnityEngine.Object,string,object[])
UnityEngine.Logger:Log (UnityEngine.LogType,object)
UnityEngine.Debug:Log (object)
EnemyGroundNavigator:Update () (at Assets/Scripts/EnemyScripts/EnemyGroundNavigator.cs:52)

(Filename: Assets/Scripts/EnemyScripts/EnemyGroundNavigator.cs Line: 52)

playerCharater (UnityEngine.Transform)
UnityEngine.Debug:ExtractStackTraceNoAlloc (byte*,int,string)
UnityEngine.StackTraceUtility:ExtractStackTrace () (at /home/bokken/build/output/unity/unity/Runtime/Export/Scripting/StackTrace.cs:35)
UnityEngine.DebugLogHandler:Internal_Log (UnityEngine.LogType,UnityEngine.LogOption,string,UnityEngine.Object)
UnityEngine.DebugLogHandler:LogFormat (UnityEngine.LogType,UnityEngine.Object,string,object[])
UnityEngine.Logger:Log (UnityEngine.LogType,object)
UnityEngine.Debug:Log (object)
EnemyGroundNavigator:Update () (at Assets/Scripts/EnemyScripts/EnemyGroundNavigator.cs:52)

(Filename: Assets/Scripts/EnemyScripts/EnemyGroundNavigator.cs Line: 52)

playerCharater (UnityEngine.Transform)
UnityEngine.Debug:ExtractStackTraceNoAlloc (byte*,int,string)
UnityEngine.StackTraceUtility:ExtractStackTrace () (at /home/bokken/build/output/unity/unity/Runtime/Export/Scripting/StackTrace.cs:35)
UnityEngine.DebugLogHandler:Internal_Log (UnityEngine.LogType,UnityEngine.LogOption,string,UnityEngine.Object)
UnityEngine.DebugLogHandler:LogFormat (UnityEngine.LogType,UnityEngine.Object,string,object[])
UnityEngine.Logger:Log (UnityEngine.LogType,object)
UnityEngine.Debug:Log (object)
EnemyGroundNavigator:Update () (at Assets/Scripts/EnemyScripts/EnemyGroundNavigator.cs:52)

(Filename: Assets/Scripts/EnemyScripts/EnemyGroundNavigator.cs Line: 52)

playerCharater (UnityEngine.Transform)
UnityEngine.Debug:ExtractStackTraceNoAlloc (byte*,int,string)
UnityEngine.StackTraceUtility:ExtractStackTrace () (at /home/bokken/build/output/unity/unity/Runtime/Export/Scripting/StackTrace.cs:35)
UnityEngine.DebugLogHandler:Internal_Log (UnityEngine.LogType,UnityEngine.LogOption,string,UnityEngine.Object)
UnityEngine.DebugLogHandler:LogFormat (UnityEngine.LogType,UnityEngine.Object,string,object[])
UnityEngine.Logger:Log (UnityEngine.LogType,object)
UnityEngine.Debug:Log (object)
EnemyGroundNavigator:Update () (at Assets/Scripts/EnemyScripts/EnemyGroundNavigator.cs:52)

(Filename: Assets/Scripts/EnemyScripts/EnemyGroundNavigator.cs Line: 52)

playerCharater (UnityEngine.Transform)
UnityEngine.Debug:ExtractStackTraceNoAlloc (byte*,int,string)
UnityEngine.StackTraceUtility:ExtractStackTrace () (at /home/bokken/build/output/unity/unity/Runtime/Export/Scripting/StackTrace.cs:35)
UnityEngine.DebugLogHandler:Internal_Log (UnityEngine.LogType,UnityEngine.LogOption,string,UnityEngine.Object)
UnityEngine.DebugLogHandler:LogFormat (UnityEngine.LogType,UnityEngine.Object,string,object[])
UnityEngine.Logger:Log (UnityEngine.LogType,object)
UnityEngine.Debug:Log (object)
EnemyGroundNavigator:Update () (at Assets/Scripts/EnemyScripts/EnemyGroundNavigator.cs:52)

(Filename: Assets/Scripts/EnemyScripts/EnemyGroundNavigator.cs Line: 52)

playerCharater (UnityEngine.Transform)
UnityEngine.Debug:ExtractStackTraceNoAlloc (byte*,int,string)
UnityEngine.StackTraceUtility:ExtractStackTrace () (at /home/bokken/build/output/unity/unity/Runtime/Export/Scripting/StackTrace.cs:35)
UnityEngine.DebugLogHandler:Internal_Log (UnityEngine.LogType,UnityEngine.LogOption,string,UnityEngine.Object)
UnityEngine.DebugLogHandler:LogFormat (UnityEngine.LogType,UnityEngine.Object,string,object[])
UnityEngine.Logger:Log (UnityEngine.LogType,object)
UnityEngine.Debug:Log (object)
EnemyGroundNavigator:Update () (at Assets/Scripts/EnemyScripts/EnemyGroundNavigator.cs:52)

(Filename: Assets/Scripts/EnemyScripts/EnemyGroundNavigator.cs Line: 52)

playerCharater (UnityEngine.Transform)
UnityEngine.Debug:ExtractStackTraceNoAlloc (byte*,int,string)
UnityEngine.StackTraceUtility:ExtractStackTrace () (at /home/bokken/build/output/unity/unity/Runtime/Export/Scripting/StackTrace.cs:35)
UnityEngine.DebugLogHandler:Internal_Log (UnityEngine.LogType,UnityEngine.LogOption,string,UnityEngine.Object)
UnityEngine.DebugLogHandler:LogFormat (UnityEngine.LogType,UnityEngine.Object,string,object[])
UnityEngine.Logger:Log (UnityEngine.LogType,object)
UnityEngine.Debug:Log (object)
EnemyGroundNavigator:Update () (at Assets/Scripts/EnemyScripts/EnemyGroundNavigator.cs:52)

(Filename: Assets/Scripts/EnemyScripts/EnemyGroundNavigator.cs Line: 52)

playerCharater (UnityEngine.Transform)
UnityEngine.Debug:ExtractStackTraceNoAlloc (byte*,int,string)
UnityEngine.StackTraceUtility:ExtractStackTrace () (at /home/bokken/build/output/unity/unity/Runtime/Export/Scripting/StackTrace.cs:35)
UnityEngine.DebugLogHandler:Internal_Log (UnityEngine.LogType,UnityEngine.LogOption,string,UnityEngine.Object)
UnityEngine.DebugLogHandler:LogFormat (UnityEngine.LogType,UnityEngine.Object,string,object[])
UnityEngine.Logger:Log (UnityEngine.LogType,object)
UnityEngine.Debug:Log (object)
EnemyGroundNavigator:Update () (at Assets/Scripts/EnemyScripts/EnemyGroundNavigator.cs:52)

(Filename: Assets/Scripts/EnemyScripts/EnemyGroundNavigator.cs Line: 52)

playerCharater (UnityEngine.Transform)
UnityEngine.Debug:ExtractStackTraceNoAlloc (byte*,int,string)
UnityEngine.StackTraceUtility:ExtractStackTrace () (at /home/bokken/build/output/unity/unity/Runtime/Export/Scripting/StackTrace.cs:35)
UnityEngine.DebugLogHandler:Internal_Log (UnityEngine.LogType,UnityEngine.LogOption,string,UnityEngine.Object)
UnityEngine.DebugLogHandler:LogFormat (UnityEngine.LogType,UnityEngine.Object,string,object[])
UnityEngine.Logger:Log (UnityEngine.LogType,object)
UnityEngine.Debug:Log (object)
EnemyGroundNavigator:Update () (at Assets/Scripts/EnemyScripts/EnemyGroundNavigator.cs:52)

(Filename: Assets/Scripts/EnemyScripts/EnemyGroundNavigator.cs Line: 52)

playerCharater (UnityEngine.Transform)
UnityEngine.Debug:ExtractStackTraceNoAlloc (byte*,int,string)
UnityEngine.StackTraceUtility:ExtractStackTrace () (at /home/bokken/build/output/unity/unity/Runtime/Export/Scripting/StackTrace.cs:35)
UnityEngine.DebugLogHandler:Internal_Log (UnityEngine.LogType,UnityEngine.LogOption,string,UnityEngine.Object)
UnityEngine.DebugLogHandler:LogFormat (UnityEngine.LogType,UnityEngine.Object,string,object[])
UnityEngine.Logger:Log (UnityEngine.LogType,object)
UnityEngine.Debug:Log (object)
EnemyGroundNavigator:Update () (at Assets/Scripts/EnemyScripts/EnemyGroundNavigator.cs:52)

(Filename: Assets/Scripts/EnemyScripts/EnemyGroundNavigator.cs Line: 52)

playerCharater (UnityEngine.Transform)
UnityEngine.Debug:ExtractStackTraceNoAlloc (byte*,int,string)
UnityEngine.StackTraceUtility:ExtractStackTrace () (at /home/bokken/build/output/unity/unity/Runtime/Export/Scripting/StackTrace.cs:35)
UnityEngine.DebugLogHandler:Internal_Log (UnityEngine.LogType,UnityEngine.LogOption,string,UnityEngine.Object)
UnityEngine.DebugLogHandler:LogFormat (UnityEngine.LogType,UnityEngine.Object,string,object[])
UnityEngine.Logger:Log (UnityEngine.LogType,object)
UnityEngine.Debug:Log (object)
EnemyGroundNavigator:Update () (at Assets/Scripts/EnemyScripts/EnemyGroundNavigator.cs:52)

(Filename: Assets/Scripts/EnemyScripts/EnemyGroundNavigator.cs Line: 52)

hurtbox
UnityEngine.Debug:ExtractStackTraceNoAlloc (byte*,int,string)
UnityEngine.StackTraceUtility:ExtractStackTrace () (at /home/bokken/build/output/unity/unity/Runtime/Export/Scripting/StackTrace.cs:35)
UnityEngine.DebugLogHandler:Internal_Log (UnityEngine.LogType,UnityEngine.LogOption,string,UnityEngine.Object)
UnityEngine.DebugLogHandler:LogFormat (UnityEngine.LogType,UnityEngine.Object,string,object[])
UnityEngine.Logger:Log (UnityEngine.LogType,object)
UnityEngine.Debug:Log (object)
HitBox:OnTriggerEnter (UnityEngine.Collider) (at Assets/Scripts/HitBox.cs:12)

(Filename: Assets/Scripts/HitBox.cs Line: 12)

hurtbox
UnityEngine.Debug:ExtractStackTraceNoAlloc (byte*,int,string)
UnityEngine.StackTraceUtility:ExtractStackTrace () (at /home/bokken/build/output/unity/unity/Runtime/Export/Scripting/StackTrace.cs:35)
UnityEngine.DebugLogHandler:Internal_Log (UnityEngine.LogType,UnityEngine.LogOption,string,UnityEngine.Object)
UnityEngine.DebugLogHandler:LogFormat (UnityEngine.LogType,UnityEngine.Object,string,object[])
UnityEngine.Logger:Log (UnityEngine.LogType,object)
UnityEngine.Debug:Log (object)
HitBox:OnTriggerEnter (UnityEngine.Collider) (at Assets/Scripts/HitBox.cs:13)

(Filename: Assets/Scripts/HitBox.cs Line: 13)

 Took 7 damage.
UnityEngine.Debug:ExtractStackTraceNoAlloc (byte*,int,string)
UnityEngine.StackTraceUtility:ExtractStackTrace () (at /home/bokken/build/output/unity/unity/Runtime/Export/Scripting/StackTrace.cs:35)
UnityEngine.DebugLogHandler:Internal_Log (UnityEngine.LogType,UnityEngine.LogOption,string,UnityEngine.Object)
UnityEngine.DebugLogHandler:LogFormat (UnityEngine.LogType,UnityEngine.Object,string,object[])
UnityEngine.Logger:Log (UnityEngine.LogType,object)
UnityEngine.Debug:Log (object)
HurtBox:TakeDamage (int) (at Assets/Scripts/HurtBox.cs:7)
HitBox:OnTriggerEnter (UnityEngine.Collider) (at Assets/Scripts/HitBox.cs:17)

(Filename: Assets/Scripts/HurtBox.cs Line: 7)

playerCharater (UnityEngine.Transform)
UnityEngine.Debug:ExtractStackTraceNoAlloc (byte*,int,string)
UnityEngine.StackTraceUtility:ExtractStackTrace () (at /home/bokken/build/output/unity/unity/Runtime/Export/Scripting/StackTrace.cs:35)
UnityEngine.DebugLogHandler:Internal_Log (UnityEngine.LogType,UnityEngine.LogOption,string,UnityEngine.Object)
UnityEngine.DebugLogHandler:LogFormat (UnityEngine.LogType,UnityEngine.Object,string,object[])
UnityEngine.Logger:Log (UnityEngine.LogType,object)
UnityEngine.Debug:Log (object)
EnemyGroundNavigator:Update () (at Assets/Scripts/EnemyScripts/EnemyGroundNavigator.cs:52)

(Filename: Assets/Scripts/EnemyScripts/EnemyGroundNavigator.cs Line: 52)

playerCharater (UnityEngine.Transform)
UnityEngine.Debug:ExtractStackTraceNoAlloc (byte*,int,string)
UnityEngine.StackTraceUtility:ExtractStackTrace () (at /home/bokken/build/output/unity/unity/Runtime/Export/Scripting/StackTrace.cs:35)
UnityEngine.DebugLogHandler:Internal_Log (UnityEngine.LogType,UnityEngine.LogOption,string,UnityEngine.Object)
UnityEngine.DebugLogHandler:LogFormat (UnityEngine.LogType,UnityEngine.Object,string,object[])
UnityEngine.Logger:Log (UnityEngine.LogType,object)
UnityEngine.Debug:Log (object)
EnemyGroundNavigator:Update () (at Assets/Scripts/EnemyScripts/EnemyGroundNavigator.cs:52)

(Filename: Assets/Scripts/EnemyScripts/EnemyGroundNavigator.cs Line: 52)

playerCharater (UnityEngine.Transform)
UnityEngine.Debug:ExtractStackTraceNoAlloc (byte*,int,string)
UnityEngine.StackTraceUtility:ExtractStackTrace () (at /home/bokken/build/output/unity/unity/Runtime/Export/Scripting/StackTrace.cs:35)
UnityEngine.DebugLogHandler:Internal_Log (UnityEngine.LogType,UnityEngine.LogOption,string,UnityEngine.Object)
UnityEngine.DebugLogHandler:LogFormat (UnityEngine.LogType,UnityEngine.Object,string,object[])
UnityEngine.Logger:Log (UnityEngine.LogType,object)
UnityEngine.Debug:Log (object)
EnemyGroundNavigator:Update () (at Assets/Scripts/EnemyScripts/EnemyGroundNavigator.cs:52)

(Filename: Assets/Scripts/EnemyScripts/EnemyGroundNavigator.cs Line: 52)

playerCharater (UnityEngine.Transform)
UnityEngine.Debug:ExtractStackTraceNoAlloc (byte*,int,string)
UnityEngine.StackTraceUtility:ExtractStackTrace () (at /home/bokken/build/output/unity/unity/Runtime/Export/Scripting/StackTrace.cs:35)
UnityEngine.DebugLogHandler:Internal_Log (UnityEngine.LogType,UnityEngine.LogOption,string,UnityEngine.Object)
UnityEngine.DebugLogHandler:LogFormat (UnityEngine.LogType,UnityEngine.Object,string,object[])
UnityEngine.Logger:Log (UnityEngine.LogType,object)
UnityEngine.Debug:Log (object)
EnemyGroundNavigator:Update () (at Assets/Scripts/EnemyScripts/EnemyGroundNavigator.cs:52)

(Filename: Assets/Scripts/EnemyScripts/EnemyGroundNavigator.cs Line: 52)

playerCharater (UnityEngine.Transform)
UnityEngine.Debug:ExtractStackTraceNoAlloc (byte*,int,string)
UnityEngine.StackTraceUtility:ExtractStackTrace () (at /home/bokken/build/output/unity/unity/Runtime/Export/Scripting/StackTrace.cs:35)
UnityEngine.DebugLogHandler:Internal_Log (UnityEngine.LogType,UnityEngine.LogOption,string,UnityEngine.Object)
UnityEngine.DebugLogHandler:LogFormat (UnityEngine.LogType,UnityEngine.Object,string,object[])
UnityEngine.Logger:Log (UnityEngine.LogType,object)
UnityEngine.Debug:Log (object)
EnemyGroundNavigator:Update () (at Assets/Scripts/EnemyScripts/EnemyGroundNavigator.cs:52)

(Filename: Assets/Scripts/EnemyScripts/EnemyGroundNavigator.cs Line: 52)

Unloading 1 Unused Serialized files (Serialized files now loaded: 0)
Loaded scene 'Temp/__Backupscenes/0.backup'
	Deserialize:            86.447 ms
	Integration:            267.812 ms
	Integration of assets:  0.120 ms
	Thread Wait Time:       -0.101 ms
	Total Operation Time:   354.278 ms
Unloading 21 unused Assets / (292.2 KB). Loaded Objects now: 9961.
Memory consumption went from 481.6 MB to 481.3 MB.
Total: 68.715543 ms (FindLiveObjects: 0.735117 ms CreateObjectMapping: 2.206367 ms MarkObjects: 65.206121 ms  DeleteObjects: 0.565054 ms)

[ScriptCompilation] Requested script compilation because: AssetDatabase observed changes in script compilation related files
[Licensing::Client] Successfully resolved entitlement details
[Licensing::Module] License group:
  Id: F4-M77M-HXW8-HJ67-XE8W-XXXX
  Product: Unity Personal
  Type: ULF
  Expiration: Unlimited
[Licensing::Module] License group:
  Id: 10170777712478-UnityPersXXXX
  Product: Unity Personal
  Type: Assigned
  Expiration: Unlimited
info: Microsoft.AspNetCore.Hosting.Diagnostics[1]
      Request starting HTTP/2 POST http://ilpp/UnityILPP.PostProcessing/Ping - application/grpc -
info: Microsoft.AspNetCore.Routing.EndpointMiddleware[0]
      Executing endpoint 'gRPC - /UnityILPP.PostProcessing/Ping'
info: Microsoft.AspNetCore.Routing.EndpointMiddleware[1]
      Executed endpoint 'gRPC - /UnityILPP.PostProcessing/Ping'
info: Microsoft.AspNetCore.Hosting.Diagnostics[2]
      Request finished HTTP/2 POST http://ilpp/UnityILPP.PostProcessing/Ping - 200 - application/grpc 14.3076ms
Starting: /home/usio/Unity/Hub/Editor/6000.5.8f1/Data/Tools/BuildPipeline/bee_backend --ipc --defer-dag-verification --dagfile="Library/Bee/2400b0aE.dag" --continue-on-failure --profile="Library/Bee/backend1.traceevents" ScriptAssemblies
WorkingDir: /home/usio/Titan test
info: Microsoft.AspNetCore.Hosting.Diagnostics[1]
      Request starting HTTP/2 POST http://ilpp/UnityILPP.PostProcessing/ConfigurePostProcessors - application/grpc -
info: Microsoft.AspNetCore.Routing.EndpointMiddleware[0]
      Executing endpoint 'gRPC - /UnityILPP.PostProcessing/ConfigurePostProcessors'
info: Unity.ILPP.Runner.PostProcessingAssemblyLoadContext[0]
      Current configuration matches the requested one, skipping
info: Microsoft.AspNetCore.Routing.EndpointMiddleware[1]
      Executed endpoint 'gRPC - /UnityILPP.PostProcessing/ConfigurePostProcessors'
info: Microsoft.AspNetCore.Hosting.Diagnostics[2]
      Request finished HTTP/2 POST http://ilpp/UnityILPP.PostProcessing/ConfigurePostProcessors - 200 - application/grpc 4.1441ms
info: Microsoft.AspNetCore.Hosting.Diagnostics[1]
      Request starting HTTP/2 POST http://ilpp/UnityILPP.PostProcessing/PostProcessAssembly - application/grpc -
info: Microsoft.AspNetCore.Routing.EndpointMiddleware[0]
      Executing endpoint 'gRPC - /UnityILPP.PostProcessing/PostProcessAssembly'
info: Microsoft.AspNetCore.Hosting.Diagnostics[1]
      Request starting HTTP/2 POST http://ilpp/UnityILPP.PostProcessing/PostProcessAssembly - application/grpc -
info: Microsoft.AspNetCore.Routing.EndpointMiddleware[0]
      Executing endpoint 'gRPC - /UnityILPP.PostProcessing/PostProcessAssembly'
info: Unity.ILPP.Runner.PostProcessingPipeline[0]
      Processing assembly Library/Bee/artifacts/2400b0aE.dag/Assembly-CSharp.dll, with 134 defines and 344 references
info: Unity.ILPP.Runner.PostProcessingPipeline[0]
      Processing assembly Library/Bee/artifacts/2400b0aE.dag/Assembly-CSharp-Editor.dll, with 132 defines and 368 references
info: Unity.ILPP.Runner.PostProcessingPipeline[0]
      processors: Unity.Jobs.CodeGen.JobsILPostProcessor, zzzUnity.Burst.CodeGen.BurstILPostProcessor
info: Unity.ILPP.Runner.PostProcessingPipeline[0]
      processors: Unity.Jobs.CodeGen.JobsILPostProcessor, zzzUnity.Burst.CodeGen.BurstILPostProcessor
info: Unity.ILPP.Runner.PostProcessingPipeline[0]
      running Unity.Jobs.CodeGen.JobsILPostProcessor
info: Unity.ILPP.Runner.PostProcessingPipeline[0]
      running Unity.Jobs.CodeGen.JobsILPostProcessor
info: Unity.ILPP.Runner.PostProcessingPipeline[0]
      running zzzUnity.Burst.CodeGen.BurstILPostProcessor
info: Unity.ILPP.Runner.PostProcessingPipeline[0]
      running zzzUnity.Burst.CodeGen.BurstILPostProcessor
info: Microsoft.AspNetCore.Routing.EndpointMiddleware[1]
      Executed endpoint 'gRPC - /UnityILPP.PostProcessing/PostProcessAssembly'
info: Microsoft.AspNetCore.Hosting.Diagnostics[2]
      Request finished HTTP/2 POST http://ilpp/UnityILPP.PostProcessing/PostProcessAssembly - 200 - application/grpc 1231.5531ms
info: Microsoft.AspNetCore.Routing.EndpointMiddleware[1]
      Executed endpoint 'gRPC - /UnityILPP.PostProcessing/PostProcessAssembly'
info: Microsoft.AspNetCore.Hosting.Diagnostics[2]
      Request finished HTTP/2 POST http://ilpp/UnityILPP.PostProcessing/PostProcessAssembly - 200 - application/grpc 1251.9316ms
ExitCode: 0 Duration: 3s99ms
[715/937    0s] ILPP-Configuration Library/ilpp-configuration.nevergeneratedoutput
[929/937    1s] Csc Library/Bee/artifacts/2400b0aE.dag/Assembly-CSharp.dll (+2 others)
[931/937    1s] ILPostProcess Library/Bee/artifacts/2400b0aE.dag/post-processed/Assembly-CSharp-Editor.dll (+pdb)
Processing assembly Library/Bee/artifacts/2400b0aE.dag/Assembly-CSharp-Editor.dll, with 132 defines and 368 references
processors: Unity.Jobs.CodeGen.JobsILPostProcessor, zzzUnity.Burst.CodeGen.BurstILPostProcessor
running Unity.Jobs.CodeGen.JobsILPostProcessor
running zzzUnity.Burst.CodeGen.BurstILPostProcessor
[934/937    1s] ILPostProcess Library/Bee/artifacts/2400b0aE.dag/post-processed/Assembly-CSharp.dll (+pdb)
Processing assembly Library/Bee/artifacts/2400b0aE.dag/Assembly-CSharp.dll, with 134 defines and 344 references
processors: Unity.Jobs.CodeGen.JobsILPostProcessor, zzzUnity.Burst.CodeGen.BurstILPostProcessor
running Unity.Jobs.CodeGen.JobsILPostProcessor
running zzzUnity.Burst.CodeGen.BurstILPostProcessor
[935/937    0s] CopyFiles Library/ScriptAssemblies/Assembly-CSharp.dll
[936/937    0s] CopyFiles Library/ScriptAssemblies/Assembly-CSharp.pdb
*** Tundra build success (2.99 seconds), 6 items updated, 937 evaluated
Reloading assemblies after forced synchronous recompile.
Begin MonoManager ReloadAssembly
Total cache size 172573348
Total cache size after purge 172573348, took 00:00:00.7913551
Assembly reference Packages/com.unity.cinemachine/Editor/Samples/ExposeHDRPInternals/HDRP-Editor-ref.asmref has no target assembly definition
Refreshing native plugins compatible for Editor in 31.05 ms, found 0 plugins.
Native extension for LinuxStandalone target not found
[MODES] ModeService[none].Initialize
[MODES] ModeService[none].LoadModes
ScheduleIndexationOnStartup MainProcess:True IndexOnStartup:True
Mono: successfully reloaded assembly
- Finished resetting the current domain, in  2.014 seconds
Domain Reload Profiling: 3763ms
	BeginReloadAssembly (1129ms)
		DisableScriptedObjects (247ms)
		CreateAndSetChildDomain (548ms)
	RebuildCommonClasses (16ms)
	RebuildNativeTypeToScriptingClass (12ms)
	initialDomainReloadingComplete (83ms)
	LoadAllAssembliesAndSetupDomain (508ms)
		LoadAssemblies (249ms)
		AnalyzeDomain (275ms)
			TypeCache.Refresh (33ms)
			BuildScriptInfoCaches (213ms)
			ResolveRequiredComponents (26ms)
	FinalizeReload (2015ms)
		SetupLoadedEditorAssemblies (0ms)
			InitializePlatformSupportModulesInManaged (3ms)
			BeforeProcessingInitializeOnLoad (360ms)
			ProcessInitializeOnLoadAttributes (414ms)
			ProcessInitializeOnLoadMethodAttributes (104ms)
			AfterProcessingInitializeOnLoad (3ms)
		AwakeInstancesAfterBackupRestoration (480ms)

Asset Pipeline Refresh (id=f14bcdea04e4303068d3abe0e5f75fc0): Total: 8.828 seconds - Initiated by RefreshV2(AllowForceSynchronousImport)
	(Values over 0.05ms)
	Summary:
		Imports: total=0 (actual=0, local cache=0, cache server=0)
		Asset DB Process Time: managed=0 ms, native=3060 ms
		Asset DB Callback time: managed=107 ms, native=9 ms
		Scripting: domain reloads=1, domain reload time=1999 ms, compile time=3651 ms, other=0 ms
		Project Asset Count: scripts=1480, non-scripts=2685
		Asset File Changes: new=0, changed=1, moved=0, deleted=0
		Scan Filter Count: 1
	InvokePackagesCallback: 1.926ms
	ApplyChangesToAssetFolders: 1.018ms
	Scan: 624.654ms
	Collect global state as custom dependencies: 5.736ms
	OnSourceAssetsModified: 3.323ms
	CategorizeScriptCompilationAssets: 0.093ms
	ProcessAssetsWithTransientArtifactChanges: 10.752ms
	CategorizeAssets: 64.693ms
	CompileScripts: 3650.767ms
	ImportOutOfDateAssets: 2189.138ms (2107.230ms without children)
		CollectScriptTypesHashes: 104.434ms
		ReloadNativeAssets: 2.311ms
		UnloadImportedAssets: 0.450ms
		EnsureUptoDateAssetsAreRegisteredWithGuidPM: 1.306ms
		ImportSchedulerStart: 77.791ms
	PostProcessAllAssets: 108.636ms
		XRBuildSystem.XRAssetImported 1.341ms
		PostProcessCallbackCreateDeferredMaterials 0.470ms
		SpeedTreeImporter.PostprocessAllAssets 0.237ms
		RaytracingShaderImportPostprocess 0.232ms
		ShaderAssetModifiedCallback 0.064ms
		MonoPostProcessAllAssets: 104.597ms
			SyncVS.PostprocessSyncProject 20.316ms
			UniversalRenderPipelineGlobalSettingsPostprocessor.OnPostprocessAllAssets 12.402ms
			AssetChangedListener.OnPostprocessAllAssets 9.572ms
			BuilderAssetPostprocessor.OnPostprocessAllAssets 9.074ms
			AssetPostprocessor.OnPostprocessAllAssets 5.234ms
			SpeedTree9Postprocessor.OnPostprocessAllAssets 3.622ms
			ShaderGraphAssetPostProcessor.OnPostprocessAllAssets 3.335ms
			WindowAssetPostprocessingWatcher.OnPostprocessAllAssets 2.649ms
			EditModeScopePostprocessor.OnPostprocessAllAssets 1.467ms
			RetainedModeAssetPostprocessor.OnPostprocessAllAssets 1.394ms
			TMPro_TexturePostProcessor.OnPostprocessAllAssets 1.250ms
			ProjectSettingsPostprocessor.OnPostprocessAllAssets 0.966ms
			RenderPipelineGlobalSettingsPostprocessor.OnPostprocessAllAssets 0.953ms
			AudioMixerPostprocessor.OnPostprocessAllAssets 0.866ms
			MaterialPostprocessor.OnPostprocessAllAssets 0.806ms
			TextAssetPostProcessor.OnPostprocessAllAssets 0.751ms
			ArtifactBrowserPostProcessor.OnPostprocessAllAssets 0.732ms
			ShaderReflectionAssetPostProcessor.OnPostprocessAllAssets 0.580ms
			InputActionAssetPostprocessor.OnPostprocessAllAssets 0.540ms
			CinemachineSettings.OnPostprocessAllAssets 0.464ms
			PostProcessor.OnPostprocessAllAssets 0.452ms
			UVCSAssetPostprocessor.OnPostprocessAllAssets 0.427ms
			SampleDependencyImporterPostProcessor.OnPostprocessAllAssets 0.401ms
			AssetEvents.OnPostprocessAllAssets 0.322ms
			TerrainToolbarOverlayPostProcessor.OnPostprocessAllAssets 0.281ms
			ReferencedClipsPostProcessor.OnPostprocessAllAssets 0.276ms
			StyleCatalogPostProcessor.OnPostprocessAllAssets 0.274ms
			DomainReloadProcessor.OnPostprocessAllAssets 0.253ms
			SpeedTreePostProcessor.OnPostprocessAllAssets 0.253ms
			InputActionJsonNameModifierAssetProcessor.OnPostprocessAllAssets 0.252ms
			SamplePostprocessor.OnPostprocessAllAssets 0.214ms
			AssetDatabaseCallbacks.OnPostprocessAllAssets 0.207ms
			ConfigAssetsTracker.OnPostprocessAllAssets 0.171ms
			ScenarioDriftAssetsTracker.OnPostprocessAllAssets 0.139ms
			AssetReloadNotifier.OnPostprocessAllAssets 0.125ms
			AudioContainerPostProcessor.OnPostprocessAllAssets 0.081ms
	PostAssetChangesProfiler: 3.553ms
	GatherAllCurrentPrimaryImportResultRevisions: 0.872ms
	UnloadStreamsBegin: 0.462ms
	PersistCurrentRevisions: 0.424ms
	GenerateScriptTypeHashes: 4.230ms
	GenerateScriptTypeSerializationHashes: 6.891ms
	Untracked: 2056.037ms

[Licensing::Client] Successfully resolved entitlement details
[Licensing::Client] Successfully resolved entitlement details
[Licensing::Client] Successfully resolved entitlement details
GLX Extensions: GLX_ARB_context_flush_control GLX_ARB_create_context GLX_ARB_create_context_no_error GLX_ARB_create_context_profile GLX_ARB_create_context_robustness GLX_ARB_fbconfig_float GLX_ARB_framebuffer_sRGB GLX_ARB_get_proc_address GLX_ARB_multisample GLX_EXT_buffer_age GLX_EXT_create_context_es2_profile GLX_EXT_create_context_es_profile GLX_EXT_fbconfig_packed_float GLX_EXT_framebuffer_sRGB GLX_EXT_no_config_context GLX_EXT_swap_control GLX_EXT_swap_control_tear GLX_EXT_texture_from_pixmap GLX_EXT_visual_info GLX_EXT_visual_rating GLX_MESA_copy_sub_buffer GLX_MESA_gl_interop GLX_MESA_query_renderer GLX_MESA_swap_control GLX_OML_sync_control GLX_SGIS_multisample GLX_SGIX_fbconfig GLX_SGIX_pbuffer GLX_SGIX_visual_select_group GLX_SGI_make_current_read GLX_SGI_video_sync 
Reloading assemblies for play mode.
Reloading assemblies after forced synchronous recompile.
Begin MonoManager ReloadAssembly
Assembly reference Packages/com.unity.cinemachine/Editor/Samples/ExposeHDRPInternals/HDRP-Editor-ref.asmref has no target assembly definition
Refreshing native plugins compatible for Editor in 3.46 ms, found 0 plugins.
Native extension for LinuxStandalone target not found
ScheduleIndexationOnStartup MainProcess:True IndexOnStartup:True
[MODES] ModeService[none].Initialize
[MODES] ModeService[none].LoadModes
Mono: successfully reloaded assembly
- Finished resetting the current domain, in  2.216 seconds
Domain Reload Profiling: 3605ms
	BeginReloadAssembly (961ms)
		DisableScriptedObjects (72ms)
		CreateAndSetChildDomain (575ms)
	RebuildCommonClasses (15ms)
	RebuildNativeTypeToScriptingClass (11ms)
	initialDomainReloadingComplete (111ms)
	LoadAllAssembliesAndSetupDomain (289ms)
		LoadAssemblies (230ms)
		AnalyzeDomain (65ms)
			TypeCache.Refresh (18ms)
			ResolveRequiredComponents (36ms)
	FinalizeReload (2217ms)
		SetupLoadedEditorAssemblies (0ms)
			BeforeProcessingInitializeOnLoad (101ms)
			ProcessInitializeOnLoadAttributes (441ms)
			ProcessInitializeOnLoadMethodAttributes (103ms)
			AfterProcessingInitializeOnLoad (3ms)
		AwakeInstancesAfterBackupRestoration (670ms)

Asset Pipeline Refresh (id=cde5c2a232f67d382a2708aa923f0e12): Total: 4.171 seconds - Initiated by StopAssetImportingV2(ForceSynchronousImport | ForceDomainReload)
	(Values over 0.05ms)
	Summary:
		Imports: total=0 (actual=0, local cache=0, cache server=0)
		Asset DB Process Time: managed=0 ms, native=2543 ms
		Asset DB Callback time: managed=35 ms, native=0 ms
		Scripting: domain reloads=1, domain reload time=1587 ms, compile time=4 ms, other=0 ms
		Project Asset Count: scripts=1480, non-scripts=2685
		Asset File Changes: new=0, changed=0, moved=0, deleted=0
		Scan Filter Count: 0
	InvokePackagesCallback: 1.529ms
	ApplyChangesToAssetFolders: 0.911ms
	Collect global state as custom dependencies: 4.815ms
	ProcessAssetsWithTransientArtifactChanges: 1.172ms
	CategorizeAssets: 113.055ms
	CompileScripts: 3.999ms
	ImportOutOfDateAssets: 2299.740ms (2252.445ms without children)
		CollectScriptTypesHashes: 2.218ms
		ReloadNativeAssets: 2.102ms
		UnloadImportedAssets: 0.278ms
		EnsureUptoDateAssetsAreRegisteredWithGuidPM: 1.876ms
		ImportSchedulerStart: 42.971ms
	PostProcessAllAssets: 35.610ms
		MonoPostProcessAllAssets: 35.602ms
			UniversalRenderPipelineGlobalSettingsPostprocessor.OnPostprocessAllAssets 9.685ms
			AssetChangedListener.OnPostprocessAllAssets 9.572ms
			BuilderAssetPostprocessor.OnPostprocessAllAssets 9.074ms
			SyncVS.PostprocessSyncProject 8.689ms
			AssetPostprocessor.OnPostprocessAllAssets 5.234ms
			ShaderGraphAssetPostProcessor.OnPostprocessAllAssets 3.335ms
			SpeedTree9Postprocessor.OnPostprocessAllAssets 1.860ms
			WindowAssetPostprocessingWatcher.OnPostprocessAllAssets 1.826ms
			RetainedModeAssetPostprocessor.OnPostprocessAllAssets 1.394ms
			TMPro_TexturePostProcessor.OnPostprocessAllAssets 1.250ms
			AudioMixerPostprocessor.OnPostprocessAllAssets 0.866ms
			RenderPipelineGlobalSettingsPostprocessor.OnPostprocessAllAssets 0.835ms
			MaterialPostprocessor.OnPostprocessAllAssets 0.806ms
			ProjectSettingsPostprocessor.OnPostprocessAllAssets 0.805ms
			TextAssetPostProcessor.OnPostprocessAllAssets 0.751ms
			ArtifactBrowserPostProcessor.OnPostprocessAllAssets 0.732ms
			PostProcessor.OnPostprocessAllAssets 0.452ms
			UVCSAssetPostprocessor.OnPostprocessAllAssets 0.427ms
			SampleDependencyImporterPostProcessor.OnPostprocessAllAssets 0.401ms
			ShaderReflectionAssetPostProcessor.OnPostprocessAllAssets 0.345ms
			AssetEvents.OnPostprocessAllAssets 0.322ms
			CinemachineSettings.OnPostprocessAllAssets 0.304ms
			InputActionAssetPostprocessor.OnPostprocessAllAssets 0.285ms
			EditModeScopePostprocessor.OnPostprocessAllAssets 0.280ms
			StyleCatalogPostProcessor.OnPostprocessAllAssets 0.274ms
			SpeedTreePostProcessor.OnPostprocessAllAssets 0.253ms
			InputActionJsonNameModifierAssetProcessor.OnPostprocessAllAssets 0.252ms
			ReferencedClipsPostProcessor.OnPostprocessAllAssets 0.221ms
			SamplePostprocessor.OnPostprocessAllAssets 0.214ms
			ConfigAssetsTracker.OnPostprocessAllAssets 0.171ms
			DomainReloadProcessor.OnPostprocessAllAssets 0.170ms
			ScenarioDriftAssetsTracker.OnPostprocessAllAssets 0.139ms
			TerrainToolbarOverlayPostProcessor.OnPostprocessAllAssets 0.131ms
			AssetReloadNotifier.OnPostprocessAllAssets 0.125ms
			AssetDatabaseCallbacks.OnPostprocessAllAssets 0.118ms
			AudioContainerPostProcessor.OnPostprocessAllAssets 0.081ms
	GatherAllCurrentPrimaryImportResultRevisions: 1.518ms
	PersistCurrentRevisions: 0.132ms
	GenerateScriptTypeHashes: 6.783ms
	GenerateScriptTypeSerializationHashes: 11.659ms
	Untracked: 1704.043ms

BigJhonny: EnemyGroundNavigator has no target assigned.
UnityEngine.Debug:ExtractStackTraceNoAlloc (byte*,int,string)
UnityEngine.StackTraceUtility:ExtractStackTrace () (at /home/bokken/build/output/unity/unity/Runtime/Export/Scripting/StackTrace.cs:35)
UnityEngine.DebugLogHandler:Internal_Log (UnityEngine.LogType,UnityEngine.LogOption,string,UnityEngine.Object)
UnityEngine.DebugLogHandler:LogFormat (UnityEngine.LogType,UnityEngine.Object,string,object[])
UnityEngine.Logger:Log (UnityEngine.LogType,object)
UnityEngine.Debug:LogError (object)
EnemyGroundNavigator:Awake () (at Assets/Scripts/EnemyScripts/EnemyGroundNavigator.cs:44)

(Filename: Assets/Scripts/EnemyScripts/EnemyGroundNavigator.cs Line: 44)

Loaded scene 'Temp/__Backupscenes/0.backup'
	Deserialize:            29.504 ms
	Integration:            750.363 ms
	Integration of assets:  0.048 ms
	Thread Wait Time:       0.000 ms
	Total Operation Time:   779.915 ms
[Licensing::Client] Successfully resolved entitlement details
[Licensing::Client] Successfully resolved entitlement details
[Licensing::Client] Successfully resolved entitlement details
hurtbox
UnityEngine.Debug:ExtractStackTraceNoAlloc (byte*,int,string)
UnityEngine.StackTraceUtility:ExtractStackTrace () (at /home/bokken/build/output/unity/unity/Runtime/Export/Scripting/StackTrace.cs:35)
UnityEngine.DebugLogHandler:Internal_Log (UnityEngine.LogType,UnityEngine.LogOption,string,UnityEngine.Object)
UnityEngine.DebugLogHandler:LogFormat (UnityEngine.LogType,UnityEngine.Object,string,object[])
UnityEngine.Logger:Log (UnityEngine.LogType,object)
UnityEngine.Debug:Log (object)
HitBox:OnTriggerEnter (UnityEngine.Collider) (at Assets/Scripts/HitBox.cs:12)

(Filename: Assets/Scripts/HitBox.cs Line: 12)

hurtbox
UnityEngine.Debug:ExtractStackTraceNoAlloc (byte*,int,string)
UnityEngine.StackTraceUtility:ExtractStackTrace () (at /home/bokken/build/output/unity/unity/Runtime/Export/Scripting/StackTrace.cs:35)
UnityEngine.DebugLogHandler:Internal_Log (UnityEngine.LogType,UnityEngine.LogOption,string,UnityEngine.Object)
UnityEngine.DebugLogHandler:LogFormat (UnityEngine.LogType,UnityEngine.Object,string,object[])
UnityEngine.Logger:Log (UnityEngine.LogType,object)
UnityEngine.Debug:Log (object)
HitBox:OnTriggerEnter (UnityEngine.Collider) (at Assets/Scripts/HitBox.cs:13)

(Filename: Assets/Scripts/HitBox.cs Line: 13)

 Took 7 damage.
UnityEngine.Debug:ExtractStackTraceNoAlloc (byte*,int,string)
UnityEngine.StackTraceUtility:ExtractStackTrace () (at /home/bokken/build/output/unity/unity/Runtime/Export/Scripting/StackTrace.cs:35)
UnityEngine.DebugLogHandler:Internal_Log (UnityEngine.LogType,UnityEngine.LogOption,string,UnityEngine.Object)
UnityEngine.DebugLogHandler:LogFormat (UnityEngine.LogType,UnityEngine.Object,string,object[])
UnityEngine.Logger:Log (UnityEngine.LogType,object)
UnityEngine.Debug:Log (object)
HurtBox:TakeDamage (int) (at Assets/Scripts/HurtBox.cs:7)
HitBox:OnTriggerEnter (UnityEngine.Collider) (at Assets/Scripts/HitBox.cs:17)

(Filename: Assets/Scripts/HurtBox.cs Line: 7)

hurtbox
UnityEngine.Debug:ExtractStackTraceNoAlloc (byte*,int,string)
UnityEngine.StackTraceUtility:ExtractStackTrace () (at /home/bokken/build/output/unity/unity/Runtime/Export/Scripting/StackTrace.cs:35)
UnityEngine.DebugLogHandler:Internal_Log (UnityEngine.LogType,UnityEngine.LogOption,string,UnityEngine.Object)
UnityEngine.DebugLogHandler:LogFormat (UnityEngine.LogType,UnityEngine.Object,string,object[])
UnityEngine.Logger:Log (UnityEngine.LogType,object)
UnityEngine.Debug:Log (object)
HitBox:OnTriggerEnter (UnityEngine.Collider) (at Assets/Scripts/HitBox.cs:12)

(Filename: Assets/Scripts/HitBox.cs Line: 12)

hurtbox
UnityEngine.Debug:ExtractStackTraceNoAlloc (byte*,int,string)
UnityEngine.StackTraceUtility:ExtractStackTrace () (at /home/bokken/build/output/unity/unity/Runtime/Export/Scripting/StackTrace.cs:35)
UnityEngine.DebugLogHandler:Internal_Log (UnityEngine.LogType,UnityEngine.LogOption,string,UnityEngine.Object)
UnityEngine.DebugLogHandler:LogFormat (UnityEngine.LogType,UnityEngine.Object,string,object[])
UnityEngine.Logger:Log (UnityEngine.LogType,object)
UnityEngine.Debug:Log (object)
HitBox:OnTriggerEnter (UnityEngine.Collider) (at Assets/Scripts/HitBox.cs:13)

(Filename: Assets/Scripts/HitBox.cs Line: 13)

 Took 7 damage.
UnityEngine.Debug:ExtractStackTraceNoAlloc (byte*,int,string)
UnityEngine.StackTraceUtility:ExtractStackTrace () (at /home/bokken/build/output/unity/unity/Runtime/Export/Scripting/StackTrace.cs:35)
UnityEngine.DebugLogHandler:Internal_Log (UnityEngine.LogType,UnityEngine.LogOption,string,UnityEngine.Object)
UnityEngine.DebugLogHandler:LogFormat (UnityEngine.LogType,UnityEngine.Object,string,object[])
UnityEngine.Logger:Log (UnityEngine.LogType,object)
UnityEngine.Debug:Log (object)
HurtBox:TakeDamage (int) (at Assets/Scripts/HurtBox.cs:7)
HitBox:OnTriggerEnter (UnityEngine.Collider) (at Assets/Scripts/HitBox.cs:17)

(Filename: Assets/Scripts/HurtBox.cs Line: 7)

hurtbox
UnityEngine.Debug:ExtractStackTraceNoAlloc (byte*,int,string)
UnityEngine.StackTraceUtility:ExtractStackTrace () (at /home/bokken/build/output/unity/unity/Runtime/Export/Scripting/StackTrace.cs:35)
UnityEngine.DebugLogHandler:Internal_Log (UnityEngine.LogType,UnityEngine.LogOption,string,UnityEngine.Object)
UnityEngine.DebugLogHandler:LogFormat (UnityEngine.LogType,UnityEngine.Object,string,object[])
UnityEngine.Logger:Log (UnityEngine.LogType,object)
UnityEngine.Debug:Log (object)
HitBox:OnTriggerEnter (UnityEngine.Collider) (at Assets/Scripts/HitBox.cs:12)

(Filename: Assets/Scripts/HitBox.cs Line: 12)

hurtbox
UnityEngine.Debug:ExtractStackTraceNoAlloc (byte*,int,string)
UnityEngine.StackTraceUtility:ExtractStackTrace () (at /home/bokken/build/output/unity/unity/Runtime/Export/Scripting/StackTrace.cs:35)
UnityEngine.DebugLogHandler:Internal_Log (UnityEngine.LogType,UnityEngine.LogOption,string,UnityEngine.Object)
UnityEngine.DebugLogHandler:LogFormat (UnityEngine.LogType,UnityEngine.Object,string,object[])
UnityEngine.Logger:Log (UnityEngine.LogType,object)
UnityEngine.Debug:Log (object)
HitBox:OnTriggerEnter (UnityEngine.Collider) (at Assets/Scripts/HitBox.cs:13)

(Filename: Assets/Scripts/HitBox.cs Line: 13)

 Took 7 damage.
UnityEngine.Debug:ExtractStackTraceNoAlloc (byte*,int,string)
UnityEngine.StackTraceUtility:ExtractStackTrace () (at /home/bokken/build/output/unity/unity/Runtime/Export/Scripting/StackTrace.cs:35)
UnityEngine.DebugLogHandler:Internal_Log (UnityEngine.LogType,UnityEngine.LogOption,string,UnityEngine.Object)
UnityEngine.DebugLogHandler:LogFormat (UnityEngine.LogType,UnityEngine.Object,string,object[])
UnityEngine.Logger:Log (UnityEngine.LogType,object)
UnityEngine.Debug:Log (object)
HurtBox:TakeDamage (int) (at Assets/Scripts/HurtBox.cs:7)
HitBox:OnTriggerEnter (UnityEngine.Collider) (at Assets/Scripts/HitBox.cs:17)

(Filename: Assets/Scripts/HurtBox.cs Line: 7)

Unloading 1 Unused Serialized files (Serialized files now loaded: 0)
Loaded scene 'Temp/__Backupscenes/0.backup'
	Deserialize:            57.975 ms
	Integration:            237.546 ms
	Integration of assets:  0.057 ms
	Thread Wait Time:       -0.046 ms
	Total Operation Time:   295.532 ms
Unloading 21 unused Assets / (385.8 KB). Loaded Objects now: 9957.
Memory consumption went from 479.5 MB to 479.1 MB.
Total: 36.400550 ms (FindLiveObjects: 0.621908 ms CreateObjectMapping: 1.541377 ms MarkObjects: 33.929426 ms  DeleteObjects: 0.305628 ms)

[Licensing::Client] Successfully resolved entitlement details
[Licensing::Module] License group:
  Id: F4-M77M-HXW8-HJ67-XE8W-XXXX
  Product: Unity Personal
  Type: ULF
  Expiration: Unlimited
[Licensing::Module] License group:
  Id: 10170777712478-UnityPersXXXX
  Product: Unity Personal
  Type: Assigned
  Expiration: Unlimited
Reloading assemblies for play mode.
Reloading assemblies after forced synchronous recompile.
Begin MonoManager ReloadAssembly
Assembly reference Packages/com.unity.cinemachine/Editor/Samples/ExposeHDRPInternals/HDRP-Editor-ref.asmref has no target assembly definition
Native extension for LinuxStandalone target not found
ScheduleIndexationOnStartup MainProcess:True IndexOnStartup:True
[MODES] ModeService[none].Initialize
[MODES] ModeService[none].LoadModes
Mono: successfully reloaded assembly
- Finished resetting the current domain, in  1.913 seconds
Domain Reload Profiling: 3148ms
	BeginReloadAssembly (893ms)
		DisableScriptedObjects (112ms)
		CreateAndSetChildDomain (604ms)
	RebuildCommonClasses (14ms)
	RebuildNativeTypeToScriptingClass (10ms)
	initialDomainReloadingComplete (73ms)
	LoadAllAssembliesAndSetupDomain (243ms)
		LoadAssemblies (166ms)
		AnalyzeDomain (41ms)
			TypeCache.Refresh (12ms)
			ResolveRequiredComponents (24ms)
	FinalizeReload (1914ms)
		SetupLoadedEditorAssemblies (0ms)
			BeforeProcessingInitializeOnLoad (95ms)
			ProcessInitializeOnLoadAttributes (389ms)
			ProcessInitializeOnLoadMethodAttributes (94ms)
			AfterProcessingInitializeOnLoad (3ms)
		AwakeInstancesAfterBackupRestoration (613ms)

Asset Pipeline Refresh (id=d4d225a52e43410eba536567ad47de7e): Total: 3.456 seconds - Initiated by StopAssetImportingV2(ForceSynchronousImport | ForceDomainReload)
	(Values over 0.05ms)
	Summary:
		Imports: total=0 (actual=0, local cache=0, cache server=0)
		Asset DB Process Time: managed=0 ms, native=2127 ms
		Asset DB Callback time: managed=35 ms, native=0 ms
		Scripting: domain reloads=1, domain reload time=1290 ms, compile time=2 ms, other=0 ms
		Project Asset Count: scripts=1480, non-scripts=2685
		Asset File Changes: new=0, changed=0, moved=0, deleted=0
		Scan Filter Count: 0
	InvokePackagesCallback: 0.720ms
	ApplyChangesToAssetFolders: 0.708ms
	Collect global state as custom dependencies: 6.248ms
	ProcessAssetsWithTransientArtifactChanges: 0.384ms
	CategorizeAssets: 77.031ms
	CompileScripts: 1.865ms
	ImportOutOfDateAssets: 1966.704ms (1932.206ms without children)
		CollectScriptTypesHashes: 1.633ms
		ReloadNativeAssets: 1.047ms
		UnloadImportedAssets: 0.286ms
		EnsureUptoDateAssetsAreRegisteredWithGuidPM: 0.756ms
		ImportSchedulerStart: 32.370ms
	PostProcessAllAssets: 35.727ms
		MonoPostProcessAllAssets: 35.720ms
			UniversalRenderPipelineGlobalSettingsPostprocessor.OnPostprocessAllAssets 9.646ms
			AssetChangedListener.OnPostprocessAllAssets 9.572ms
			BuilderAssetPostprocessor.OnPostprocessAllAssets 9.074ms
			SyncVS.PostprocessSyncProject 7.971ms
			AssetPostprocessor.OnPostprocessAllAssets 5.234ms
			ShaderGraphAssetPostProcessor.OnPostprocessAllAssets 3.335ms
			SpeedTree9Postprocessor.OnPostprocessAllAssets 2.267ms
			WindowAssetPostprocessingWatcher.OnPostprocessAllAssets 1.824ms
			RetainedModeAssetPostprocessor.OnPostprocessAllAssets 1.394ms
			TMPro_TexturePostProcessor.OnPostprocessAllAssets 1.250ms
			ProjectSettingsPostprocessor.OnPostprocessAllAssets 0.907ms
			AudioMixerPostprocessor.OnPostprocessAllAssets 0.866ms
			MaterialPostprocessor.OnPostprocessAllAssets 0.806ms
			TextAssetPostProcessor.OnPostprocessAllAssets 0.751ms
			ArtifactBrowserPostProcessor.OnPostprocessAllAssets 0.732ms
			RenderPipelineGlobalSettingsPostprocessor.OnPostprocessAllAssets 0.645ms
			PostProcessor.OnPostprocessAllAssets 0.452ms
			UVCSAssetPostprocessor.OnPostprocessAllAssets 0.427ms
			ShaderReflectionAssetPostProcessor.OnPostprocessAllAssets 0.425ms
			SampleDependencyImporterPostProcessor.OnPostprocessAllAssets 0.401ms
			AssetEvents.OnPostprocessAllAssets 0.322ms
			InputActionAssetPostprocessor.OnPostprocessAllAssets 0.289ms
			CinemachineSettings.OnPostprocessAllAssets 0.282ms
			StyleCatalogPostProcessor.OnPostprocessAllAssets 0.274ms
			EditModeScopePostprocessor.OnPostprocessAllAssets 0.256ms
			SpeedTreePostProcessor.OnPostprocessAllAssets 0.253ms
			InputActionJsonNameModifierAssetProcessor.OnPostprocessAllAssets 0.252ms
			ReferencedClipsPostProcessor.OnPostprocessAllAssets 0.228ms
			SamplePostprocessor.OnPostprocessAllAssets 0.214ms
			ConfigAssetsTracker.OnPostprocessAllAssets 0.171ms
			DomainReloadProcessor.OnPostprocessAllAssets 0.157ms
			TerrainToolbarOverlayPostProcessor.OnPostprocessAllAssets 0.150ms
			ScenarioDriftAssetsTracker.OnPostprocessAllAssets 0.139ms
			AssetReloadNotifier.OnPostprocessAllAssets 0.125ms
			AssetDatabaseCallbacks.OnPostprocessAllAssets 0.118ms
			AudioContainerPostProcessor.OnPostprocessAllAssets 0.081ms
	GatherAllCurrentPrimaryImportResultRevisions: 0.666ms
	UnloadStreamsBegin: 0.241ms
	PersistCurrentRevisions: 0.177ms
	GenerateScriptTypeHashes: 3.481ms
	GenerateScriptTypeSerializationHashes: 5.928ms
	Untracked: 1361.967ms

Loaded scene 'Temp/__Backupscenes/0.backup'
	Deserialize:            26.500 ms
	Integration:            559.813 ms
	Integration of assets:  0.019 ms
	Thread Wait Time:       -0.013 ms
	Total Operation Time:   586.319 ms
[Licensing::Client] Successfully resolved entitlement details
[Licensing::Client] Successfully resolved entitlement details
[Licensing::Client] Successfully resolved entitlement details
hurtbox
UnityEngine.Debug:ExtractStackTraceNoAlloc (byte*,int,string)
UnityEngine.StackTraceUtility:ExtractStackTrace () (at /home/bokken/build/output/unity/unity/Runtime/Export/Scripting/StackTrace.cs:35)
UnityEngine.DebugLogHandler:Internal_Log (UnityEngine.LogType,UnityEngine.LogOption,string,UnityEngine.Object)
UnityEngine.DebugLogHandler:LogFormat (UnityEngine.LogType,UnityEngine.Object,string,object[])
UnityEngine.Logger:Log (UnityEngine.LogType,object)
UnityEngine.Debug:Log (object)
HitBox:OnTriggerEnter (UnityEngine.Collider) (at Assets/Scripts/HitBox.cs:12)

(Filename: Assets/Scripts/HitBox.cs Line: 12)

hurtbox
UnityEngine.Debug:ExtractStackTraceNoAlloc (byte*,int,string)
UnityEngine.StackTraceUtility:ExtractStackTrace () (at /home/bokken/build/output/unity/unity/Runtime/Export/Scripting/StackTrace.cs:35)
UnityEngine.DebugLogHandler:Internal_Log (UnityEngine.LogType,UnityEngine.LogOption,string,UnityEngine.Object)
UnityEngine.DebugLogHandler:LogFormat (UnityEngine.LogType,UnityEngine.Object,string,object[])
UnityEngine.Logger:Log (UnityEngine.LogType,object)
UnityEngine.Debug:Log (object)
HitBox:OnTriggerEnter (UnityEngine.Collider) (at Assets/Scripts/HitBox.cs:13)

(Filename: Assets/Scripts/HitBox.cs Line: 13)

 Took 7 damage.
UnityEngine.Debug:ExtractStackTraceNoAlloc (byte*,int,string)
UnityEngine.StackTraceUtility:ExtractStackTrace () (at /home/bokken/build/output/unity/unity/Runtime/Export/Scripting/StackTrace.cs:35)
UnityEngine.DebugLogHandler:Internal_Log (UnityEngine.LogType,UnityEngine.LogOption,string,UnityEngine.Object)
UnityEngine.DebugLogHandler:LogFormat (UnityEngine.LogType,UnityEngine.Object,string,object[])
UnityEngine.Logger:Log (UnityEngine.LogType,object)
UnityEngine.Debug:Log (object)
HurtBox:TakeDamage (int) (at Assets/Scripts/HurtBox.cs:7)
HitBox:OnTriggerEnter (UnityEngine.Collider) (at Assets/Scripts/HitBox.cs:17)

(Filename: Assets/Scripts/HurtBox.cs Line: 7)

hurtbox
UnityEngine.Debug:ExtractStackTraceNoAlloc (byte*,int,string)
UnityEngine.StackTraceUtility:ExtractStackTrace () (at /home/bokken/build/output/unity/unity/Runtime/Export/Scripting/StackTrace.cs:35)
UnityEngine.DebugLogHandler:Internal_Log (UnityEngine.LogType,UnityEngine.LogOption,string,UnityEngine.Object)
UnityEngine.DebugLogHandler:LogFormat (UnityEngine.LogType,UnityEngine.Object,string,object[])
UnityEngine.Logger:Log (UnityEngine.LogType,object)
UnityEngine.Debug:Log (object)
HitBox:OnTriggerEnter (UnityEngine.Collider) (at Assets/Scripts/HitBox.cs:12)

(Filename: Assets/Scripts/HitBox.cs Line: 12)

hurtbox
UnityEngine.Debug:ExtractStackTraceNoAlloc (byte*,int,string)
UnityEngine.StackTraceUtility:ExtractStackTrace () (at /home/bokken/build/output/unity/unity/Runtime/Export/Scripting/StackTrace.cs:35)
UnityEngine.DebugLogHandler:Internal_Log (UnityEngine.LogType,UnityEngine.LogOption,string,UnityEngine.Object)
UnityEngine.DebugLogHandler:LogFormat (UnityEngine.LogType,UnityEngine.Object,string,object[])
UnityEngine.Logger:Log (UnityEngine.LogType,object)
UnityEngine.Debug:Log (object)
HitBox:OnTriggerEnter (UnityEngine.Collider) (at Assets/Scripts/HitBox.cs:13)

(Filename: Assets/Scripts/HitBox.cs Line: 13)

 Took 7 damage.
UnityEngine.Debug:ExtractStackTraceNoAlloc (byte*,int,string)
UnityEngine.StackTraceUtility:ExtractStackTrace () (at /home/bokken/build/output/unity/unity/Runtime/Export/Scripting/StackTrace.cs:35)
UnityEngine.DebugLogHandler:Internal_Log (UnityEngine.LogType,UnityEngine.LogOption,string,UnityEngine.Object)
UnityEngine.DebugLogHandler:LogFormat (UnityEngine.LogType,UnityEngine.Object,string,object[])
UnityEngine.Logger:Log (UnityEngine.LogType,object)
UnityEngine.Debug:Log (object)
HurtBox:TakeDamage (int) (at Assets/Scripts/HurtBox.cs:7)
HitBox:OnTriggerEnter (UnityEngine.Collider) (at Assets/Scripts/HitBox.cs:17)

(Filename: Assets/Scripts/HurtBox.cs Line: 7)

hurtbox
UnityEngine.Debug:ExtractStackTraceNoAlloc (byte*,int,string)
UnityEngine.StackTraceUtility:ExtractStackTrace () (at /home/bokken/build/output/unity/unity/Runtime/Export/Scripting/StackTrace.cs:35)
UnityEngine.DebugLogHandler:Internal_Log (UnityEngine.LogType,UnityEngine.LogOption,string,UnityEngine.Object)
UnityEngine.DebugLogHandler:LogFormat (UnityEngine.LogType,UnityEngine.Object,string,object[])
UnityEngine.Logger:Log (UnityEngine.LogType,object)
UnityEngine.Debug:Log (object)
HitBox:OnTriggerEnter (UnityEngine.Collider) (at Assets/Scripts/HitBox.cs:12)

(Filename: Assets/Scripts/HitBox.cs Line: 12)

hurtbox
UnityEngine.Debug:ExtractStackTraceNoAlloc (byte*,int,string)
UnityEngine.StackTraceUtility:ExtractStackTrace () (at /home/bokken/build/output/unity/unity/Runtime/Export/Scripting/StackTrace.cs:35)
UnityEngine.DebugLogHandler:Internal_Log (UnityEngine.LogType,UnityEngine.LogOption,string,UnityEngine.Object)
UnityEngine.DebugLogHandler:LogFormat (UnityEngine.LogType,UnityEngine.Object,string,object[])
UnityEngine.Logger:Log (UnityEngine.LogType,object)
UnityEngine.Debug:Log (object)
HitBox:OnTriggerEnter (UnityEngine.Collider) (at Assets/Scripts/HitBox.cs:13)

(Filename: Assets/Scripts/HitBox.cs Line: 13)

 Took 7 damage.
UnityEngine.Debug:ExtractStackTraceNoAlloc (byte*,int,string)
UnityEngine.StackTraceUtility:ExtractStackTrace () (at /home/bokken/build/output/unity/unity/Runtime/Export/Scripting/StackTrace.cs:35)
UnityEngine.DebugLogHandler:Internal_Log (UnityEngine.LogType,UnityEngine.LogOption,string,UnityEngine.Object)
UnityEngine.DebugLogHandler:LogFormat (UnityEngine.LogType,UnityEngine.Object,string,object[])
UnityEngine.Logger:Log (UnityEngine.LogType,object)
UnityEngine.Debug:Log (object)
HurtBox:TakeDamage (int) (at Assets/Scripts/HurtBox.cs:7)
HitBox:OnTriggerEnter (UnityEngine.Collider) (at Assets/Scripts/HitBox.cs:17)

(Filename: Assets/Scripts/HurtBox.cs Line: 7)

Unloading 1 Unused Serialized files (Serialized files now loaded: 0)
Loaded scene 'Temp/__Backupscenes/0.backup'
	Deserialize:            51.321 ms
	Integration:            200.259 ms
	Integration of assets:  0.047 ms
	Thread Wait Time:       -0.035 ms
	Total Operation Time:   251.592 ms
Unloading 20 unused Assets / (363.2 KB). Loaded Objects now: 9959.
Memory consumption went from 481.9 MB to 481.5 MB.
Total: 26.286041 ms (FindLiveObjects: 0.443162 ms CreateObjectMapping: 1.226159 ms MarkObjects: 24.475012 ms  DeleteObjects: 0.140012 ms)


Asset Pipeline Refresh (id=8d2b0fd67e22d78839f39074578031fb): Total: 0.494 seconds - Initiated by RefreshV2(AllowForceSynchronousImport)
	(Values over 0.05ms)
	Summary:
		Imports: total=0 (actual=0, local cache=0, cache server=0)
		Asset DB Process Time: managed=0 ms, native=493 ms
		Asset DB Callback time: managed=0 ms, native=0 ms
		Scripting: domain reloads=0, domain reload time=0 ms, compile time=0 ms, other=0 ms
		Project Asset Count: scripts=1480, non-scripts=2685
		Asset File Changes: new=0, changed=0, moved=0, deleted=0
		Scan Filter Count: 1
	InvokePackagesCallback: 0.912ms
	ApplyChangesToAssetFolders: 0.689ms
	Scan: 479.610ms
	Collect global state as custom dependencies: 3.183ms
	GatherAllCurrentPrimaryImportResultRevisions: 1.216ms
	UnloadStreamsBegin: 0.658ms
	UnloadStreamsEnd: 0.163ms
	Untracked: 4.058ms


Asset Pipeline Refresh (id=812bf64239cb9d461bfaca39d31894e6): Total: 0.376 seconds - Initiated by RefreshV2(AllowForceSynchronousImport)
	(Values over 0.05ms)
	Summary:
		Imports: total=0 (actual=0, local cache=0, cache server=0)
		Asset DB Process Time: managed=0 ms, native=373 ms
		Asset DB Callback time: managed=0 ms, native=2 ms
		Scripting: domain reloads=0, domain reload time=0 ms, compile time=0 ms, other=0 ms
		Project Asset Count: scripts=1480, non-scripts=2685
		Asset File Changes: new=0, changed=0, moved=0, deleted=0
		Scan Filter Count: 1
	InvokePackagesCallback: 2.347ms
	ApplyChangesToAssetFolders: 1.678ms
	Scan: 367.508ms
	Collect global state as custom dependencies: 0.294ms
	GatherAllCurrentPrimaryImportResultRevisions: 0.712ms
	UnloadStreamsEnd: 0.228ms
	Untracked: 3.437ms

Asset Pipeline Refresh (id=ba5dc03ef0ec06f60a3af241f5324f73): Total: 0.172 seconds - Initiated by RefreshV2(AllowForceSynchronousImport)
Importing 'GUID: 99c9720ab356a0642a771bea13969a05 - Path: Assets/Scenes/SampleScene.unity' with importer (DefaultImporter)
Imported 'GUID: 99c9720ab356a0642a771bea13969a05' -> (Import Result ID: 'e9c4e77d54e467a2d12814e8bd932767') in 0.039 seconds [static dependencies only]. Details - ImportResultOutputID=378ca25c6c95e370f41ed482e616ed68 DependenciesID=4870042d59e06b9ccecce6619378ad4f StaticDependenciesID=d9558c82f63b6b6f1b68a36cb7932613 

Asset Pipeline Refresh (id=0731e7b6b4dc4c3f1947db9fc61756a1): Total: 0.565 seconds - Initiated by StopAssetImportingV2(NoUpdateAssetOptions)
	(Values over 0.05ms)
	Summary:
		Imports: total=1 (actual=1, local cache=0, cache server=0)
		Asset DB Process Time: managed=6 ms, native=446 ms
		Asset DB Callback time: managed=95 ms, native=16 ms
		Scripting: domain reloads=0, domain reload time=0 ms, compile time=0 ms, other=0 ms
		Project Asset Count: scripts=1480, non-scripts=2685
		Asset File Changes: new=0, changed=1, moved=0, deleted=0
		Scan Filter Count: 3
	ApplyChangesToAssetFolders: 0.300ms
	Scan: 15.168ms
	Collect global state as custom dependencies: 0.191ms
	OnSourceAssetsModified: 5.685ms
	CategorizeScriptCompilationAssets: 0.210ms
	ProcessAssetsWithTransientArtifactChanges: 8.027ms
	CategorizeAssets: 127.100ms
	ImportOutOfDateAssets: 186.897ms (48.089ms without children)
		ImportManagerImport: 50.188ms (7.654ms without children)
			UpdateCategorizedAssets: 0.516ms
		ReloadNativeAssets: 0.331ms
		UnloadImportedAssets: 0.277ms
		EnsureUptoDateAssetsAreRegisteredWithGuidPM: 1.275ms
		InitializingProgressBar: 5.286ms
		ImportSchedulerStart: 81.444ms
	PostProcessAllAssets: 98.563ms
		XRBuildSystem.XRAssetImported 6.064ms
		ObjectImages.AssetImported 0.400ms
		MonoPostProcessAllAssets: 90.138ms
			BuilderAssetPostprocessor.OnPostprocessAllAssets 26.507ms
			AssetPostprocessor.OnPostprocessAllAssets 12.125ms
			AssetChangedListener.OnPostprocessAllAssets 9.462ms
			ShaderGraphAssetPostProcessor.OnPostprocessAllAssets 5.064ms
			TMPro_TexturePostProcessor.OnPostprocessAllAssets 4.199ms
			SyncVS.PostprocessSyncProject 3.965ms
			RetainedModeAssetPostprocessor.OnPostprocessAllAssets 3.956ms
			MaterialPostprocessor.OnPostprocessAllAssets 2.474ms
			SampleDependencyImporterPostProcessor.OnPostprocessAllAssets 2.206ms
			ArtifactBrowserPostProcessor.OnPostprocessAllAssets 2.098ms
			TextAssetPostProcessor.OnPostprocessAllAssets 1.843ms
			UVCSAssetPostprocessor.OnPostprocessAllAssets 1.824ms
			ScenarioDriftAssetsTracker.OnPostprocessAllAssets 1.588ms
			InputActionJsonNameModifierAssetProcessor.OnPostprocessAllAssets 1.523ms
			InputActionAssetPostprocessor.OnPostprocessAllAssets 1.272ms
			ConfigAssetsTracker.OnPostprocessAllAssets 0.897ms
			SamplePostprocessor.OnPostprocessAllAssets 0.877ms
			AudioMixerPostprocessor.OnPostprocessAllAssets 0.808ms
			PostProcessor.OnPostprocessAllAssets 0.727ms
			SpeedTreePostProcessor.OnPostprocessAllAssets 0.677ms
			AssetEvents.OnPostprocessAllAssets 0.675ms
			AssetReloadNotifier.OnPostprocessAllAssets 0.654ms
			StyleCatalogPostProcessor.OnPostprocessAllAssets 0.514ms
			AudioContainerPostProcessor.OnPostprocessAllAssets 0.192ms
			CinemachineSettings.OnPostprocessAllAssets 0.157ms
			RenderPipelineGlobalSettingsPostprocessor.OnPostprocessAllAssets 0.123ms
			WindowAssetPostprocessingWatcher.OnPostprocessAllAssets 0.116ms
			ProjectSettingsPostprocessor.OnPostprocessAllAssets 0.097ms
			UniversalRenderPipelineGlobalSettingsPostprocessor.OnPostprocessAllAssets 0.084ms
			EditModeScopePostprocessor.OnPostprocessAllAssets 0.082ms
			DomainReloadProcessor.OnPostprocessAllAssets 0.061ms
	PostAssetChangesProfiler: 7.361ms
	GatherAllCurrentPrimaryImportResultRevisions: 0.315ms
	PersistCurrentRevisions: 0.492ms
	Untracked: 114.259ms


Asset Pipeline Refresh (id=0691a06ec6f6cd4dfb64a5083615fd69): Total: 0.386 seconds - Initiated by RefreshV2(AllowForceSynchronousImport)
	(Values over 0.05ms)
	Summary:
		Imports: total=0 (actual=0, local cache=0, cache server=0)
		Asset DB Process Time: managed=0 ms, native=384 ms
		Asset DB Callback time: managed=0 ms, native=1 ms
		Scripting: domain reloads=0, domain reload time=0 ms, compile time=0 ms, other=0 ms
		Project Asset Count: scripts=1480, non-scripts=2685
		Asset File Changes: new=0, changed=0, moved=0, deleted=0
		Scan Filter Count: 1
	InvokePackagesCallback: 1.269ms
	ApplyChangesToAssetFolders: 0.907ms
	Scan: 374.964ms
	Collect global state as custom dependencies: 0.555ms
	GatherAllCurrentPrimaryImportResultRevisions: 3.596ms
	UnloadStreamsBegin: 1.327ms
	UnloadStreamsEnd: 0.329ms
	Untracked: 2.945ms

[Licensing::Client] Successfully resolved entitlement details
[Licensing::Module] License group:
  Id: F4-M77M-HXW8-HJ67-XE8W-XXXX
  Product: Unity Personal
  Type: ULF
  Expiration: Unlimited
[Licensing::Module] License group:
  Id: 10170777712478-UnityPersXXXX
  Product: Unity Personal
  Type: Assigned
  Expiration: Unlimited
Asset Pipeline Refresh (id=ea11f2d43321c7b91aa4131f5bec4473): Total: 0.283 seconds - Initiated by RefreshV2(AllowForceSynchronousImport)
Asset Pipeline Refresh (id=3908e290bb42f8c32b2cb27de0586d98): Total: 0.213 seconds - Initiated by RefreshV2(AllowForceSynchronousImport)
Reloading assemblies for play mode.
Reloading assemblies after forced synchronous recompile.
[Licensing::Client] Successfully resolved entitlement details
[Licensing::Module] License group:
  Id: F4-M77M-HXW8-HJ67-XE8W-XXXX
  Product: Unity Personal
  Type: ULF
  Expiration: Unlimited
[Licensing::Module] License group:
  Id: 10170777712478-UnityPersXXXX
  Product: Unity Personal
  Type: Assigned
  Expiration: Unlimited
Begin MonoManager ReloadAssembly
Assembly reference Packages/com.unity.cinemachine/Editor/Samples/ExposeHDRPInternals/HDRP-Editor-ref.asmref has no target assembly definition
Refreshing native plugins compatible for Editor in 5.08 ms, found 0 plugins.
Native extension for LinuxStandalone target not found
ScheduleIndexationOnStartup MainProcess:True IndexOnStartup:True
[MODES] ModeService[none].Initialize
[MODES] ModeService[none].LoadModes
Mono: successfully reloaded assembly
- Finished resetting the current domain, in  2.434 seconds
Domain Reload Profiling: 5476ms
	BeginReloadAssembly (2319ms)
		DisableScriptedObjects (215ms)
		CreateAndSetChildDomain (1580ms)
	RebuildCommonClasses (16ms)
	RebuildNativeTypeToScriptingClass (11ms)
	initialDomainReloadingComplete (156ms)
	LoadAllAssembliesAndSetupDomain (538ms)
		LoadAssemblies (607ms)
		AnalyzeDomain (59ms)
			TypeCache.Refresh (14ms)
			ResolveRequiredComponents (34ms)
	FinalizeReload (2436ms)
		SetupLoadedEditorAssemblies (0ms)
			InitializePlatformSupportModulesInManaged (3ms)
			BeforeProcessingInitializeOnLoad (146ms)
			ProcessInitializeOnLoadAttributes (549ms)
			ProcessInitializeOnLoadMethodAttributes (169ms)
			AfterProcessingInitializeOnLoad (3ms)
		AwakeInstancesAfterBackupRestoration (750ms)

Asset Pipeline Refresh (id=feaf783371005c1d6ad44f7a6436164d): Total: 6.454 seconds - Initiated by StopAssetImportingV2(ForceSynchronousImport | ForceDomainReload)
	(Values over 0.05ms)
	Summary:
		Imports: total=0 (actual=0, local cache=0, cache server=0)
		Asset DB Process Time: managed=0 ms, native=2980 ms
		Asset DB Callback time: managed=63 ms, native=0 ms
		Scripting: domain reloads=1, domain reload time=3406 ms, compile time=3 ms, other=0 ms
		Project Asset Count: scripts=1480, non-scripts=2685
		Asset File Changes: new=0, changed=0, moved=0, deleted=0
		Scan Filter Count: 0
	InvokePackagesCallback: 1.905ms
	ApplyChangesToAssetFolders: 0.652ms
	Collect global state as custom dependencies: 8.133ms
	ProcessAssetsWithTransientArtifactChanges: 3.403ms
	CategorizeAssets: 186.517ms
	CompileScripts: 2.678ms
	ImportOutOfDateAssets: 2510.188ms (2463.153ms without children)
		CollectScriptTypesHashes: 6.103ms
		ReloadNativeAssets: 1.199ms
		UnloadImportedAssets: 0.415ms
		EnsureUptoDateAssetsAreRegisteredWithGuidPM: 0.970ms
		ImportSchedulerStart: 44.383ms
	PostProcessAllAssets: 63.659ms
		MonoPostProcessAllAssets: 63.577ms
			SyncVS.PostprocessSyncProject 33.391ms
			BuilderAssetPostprocessor.OnPostprocessAllAssets 26.507ms
			AssetPostprocessor.OnPostprocessAllAssets 12.125ms
			UniversalRenderPipelineGlobalSettingsPostprocessor.OnPostprocessAllAssets 11.283ms
			AssetChangedListener.OnPostprocessAllAssets 9.462ms
			ShaderGraphAssetPostProcessor.OnPostprocessAllAssets 5.064ms
			TMPro_TexturePostProcessor.OnPostprocessAllAssets 4.199ms
			RetainedModeAssetPostprocessor.OnPostprocessAllAssets 3.956ms
			MaterialPostprocessor.OnPostprocessAllAssets 2.474ms
			SampleDependencyImporterPostProcessor.OnPostprocessAllAssets 2.206ms
			WindowAssetPostprocessingWatcher.OnPostprocessAllAssets 2.188ms
			ArtifactBrowserPostProcessor.OnPostprocessAllAssets 2.098ms
			SpeedTree9Postprocessor.OnPostprocessAllAssets 2.020ms
			TextAssetPostProcessor.OnPostprocessAllAssets 1.843ms
			UVCSAssetPostprocessor.OnPostprocessAllAssets 1.824ms
			ScenarioDriftAssetsTracker.OnPostprocessAllAssets 1.588ms
			InputActionJsonNameModifierAssetProcessor.OnPostprocessAllAssets 1.523ms
			ConfigAssetsTracker.OnPostprocessAllAssets 0.897ms
			SamplePostprocessor.OnPostprocessAllAssets 0.877ms
			AudioMixerPostprocessor.OnPostprocessAllAssets 0.808ms
			ProjectSettingsPostprocessor.OnPostprocessAllAssets 0.806ms
			PostProcessor.OnPostprocessAllAssets 0.727ms
			RenderPipelineGlobalSettingsPostprocessor.OnPostprocessAllAssets 0.705ms
			SpeedTreePostProcessor.OnPostprocessAllAssets 0.677ms
			AssetEvents.OnPostprocessAllAssets 0.675ms
			AssetReloadNotifier.OnPostprocessAllAssets 0.654ms
			StyleCatalogPostProcessor.OnPostprocessAllAssets 0.514ms
			ShaderReflectionAssetPostProcessor.OnPostprocessAllAssets 0.354ms
			EditModeScopePostprocessor.OnPostprocessAllAssets 0.336ms
			CinemachineSettings.OnPostprocessAllAssets 0.320ms
			InputActionAssetPostprocessor.OnPostprocessAllAssets 0.281ms
			ReferencedClipsPostProcessor.OnPostprocessAllAssets 0.260ms
			AudioContainerPostProcessor.OnPostprocessAllAssets 0.192ms
			AssetDatabaseCallbacks.OnPostprocessAllAssets 0.190ms
			DomainReloadProcessor.OnPostprocessAllAssets 0.189ms
			TerrainToolbarOverlayPostProcessor.OnPostprocessAllAssets 0.133ms
	GatherAllCurrentPrimaryImportResultRevisions: 0.458ms
	UnloadStreamsBegin: 6.026ms
	PersistCurrentRevisions: 0.150ms
	GenerateScriptTypeHashes: 4.481ms
	GenerateScriptTypeSerializationHashes: 7.365ms
	Untracked: 3659.725ms

Loaded scene 'Temp/__Backupscenes/0.backup'
	Deserialize:            28.261 ms
	Integration:            614.899 ms
	Integration of assets:  0.013 ms
	Thread Wait Time:       -0.004 ms
	Total Operation Time:   643.169 ms
[Licensing::Client] Successfully resolved entitlement details
[Licensing::Client] Successfully resolved entitlement details
[Licensing::Client] Successfully resolved entitlement details
hurtbox
UnityEngine.Debug:ExtractStackTraceNoAlloc (byte*,int,string)
UnityEngine.StackTraceUtility:ExtractStackTrace () (at /home/bokken/build/output/unity/unity/Runtime/Export/Scripting/StackTrace.cs:35)
UnityEngine.DebugLogHandler:Internal_Log (UnityEngine.LogType,UnityEngine.LogOption,string,UnityEngine.Object)
UnityEngine.DebugLogHandler:LogFormat (UnityEngine.LogType,UnityEngine.Object,string,object[])
UnityEngine.Logger:Log (UnityEngine.LogType,object)
UnityEngine.Debug:Log (object)
HitBox:OnTriggerEnter (UnityEngine.Collider) (at Assets/Scripts/HitBox.cs:12)

(Filename: Assets/Scripts/HitBox.cs Line: 12)

hurtbox
UnityEngine.Debug:ExtractStackTraceNoAlloc (byte*,int,string)
UnityEngine.StackTraceUtility:ExtractStackTrace () (at /home/bokken/build/output/unity/unity/Runtime/Export/Scripting/StackTrace.cs:35)
UnityEngine.DebugLogHandler:Internal_Log (UnityEngine.LogType,UnityEngine.LogOption,string,UnityEngine.Object)
UnityEngine.DebugLogHandler:LogFormat (UnityEngine.LogType,UnityEngine.Object,string,object[])
UnityEngine.Logger:Log (UnityEngine.LogType,object)
UnityEngine.Debug:Log (object)
HitBox:OnTriggerEnter (UnityEngine.Collider) (at Assets/Scripts/HitBox.cs:13)

(Filename: Assets/Scripts/HitBox.cs Line: 13)

 Took 7 damage.
UnityEngine.Debug:ExtractStackTraceNoAlloc (byte*,int,string)
UnityEngine.StackTraceUtility:ExtractStackTrace () (at /home/bokken/build/output/unity/unity/Runtime/Export/Scripting/StackTrace.cs:35)
UnityEngine.DebugLogHandler:Internal_Log (UnityEngine.LogType,UnityEngine.LogOption,string,UnityEngine.Object)
UnityEngine.DebugLogHandler:LogFormat (UnityEngine.LogType,UnityEngine.Object,string,object[])
UnityEngine.Logger:Log (UnityEngine.LogType,object)
UnityEngine.Debug:Log (object)
HurtBox:TakeDamage (int) (at Assets/Scripts/HurtBox.cs:7)
HitBox:OnTriggerEnter (UnityEngine.Collider) (at Assets/Scripts/HitBox.cs:17)

(Filename: Assets/Scripts/HurtBox.cs Line: 7)

Unloading 1 Unused Serialized files (Serialized files now loaded: 0)
Loaded scene 'Temp/__Backupscenes/0.backup'
	Deserialize:            59.803 ms
	Integration:            866.992 ms
	Integration of assets:  0.077 ms
	Thread Wait Time:       0.027 ms
	Total Operation Time:   926.899 ms
Unloading 175 unused Assets / (0.5 MB). Loaded Objects now: 9977.
Memory consumption went from 490.0 MB to 489.5 MB.
Total: 61.745730 ms (FindLiveObjects: 0.814029 ms CreateObjectMapping: 2.395888 ms MarkObjects: 56.624089 ms  DeleteObjects: 1.909171 ms)

[Licensing::Client] Successfully resolved entitlement details
[Licensing::Module] License group:
  Id: F4-M77M-HXW8-HJ67-XE8W-XXXX
  Product: Unity Personal
  Type: ULF
  Expiration: Unlimited
[Licensing::Module] License group:
  Id: 10170777712478-UnityPersXXXX
  Product: Unity Personal
  Type: Assigned
  Expiration: Unlimited

Asset Pipeline Refresh (id=ec9fd72e6e49eae819db468b0e9d1a34): Total: 0.426 seconds - Initiated by RefreshV2(AllowForceSynchronousImport)
	(Values over 0.05ms)
	Summary:
		Imports: total=0 (actual=0, local cache=0, cache server=0)
		Asset DB Process Time: managed=0 ms, native=425 ms
		Asset DB Callback time: managed=0 ms, native=0 ms
		Scripting: domain reloads=0, domain reload time=0 ms, compile time=0 ms, other=0 ms
		Project Asset Count: scripts=1480, non-scripts=2685
		Asset File Changes: new=0, changed=0, moved=0, deleted=0
		Scan Filter Count: 1
	InvokePackagesCallback: 0.935ms
	ApplyChangesToAssetFolders: 1.338ms
	Scan: 407.042ms
	Collect global state as custom dependencies: 0.808ms
	GatherAllCurrentPrimaryImportResultRevisions: 8.278ms
	UnloadStreamsBegin: 0.996ms
	UnloadStreamsEnd: 0.153ms
	Untracked: 5.368ms

Asset Pipeline Refresh (id=02f479e11e42c78bd8636d3bc74848e9): Total: 0.162 seconds - Initiated by RefreshV2(AllowForceSynchronousImport)
Asset Pipeline Refresh (id=b82f4809230eb7198b14263abf52b45c): Total: 0.114 seconds - Initiated by RefreshV2(AllowForceSynchronousImport)
[ScriptCompilation] Requested script compilation because: AssetDatabase observed changes in script compilation related files
[Licensing::Client] Successfully resolved entitlement details
[Licensing::Module] License group:
  Id: F4-M77M-HXW8-HJ67-XE8W-XXXX
  Product: Unity Personal
  Type: ULF
  Expiration: Unlimited
[Licensing::Module] License group:
  Id: 10170777712478-UnityPersXXXX
  Product: Unity Personal
  Type: Assigned
  Expiration: Unlimited
info: Microsoft.AspNetCore.Hosting.Diagnostics[1]
      Request starting HTTP/2 POST http://ilpp/UnityILPP.PostProcessing/Ping - application/grpc -
info: Microsoft.AspNetCore.Routing.EndpointMiddleware[0]
      Executing endpoint 'gRPC - /UnityILPP.PostProcessing/Ping'
info: Microsoft.AspNetCore.Routing.EndpointMiddleware[1]
      Executed endpoint 'gRPC - /UnityILPP.PostProcessing/Ping'
info: Microsoft.AspNetCore.Hosting.Diagnostics[2]
      Request finished HTTP/2 POST http://ilpp/UnityILPP.PostProcessing/Ping - 200 - application/grpc 24.4830ms
Starting: /home/usio/Unity/Hub/Editor/6000.5.8f1/Data/Tools/BuildPipeline/bee_backend --ipc --defer-dag-verification --dagfile="Library/Bee/2400b0aE.dag" --continue-on-failure --profile="Library/Bee/backend1.traceevents" ScriptAssemblies
WorkingDir: /home/usio/Titan test
info: Microsoft.AspNetCore.Hosting.Diagnostics[1]
      Request starting HTTP/2 POST http://ilpp/UnityILPP.PostProcessing/ConfigurePostProcessors - application/grpc -
info: Microsoft.AspNetCore.Routing.EndpointMiddleware[0]
      Executing endpoint 'gRPC - /UnityILPP.PostProcessing/ConfigurePostProcessors'
info: Unity.ILPP.Runner.PostProcessingAssemblyLoadContext[0]
      Current configuration matches the requested one, skipping
info: Microsoft.AspNetCore.Routing.EndpointMiddleware[1]
      Executed endpoint 'gRPC - /UnityILPP.PostProcessing/ConfigurePostProcessors'
info: Microsoft.AspNetCore.Hosting.Diagnostics[2]
      Request finished HTTP/2 POST http://ilpp/UnityILPP.PostProcessing/ConfigurePostProcessors - 200 - application/grpc 10.2652ms
info: Microsoft.AspNetCore.Hosting.Diagnostics[1]
      Request starting HTTP/2 POST http://ilpp/UnityILPP.PostProcessing/PostProcessAssembly - application/grpc -
info: Microsoft.AspNetCore.Routing.EndpointMiddleware[0]
      Executing endpoint 'gRPC - /UnityILPP.PostProcessing/PostProcessAssembly'
info: Microsoft.AspNetCore.Hosting.Diagnostics[1]
      Request starting HTTP/2 POST http://ilpp/UnityILPP.PostProcessing/PostProcessAssembly - application/grpc -
info: Microsoft.AspNetCore.Routing.EndpointMiddleware[0]
      Executing endpoint 'gRPC - /UnityILPP.PostProcessing/PostProcessAssembly'
info: Unity.ILPP.Runner.PostProcessingPipeline[0]
      Processing assembly Library/Bee/artifacts/2400b0aE.dag/Assembly-CSharp-Editor.dll, with 132 defines and 368 references
info: Unity.ILPP.Runner.PostProcessingPipeline[0]
      Processing assembly Library/Bee/artifacts/2400b0aE.dag/Assembly-CSharp.dll, with 134 defines and 344 references
info: Unity.ILPP.Runner.PostProcessingPipeline[0]
      processors: Unity.Jobs.CodeGen.JobsILPostProcessor, zzzUnity.Burst.CodeGen.BurstILPostProcessor
info: Unity.ILPP.Runner.PostProcessingPipeline[0]
      processors: Unity.Jobs.CodeGen.JobsILPostProcessor, zzzUnity.Burst.CodeGen.BurstILPostProcessor
info: Unity.ILPP.Runner.PostProcessingPipeline[0]
      running Unity.Jobs.CodeGen.JobsILPostProcessor
info: Unity.ILPP.Runner.PostProcessingPipeline[0]
      running Unity.Jobs.CodeGen.JobsILPostProcessor
info: Unity.ILPP.Runner.PostProcessingPipeline[0]
      running zzzUnity.Burst.CodeGen.BurstILPostProcessor
info: Unity.ILPP.Runner.PostProcessingPipeline[0]
      running zzzUnity.Burst.CodeGen.BurstILPostProcessor
info: Microsoft.AspNetCore.Routing.EndpointMiddleware[1]
      Executed endpoint 'gRPC - /UnityILPP.PostProcessing/PostProcessAssembly'
info: Microsoft.AspNetCore.Hosting.Diagnostics[2]
      Request finished HTTP/2 POST http://ilpp/UnityILPP.PostProcessing/PostProcessAssembly - 200 - application/grpc 187.9798ms
info: Microsoft.AspNetCore.Routing.EndpointMiddleware[1]
      Executed endpoint 'gRPC - /UnityILPP.PostProcessing/PostProcessAssembly'
info: Microsoft.AspNetCore.Hosting.Diagnostics[2]
      Request finished HTTP/2 POST http://ilpp/UnityILPP.PostProcessing/PostProcessAssembly - 200 - application/grpc 218.0813ms
ExitCode: 0 Duration: 2s607ms
[715/937    0s] ILPP-Configuration Library/ilpp-configuration.nevergeneratedoutput
[929/937    2s] Csc Library/Bee/artifacts/2400b0aE.dag/Assembly-CSharp.dll (+2 others)
[931/937    0s] ILPostProcess Library/Bee/artifacts/2400b0aE.dag/post-processed/Assembly-CSharp-Editor.dll (+pdb)
Processing assembly Library/Bee/artifacts/2400b0aE.dag/Assembly-CSharp-Editor.dll, with 132 defines and 368 references
processors: Unity.Jobs.CodeGen.JobsILPostProcessor, zzzUnity.Burst.CodeGen.BurstILPostProcessor
running Unity.Jobs.CodeGen.JobsILPostProcessor
running zzzUnity.Burst.CodeGen.BurstILPostProcessor
[934/937    0s] ILPostProcess Library/Bee/artifacts/2400b0aE.dag/post-processed/Assembly-CSharp.dll (+pdb)
Processing assembly Library/Bee/artifacts/2400b0aE.dag/Assembly-CSharp.dll, with 134 defines and 344 references
processors: Unity.Jobs.CodeGen.JobsILPostProcessor, zzzUnity.Burst.CodeGen.BurstILPostProcessor
running Unity.Jobs.CodeGen.JobsILPostProcessor
running zzzUnity.Burst.CodeGen.BurstILPostProcessor
[935/937    0s] CopyFiles Library/ScriptAssemblies/Assembly-CSharp.dll
[936/937    0s] CopyFiles Library/ScriptAssemblies/Assembly-CSharp.pdb
*** Tundra build success (2.48 seconds), 6 items updated, 937 evaluated
Reloading assemblies after forced synchronous recompile.
Begin MonoManager ReloadAssembly
Total cache size 172573348
Total cache size after purge 172573348, took 00:00:01.2022780
Assembly reference Packages/com.unity.cinemachine/Editor/Samples/ExposeHDRPInternals/HDRP-Editor-ref.asmref has no target assembly definition
Native extension for LinuxStandalone target not found
[MODES] ModeService[none].Initialize
[MODES] ModeService[none].LoadModes
ScheduleIndexationOnStartup MainProcess:True IndexOnStartup:True
Mono: successfully reloaded assembly
- Finished resetting the current domain, in  2.280 seconds
Domain Reload Profiling: 5659ms
	BeginReloadAssembly (2437ms)
		DisableScriptedObjects (440ms)
		CreateAndSetChildDomain (1316ms)
	RebuildCommonClasses (15ms)
	RebuildNativeTypeToScriptingClass (13ms)
	initialDomainReloadingComplete (183ms)
	LoadAllAssembliesAndSetupDomain (728ms)
		LoadAssemblies (402ms)
		AnalyzeDomain (405ms)
			TypeCache.Refresh (42ms)
			BuildScriptInfoCaches (317ms)
			ResolveRequiredComponents (39ms)
	FinalizeReload (2282ms)
		SetupLoadedEditorAssemblies (0ms)
			InitializePlatformSupportModulesInManaged (3ms)
			BeforeProcessingInitializeOnLoad (366ms)
			ProcessInitializeOnLoadAttributes (450ms)
			ProcessInitializeOnLoadMethodAttributes (113ms)
			AfterProcessingInitializeOnLoad (3ms)
		AwakeInstancesAfterBackupRestoration (647ms)

Asset Pipeline Refresh (id=b382f370358040ff7ad5ae1409a11e7a): Total: 11.067 seconds - Initiated by RefreshV2(AllowForceSynchronousImport)
	(Values over 0.05ms)
	Summary:
		Imports: total=0 (actual=0, local cache=0, cache server=0)
		Asset DB Process Time: managed=0 ms, native=3696 ms
		Asset DB Callback time: managed=82 ms, native=8 ms
		Scripting: domain reloads=1, domain reload time=3576 ms, compile time=3703 ms, other=0 ms
		Project Asset Count: scripts=1480, non-scripts=2685
		Asset File Changes: new=0, changed=1, moved=0, deleted=0
		Scan Filter Count: 1
	InvokePackagesCallback: 3.136ms
	ApplyChangesToAssetFolders: 1.135ms
	Scan: 920.331ms
	Collect global state as custom dependencies: 10.691ms
	OnSourceAssetsModified: 2.209ms
	CategorizeScriptCompilationAssets: 0.338ms
	ProcessAssetsWithTransientArtifactChanges: 15.826ms
	CategorizeAssets: 234.070ms
	CompileScripts: 3702.732ms
	ImportOutOfDateAssets: 2404.601ms (2302.834ms without children)
		CollectScriptTypesHashes: 1.929ms
		ReloadNativeAssets: 1.093ms
		UnloadImportedAssets: 0.358ms
		EnsureUptoDateAssetsAreRegisteredWithGuidPM: 0.768ms
		ImportSchedulerStart: 99.487ms
	PostProcessAllAssets: 83.846ms
		XRBuildSystem.XRAssetImported 1.187ms
		PostProcessCallbackCreateDeferredMaterials 0.783ms
		ShaderAssetModifiedCallback 0.212ms
		PostprocessAssetsUpdateCachedIcon 0.067ms
		MonoPostProcessAllAssets: 80.350ms
			UniversalRenderPipelineGlobalSettingsPostprocessor.OnPostprocessAllAssets 11.472ms
			BuilderAssetPostprocessor.OnPostprocessAllAssets 9.342ms
			SyncVS.PostprocessSyncProject 7.709ms
			AssetChangedListener.OnPostprocessAllAssets 5.749ms
			AssetPostprocessor.OnPostprocessAllAssets 5.248ms
			WindowAssetPostprocessingWatcher.OnPostprocessAllAssets 3.359ms
			EditModeScopePostprocessor.OnPostprocessAllAssets 1.852ms
			SpeedTree9Postprocessor.OnPostprocessAllAssets 1.833ms
			ShaderGraphAssetPostProcessor.OnPostprocessAllAssets 1.385ms
			RetainedModeAssetPostprocessor.OnPostprocessAllAssets 1.217ms
			TMPro_TexturePostProcessor.OnPostprocessAllAssets 0.998ms
			ProjectSettingsPostprocessor.OnPostprocessAllAssets 0.884ms
			ArtifactBrowserPostProcessor.OnPostprocessAllAssets 0.843ms
			MaterialPostprocessor.OnPostprocessAllAssets 0.822ms
			RenderPipelineGlobalSettingsPostprocessor.OnPostprocessAllAssets 0.757ms
			UVCSAssetPostprocessor.OnPostprocessAllAssets 0.530ms
			CinemachineSettings.OnPostprocessAllAssets 0.529ms
			SampleDependencyImporterPostProcessor.OnPostprocessAllAssets 0.474ms
			AudioMixerPostprocessor.OnPostprocessAllAssets 0.430ms
			DomainReloadProcessor.OnPostprocessAllAssets 0.359ms
			StyleCatalogPostProcessor.OnPostprocessAllAssets 0.337ms
			ReferencedClipsPostProcessor.OnPostprocessAllAssets 0.331ms
			InputActionAssetPostprocessor.OnPostprocessAllAssets 0.314ms
			ShaderReflectionAssetPostProcessor.OnPostprocessAllAssets 0.305ms
			TextAssetPostProcessor.OnPostprocessAllAssets 0.300ms
			AssetEvents.OnPostprocessAllAssets 0.290ms
			PostProcessor.OnPostprocessAllAssets 0.258ms
			InputActionJsonNameModifierAssetProcessor.OnPostprocessAllAssets 0.238ms
			AssetDatabaseCallbacks.OnPostprocessAllAssets 0.226ms
			ConfigAssetsTracker.OnPostprocessAllAssets 0.224ms
			ScenarioDriftAssetsTracker.OnPostprocessAllAssets 0.182ms
			AssetReloadNotifier.OnPostprocessAllAssets 0.169ms
			SpeedTreePostProcessor.OnPostprocessAllAssets 0.148ms
			TerrainToolbarOverlayPostProcessor.OnPostprocessAllAssets 0.140ms
			SamplePostprocessor.OnPostprocessAllAssets 0.131ms
			AudioContainerPostProcessor.OnPostprocessAllAssets 0.096ms
	PostAssetChangesProfiler: 4.035ms
	GatherAllCurrentPrimaryImportResultRevisions: 2.201ms
	PersistCurrentRevisions: 0.377ms
	GenerateScriptTypeHashes: 6.324ms
	GenerateScriptTypeSerializationHashes: 11.277ms
	Untracked: 3676.673ms

[Licensing::Client] Successfully resolved entitlement details
[Licensing::Client] Successfully resolved entitlement details
[Licensing::Client] Successfully resolved entitlement details
[ScriptCompilation] Requested script compilation because: AssetDatabase observed changes in script compilation related files
[Licensing::Client] Successfully resolved entitlement details
[Licensing::Module] License group:
  Id: F4-M77M-HXW8-HJ67-XE8W-XXXX
  Product: Unity Personal
  Type: ULF
  Expiration: Unlimited
[Licensing::Module] License group:
  Id: 10170777712478-UnityPersXXXX
  Product: Unity Personal
  Type: Assigned
  Expiration: Unlimited
info: Microsoft.AspNetCore.Hosting.Diagnostics[1]
      Request starting HTTP/2 POST http://ilpp/UnityILPP.PostProcessing/Ping - application/grpc -
info: Microsoft.AspNetCore.Routing.EndpointMiddleware[0]
      Executing endpoint 'gRPC - /UnityILPP.PostProcessing/Ping'
info: Microsoft.AspNetCore.Routing.EndpointMiddleware[1]
      Executed endpoint 'gRPC - /UnityILPP.PostProcessing/Ping'
info: Microsoft.AspNetCore.Hosting.Diagnostics[2]
      Request finished HTTP/2 POST http://ilpp/UnityILPP.PostProcessing/Ping - 200 - application/grpc 17.9556ms
Starting: /home/usio/Unity/Hub/Editor/6000.5.8f1/Data/Tools/BuildPipeline/bee_backend --ipc --defer-dag-verification --dagfile="Library/Bee/2400b0aE.dag" --continue-on-failure --profile="Library/Bee/backend1.traceevents" ScriptAssemblies
WorkingDir: /home/usio/Titan test
info: Microsoft.AspNetCore.Hosting.Diagnostics[1]
      Request starting HTTP/2 POST http://ilpp/UnityILPP.PostProcessing/ConfigurePostProcessors - application/grpc -
info: Microsoft.AspNetCore.Routing.EndpointMiddleware[0]
      Executing endpoint 'gRPC - /UnityILPP.PostProcessing/ConfigurePostProcessors'
info: Unity.ILPP.Runner.PostProcessingAssemblyLoadContext[0]
      Current configuration matches the requested one, skipping
info: Microsoft.AspNetCore.Routing.EndpointMiddleware[1]
      Executed endpoint 'gRPC - /UnityILPP.PostProcessing/ConfigurePostProcessors'
info: Microsoft.AspNetCore.Hosting.Diagnostics[2]
      Request finished HTTP/2 POST http://ilpp/UnityILPP.PostProcessing/ConfigurePostProcessors - 200 - application/grpc 8.9699ms
info: Microsoft.AspNetCore.Hosting.Diagnostics[1]
      Request starting HTTP/2 POST http://ilpp/UnityILPP.PostProcessing/PostProcessAssembly - application/grpc -
info: Microsoft.AspNetCore.Routing.EndpointMiddleware[0]
      Executing endpoint 'gRPC - /UnityILPP.PostProcessing/PostProcessAssembly'
info: Microsoft.AspNetCore.Hosting.Diagnostics[1]
      Request starting HTTP/2 POST http://ilpp/UnityILPP.PostProcessing/PostProcessAssembly - application/grpc -
info: Microsoft.AspNetCore.Routing.EndpointMiddleware[0]
      Executing endpoint 'gRPC - /UnityILPP.PostProcessing/PostProcessAssembly'
info: Unity.ILPP.Runner.PostProcessingPipeline[0]
      Processing assembly Library/Bee/artifacts/2400b0aE.dag/Assembly-CSharp-Editor.dll, with 132 defines and 368 references
info: Unity.ILPP.Runner.PostProcessingPipeline[0]
      Processing assembly Library/Bee/artifacts/2400b0aE.dag/Assembly-CSharp.dll, with 134 defines and 344 references
info: Unity.ILPP.Runner.PostProcessingPipeline[0]
      processors: Unity.Jobs.CodeGen.JobsILPostProcessor, zzzUnity.Burst.CodeGen.BurstILPostProcessor
info: Unity.ILPP.Runner.PostProcessingPipeline[0]
      processors: Unity.Jobs.CodeGen.JobsILPostProcessor, zzzUnity.Burst.CodeGen.BurstILPostProcessor
info: Unity.ILPP.Runner.PostProcessingPipeline[0]
      running Unity.Jobs.CodeGen.JobsILPostProcessor
info: Unity.ILPP.Runner.PostProcessingPipeline[0]
      running Unity.Jobs.CodeGen.JobsILPostProcessor
info: Unity.ILPP.Runner.PostProcessingPipeline[0]
      running zzzUnity.Burst.CodeGen.BurstILPostProcessor
info: Unity.ILPP.Runner.PostProcessingPipeline[0]
      running zzzUnity.Burst.CodeGen.BurstILPostProcessor
info: Microsoft.AspNetCore.Routing.EndpointMiddleware[1]
      Executed endpoint 'gRPC - /UnityILPP.PostProcessing/PostProcessAssembly'
info: Microsoft.AspNetCore.Hosting.Diagnostics[2]
      Request finished HTTP/2 POST http://ilpp/UnityILPP.PostProcessing/PostProcessAssembly - 200 - application/grpc 199.0170ms
info: Microsoft.AspNetCore.Routing.EndpointMiddleware[1]
      Executed endpoint 'gRPC - /UnityILPP.PostProcessing/PostProcessAssembly'
info: Microsoft.AspNetCore.Hosting.Diagnostics[2]
      Request finished HTTP/2 POST http://ilpp/UnityILPP.PostProcessing/PostProcessAssembly - 200 - application/grpc 201.6965ms
ExitCode: 0 Duration: 1s292ms
[715/937    0s] ILPP-Configuration Library/ilpp-configuration.nevergeneratedoutput
[929/937    0s] Csc Library/Bee/artifacts/2400b0aE.dag/Assembly-CSharp.dll (+2 others)
[931/937    0s] ILPostProcess Library/Bee/artifacts/2400b0aE.dag/post-processed/Assembly-CSharp-Editor.dll (+pdb)
Processing assembly Library/Bee/artifacts/2400b0aE.dag/Assembly-CSharp-Editor.dll, with 132 defines and 368 references
processors: Unity.Jobs.CodeGen.JobsILPostProcessor, zzzUnity.Burst.CodeGen.BurstILPostProcessor
running Unity.Jobs.CodeGen.JobsILPostProcessor
running zzzUnity.Burst.CodeGen.BurstILPostProcessor
[934/937    0s] ILPostProcess Library/Bee/artifacts/2400b0aE.dag/post-processed/Assembly-CSharp.dll (+pdb)
Processing assembly Library/Bee/artifacts/2400b0aE.dag/Assembly-CSharp.dll, with 134 defines and 344 references
processors: Unity.Jobs.CodeGen.JobsILPostProcessor, zzzUnity.Burst.CodeGen.BurstILPostProcessor
running Unity.Jobs.CodeGen.JobsILPostProcessor
running zzzUnity.Burst.CodeGen.BurstILPostProcessor
[935/937    0s] CopyFiles Library/ScriptAssemblies/Assembly-CSharp.dll
[936/937    0s] CopyFiles Library/ScriptAssemblies/Assembly-CSharp.pdb
*** Tundra build success (1.20 seconds), 6 items updated, 937 evaluated
Reloading assemblies after forced synchronous recompile.
Begin MonoManager ReloadAssembly
Total cache size 172573348
Total cache size after purge 172573348, took 00:00:00.8550034
Assembly reference Packages/com.unity.cinemachine/Editor/Samples/ExposeHDRPInternals/HDRP-Editor-ref.asmref has no target assembly definition
Native extension for LinuxStandalone target not found
[MODES] ModeService[none].Initialize
[MODES] ModeService[none].LoadModes
ScheduleIndexationOnStartup MainProcess:True IndexOnStartup:True
Mono: successfully reloaded assembly
- Finished resetting the current domain, in  3.030 seconds
Domain Reload Profiling: 5436ms
	BeginReloadAssembly (1695ms)
		DisableScriptedObjects (290ms)
		CreateAndSetChildDomain (1068ms)
	RebuildCommonClasses (14ms)
	RebuildNativeTypeToScriptingClass (12ms)
	initialDomainReloadingComplete (104ms)
	LoadAllAssembliesAndSetupDomain (577ms)
		LoadAssemblies (342ms)
		AnalyzeDomain (292ms)
			TypeCache.Refresh (18ms)
			BuildScriptInfoCaches (244ms)
			ResolveRequiredComponents (27ms)
	FinalizeReload (3033ms)
		SetupLoadedEditorAssemblies (0ms)
			BeforeProcessingInitializeOnLoad (306ms)
			ProcessInitializeOnLoadAttributes (930ms)
			ProcessInitializeOnLoadMethodAttributes (127ms)
			AfterProcessingInitializeOnLoad (3ms)
		AwakeInstancesAfterBackupRestoration (1003ms)

Asset Pipeline Refresh (id=946586abacba88afc961cbb6dfd0398f): Total: 9.142 seconds - Initiated by RefreshV2(AllowForceSynchronousImport)
	(Values over 0.05ms)
	Summary:
		Imports: total=0 (actual=0, local cache=0, cache server=0)
		Asset DB Process Time: managed=0 ms, native=4146 ms
		Asset DB Callback time: managed=101 ms, native=30 ms
		Scripting: domain reloads=1, domain reload time=2621 ms, compile time=2242 ms, other=0 ms
		Project Asset Count: scripts=1480, non-scripts=2685
		Asset File Changes: new=0, changed=1, moved=0, deleted=0
		Scan Filter Count: 1
	InvokePackagesCallback: 1.741ms
	ApplyChangesToAssetFolders: 1.408ms
	Scan: 714.970ms
	Collect global state as custom dependencies: 3.442ms
	OnSourceAssetsModified: 2.526ms
	CategorizeScriptCompilationAssets: 0.132ms
	ProcessAssetsWithTransientArtifactChanges: 12.151ms
	CategorizeAssets: 141.582ms
	CompileScripts: 2242.186ms
	ImportOutOfDateAssets: 3144.650ms (3065.229ms without children)
		CollectScriptTypesHashes: 7.116ms
		ReloadNativeAssets: 1.128ms
		UnloadImportedAssets: 0.322ms
		EnsureUptoDateAssetsAreRegisteredWithGuidPM: 1.051ms
		ImportSchedulerStart: 75.454ms
	PostProcessAllAssets: 124.461ms
		PostProcessCallbackCreateDeferredMaterials 13.344ms
		XRBuildSystem.XRAssetImported 1.379ms
		ShaderAssetModifiedCallback 0.389ms
		VCAutoAddAssetPostprocess 0.360ms
		PostprocessAssetsUpdateCachedIcon 0.088ms
		MonoPostProcessAllAssets: 99.443ms
			BuilderAssetPostprocessor.OnPostprocessAllAssets 15.275ms
			UniversalRenderPipelineGlobalSettingsPostprocessor.OnPostprocessAllAssets 14.505ms
			SyncVS.PostprocessSyncProject 8.006ms
			AssetPostprocessor.OnPostprocessAllAssets 7.411ms
			AssetChangedListener.OnPostprocessAllAssets 6.586ms
			WindowAssetPostprocessingWatcher.OnPostprocessAllAssets 3.910ms
			EditModeScopePostprocessor.OnPostprocessAllAssets 2.087ms
			SpeedTree9Postprocessor.OnPostprocessAllAssets 2.018ms
			ShaderGraphAssetPostProcessor.OnPostprocessAllAssets 1.931ms
			RetainedModeAssetPostprocessor.OnPostprocessAllAssets 1.391ms
			ArtifactBrowserPostProcessor.OnPostprocessAllAssets 1.159ms
			TMPro_TexturePostProcessor.OnPostprocessAllAssets 1.145ms
			RenderPipelineGlobalSettingsPostprocessor.OnPostprocessAllAssets 1.064ms
			MaterialPostprocessor.OnPostprocessAllAssets 0.795ms
			ProjectSettingsPostprocessor.OnPostprocessAllAssets 0.760ms
			UVCSAssetPostprocessor.OnPostprocessAllAssets 0.653ms
			CinemachineSettings.OnPostprocessAllAssets 0.615ms
			AudioMixerPostprocessor.OnPostprocessAllAssets 0.611ms
			SampleDependencyImporterPostProcessor.OnPostprocessAllAssets 0.547ms
			ReferencedClipsPostProcessor.OnPostprocessAllAssets 0.486ms
			AssetEvents.OnPostprocessAllAssets 0.465ms
			StyleCatalogPostProcessor.OnPostprocessAllAssets 0.444ms
			DomainReloadProcessor.OnPostprocessAllAssets 0.380ms
			PostProcessor.OnPostprocessAllAssets 0.361ms
			ShaderReflectionAssetPostProcessor.OnPostprocessAllAssets 0.345ms
			TextAssetPostProcessor.OnPostprocessAllAssets 0.331ms
			InputActionAssetPostprocessor.OnPostprocessAllAssets 0.324ms
			AssetDatabaseCallbacks.OnPostprocessAllAssets 0.281ms
			InputActionJsonNameModifierAssetProcessor.OnPostprocessAllAssets 0.266ms
			ConfigAssetsTracker.OnPostprocessAllAssets 0.238ms
			ScenarioDriftAssetsTracker.OnPostprocessAllAssets 0.222ms
			AssetReloadNotifier.OnPostprocessAllAssets 0.197ms
			SpeedTreePostProcessor.OnPostprocessAllAssets 0.188ms
			TerrainToolbarOverlayPostProcessor.OnPostprocessAllAssets 0.150ms
			AudioContainerPostProcessor.OnPostprocessAllAssets 0.139ms
			SamplePostprocessor.OnPostprocessAllAssets 0.130ms
	PostAssetChangesProfiler: 4.647ms
	GatherAllCurrentPrimaryImportResultRevisions: 3.487ms
	UnloadStreamsBegin: 6.077ms
	PersistCurrentRevisions: 0.343ms
	GenerateScriptTypeHashes: 5.501ms
	GenerateScriptTypeSerializationHashes: 6.717ms
	Untracked: 2729.789ms

[Licensing::Client] Successfully resolved entitlement details
[Licensing::Client] Successfully resolved entitlement details
[Licensing::Client] Successfully resolved entitlement details
Reloading assemblies for play mode.
Reloading assemblies after forced synchronous recompile.
Begin MonoManager ReloadAssembly
Assembly reference Packages/com.unity.cinemachine/Editor/Samples/ExposeHDRPInternals/HDRP-Editor-ref.asmref has no target assembly definition
Native extension for LinuxStandalone target not found
ScheduleIndexationOnStartup MainProcess:True IndexOnStartup:True
[MODES] ModeService[none].Initialize
[MODES] ModeService[none].LoadModes
Mono: successfully reloaded assembly
- Finished resetting the current domain, in  3.393 seconds
Domain Reload Profiling: 6367ms
	BeginReloadAssembly (1967ms)
		DisableScriptedObjects (246ms)
		CreateAndSetChildDomain (1019ms)
	RebuildCommonClasses (15ms)
	RebuildNativeTypeToScriptingClass (12ms)
	initialDomainReloadingComplete (92ms)
	LoadAllAssembliesAndSetupDomain (885ms)
		LoadAssemblies (1059ms)
		AnalyzeDomain (70ms)
			TypeCache.Refresh (22ms)
			ResolveRequiredComponents (36ms)
	FinalizeReload (3394ms)
		SetupLoadedEditorAssemblies (0ms)
			BeforeProcessingInitializeOnLoad (110ms)
			ProcessInitializeOnLoadAttributes (784ms)
			ProcessInitializeOnLoadMethodAttributes (149ms)
			AfterProcessingInitializeOnLoad (6ms)
		AwakeInstancesAfterBackupRestoration (1339ms)

Asset Pipeline Refresh (id=e881bc1fb7ef16422a3dc5ece300df5c): Total: 6.812 seconds - Initiated by StopAssetImportingV2(ForceSynchronousImport | ForceDomainReload)
	(Values over 0.05ms)
	Summary:
		Imports: total=0 (actual=0, local cache=0, cache server=0)
		Asset DB Process Time: managed=0 ms, native=3664 ms
		Asset DB Callback time: managed=71 ms, native=0 ms
		Scripting: domain reloads=1, domain reload time=3072 ms, compile time=2 ms, other=0 ms
		Project Asset Count: scripts=1480, non-scripts=2685
		Asset File Changes: new=0, changed=0, moved=0, deleted=0
		Scan Filter Count: 0
	InvokePackagesCallback: 1.203ms
	ApplyChangesToAssetFolders: 0.628ms
	Collect global state as custom dependencies: 3.155ms
	ProcessAssetsWithTransientArtifactChanges: 0.398ms
	CategorizeAssets: 78.890ms
	CompileScripts: 2.212ms
	ImportOutOfDateAssets: 3496.069ms (3422.881ms without children)
		CollectScriptTypesHashes: 0.872ms
		ReloadNativeAssets: 1.053ms
		UnloadImportedAssets: 0.168ms
		EnsureUptoDateAssetsAreRegisteredWithGuidPM: 1.169ms
		ImportSchedulerStart: 70.700ms
	PostProcessAllAssets: 71.940ms
		MonoPostProcessAllAssets: 71.929ms
			UniversalRenderPipelineGlobalSettingsPostprocessor.OnPostprocessAllAssets 19.942ms
			SyncVS.PostprocessSyncProject 16.438ms
			BuilderAssetPostprocessor.OnPostprocessAllAssets 15.275ms
			AssetPostprocessor.OnPostprocessAllAssets 7.411ms
			AssetChangedListener.OnPostprocessAllAssets 6.586ms
			WindowAssetPostprocessingWatcher.OnPostprocessAllAssets 3.967ms
			SpeedTree9Postprocessor.OnPostprocessAllAssets 3.387ms
			RenderPipelineGlobalSettingsPostprocessor.OnPostprocessAllAssets 2.140ms
			ShaderGraphAssetPostProcessor.OnPostprocessAllAssets 1.931ms
			RetainedModeAssetPostprocessor.OnPostprocessAllAssets 1.391ms
			ProjectSettingsPostprocessor.OnPostprocessAllAssets 1.362ms
			ArtifactBrowserPostProcessor.OnPostprocessAllAssets 1.159ms
			TMPro_TexturePostProcessor.OnPostprocessAllAssets 1.145ms
			MaterialPostprocessor.OnPostprocessAllAssets 0.795ms
			UVCSAssetPostprocessor.OnPostprocessAllAssets 0.653ms
			ShaderReflectionAssetPostProcessor.OnPostprocessAllAssets 0.630ms
			CinemachineSettings.OnPostprocessAllAssets 0.613ms
			EditModeScopePostprocessor.OnPostprocessAllAssets 0.611ms
			AudioMixerPostprocessor.OnPostprocessAllAssets 0.611ms
			SampleDependencyImporterPostProcessor.OnPostprocessAllAssets 0.547ms
			ReferencedClipsPostProcessor.OnPostprocessAllAssets 0.523ms
			InputActionAssetPostprocessor.OnPostprocessAllAssets 0.499ms
			AssetEvents.OnPostprocessAllAssets 0.465ms
			StyleCatalogPostProcessor.OnPostprocessAllAssets 0.444ms
			DomainReloadProcessor.OnPostprocessAllAssets 0.365ms
			PostProcessor.OnPostprocessAllAssets 0.361ms
			TextAssetPostProcessor.OnPostprocessAllAssets 0.331ms
			AssetDatabaseCallbacks.OnPostprocessAllAssets 0.279ms
			InputActionJsonNameModifierAssetProcessor.OnPostprocessAllAssets 0.266ms
			TerrainToolbarOverlayPostProcessor.OnPostprocessAllAssets 0.258ms
			ConfigAssetsTracker.OnPostprocessAllAssets 0.238ms
			ScenarioDriftAssetsTracker.OnPostprocessAllAssets 0.222ms
			AssetReloadNotifier.OnPostprocessAllAssets 0.197ms
			SpeedTreePostProcessor.OnPostprocessAllAssets 0.188ms
			AudioContainerPostProcessor.OnPostprocessAllAssets 0.139ms
			SamplePostprocessor.OnPostprocessAllAssets 0.130ms
	GatherAllCurrentPrimaryImportResultRevisions: 0.885ms
	PersistCurrentRevisions: 0.346ms
	GenerateScriptTypeHashes: 5.278ms
	GenerateScriptTypeSerializationHashes: 9.102ms
	Untracked: 3152.307ms

Loaded scene 'Temp/__Backupscenes/0.backup'
	Deserialize:            35.029 ms
	Integration:            648.247 ms
	Integration of assets:  0.037 ms
	Thread Wait Time:       -0.027 ms
	Total Operation Time:   683.286 ms
[Licensing::Client] Successfully resolved entitlement details
[Licensing::Client] Successfully resolved entitlement details
[Licensing::Client] Successfully resolved entitlement details
Unloading 2 Unused Serialized files (Serialized files now loaded: 0)
Loaded scene 'Temp/__Backupscenes/0.backup'
	Deserialize:            59.677 ms
	Integration:            367.513 ms
	Integration of assets:  0.085 ms
	Thread Wait Time:       0.003 ms
	Total Operation Time:   427.278 ms
Unloading 21 unused Assets / (416.8 KB). Loaded Objects now: 9978.
Memory consumption went from 490.2 MB to 489.8 MB.
Total: 50.653046 ms (FindLiveObjects: 0.464330 ms CreateObjectMapping: 1.166315 ms MarkObjects: 48.196077 ms  DeleteObjects: 0.824002 ms)

[Licensing::Client] Successfully resolved entitlement details
[Licensing::Module] License group:
  Id: F4-M77M-HXW8-HJ67-XE8W-XXXX
  Product: Unity Personal
  Type: ULF
  Expiration: Unlimited
[Licensing::Module] License group:
  Id: 10170777712478-UnityPersXXXX
  Product: Unity Personal
  Type: Assigned
  Expiration: Unlimited
[ScriptCompilation] Requested script compilation because: AssetDatabase observed changes in script compilation related files
[Licensing::Client] Successfully resolved entitlement details
[Licensing::Module] License group:
  Id: F4-M77M-HXW8-HJ67-XE8W-XXXX
  Product: Unity Personal
  Type: ULF
  Expiration: Unlimited
[Licensing::Module] License group:
  Id: 10170777712478-UnityPersXXXX
  Product: Unity Personal
  Type: Assigned
  Expiration: Unlimited
info: Microsoft.AspNetCore.Hosting.Diagnostics[1]
      Request starting HTTP/2 POST http://ilpp/UnityILPP.PostProcessing/Ping - application/grpc -
info: Microsoft.AspNetCore.Routing.EndpointMiddleware[0]
      Executing endpoint 'gRPC - /UnityILPP.PostProcessing/Ping'
info: Microsoft.AspNetCore.Routing.EndpointMiddleware[1]
      Executed endpoint 'gRPC - /UnityILPP.PostProcessing/Ping'
info: Microsoft.AspNetCore.Hosting.Diagnostics[2]
      Request finished HTTP/2 POST http://ilpp/UnityILPP.PostProcessing/Ping - 200 - application/grpc 55.7737ms
Starting: /home/usio/Unity/Hub/Editor/6000.5.8f1/Data/Tools/BuildPipeline/bee_backend --ipc --defer-dag-verification --dagfile="Library/Bee/2400b0aE.dag" --continue-on-failure --profile="Library/Bee/backend1.traceevents" ScriptAssemblies
WorkingDir: /home/usio/Titan test
info: Microsoft.AspNetCore.Hosting.Diagnostics[1]
      Request starting HTTP/2 POST http://ilpp/UnityILPP.PostProcessing/ConfigurePostProcessors - application/grpc -
info: Microsoft.AspNetCore.Routing.EndpointMiddleware[0]
      Executing endpoint 'gRPC - /UnityILPP.PostProcessing/ConfigurePostProcessors'
info: Unity.ILPP.Runner.PostProcessingAssemblyLoadContext[0]
      Current configuration matches the requested one, skipping
info: Microsoft.AspNetCore.Routing.EndpointMiddleware[1]
      Executed endpoint 'gRPC - /UnityILPP.PostProcessing/ConfigurePostProcessors'
info: Microsoft.AspNetCore.Hosting.Diagnostics[2]
      Request finished HTTP/2 POST http://ilpp/UnityILPP.PostProcessing/ConfigurePostProcessors - 200 - application/grpc 8.4306ms
info: Microsoft.AspNetCore.Hosting.Diagnostics[1]
      Request starting HTTP/2 POST http://ilpp/UnityILPP.PostProcessing/PostProcessAssembly - application/grpc -
info: Microsoft.AspNetCore.Routing.EndpointMiddleware[0]
      Executing endpoint 'gRPC - /UnityILPP.PostProcessing/PostProcessAssembly'
info: Unity.ILPP.Runner.PostProcessingPipeline[0]
      Processing assembly Library/Bee/artifacts/2400b0aE.dag/Assembly-CSharp.dll, with 134 defines and 344 references
info: Unity.ILPP.Runner.PostProcessingPipeline[0]
      processors: Unity.Jobs.CodeGen.JobsILPostProcessor, zzzUnity.Burst.CodeGen.BurstILPostProcessor
info: Unity.ILPP.Runner.PostProcessingPipeline[0]
      running Unity.Jobs.CodeGen.JobsILPostProcessor
info: Unity.ILPP.Runner.PostProcessingPipeline[0]
      running zzzUnity.Burst.CodeGen.BurstILPostProcessor
info: Microsoft.AspNetCore.Routing.EndpointMiddleware[1]
      Executed endpoint 'gRPC - /UnityILPP.PostProcessing/PostProcessAssembly'
info: Microsoft.AspNetCore.Hosting.Diagnostics[2]
      Request finished HTTP/2 POST http://ilpp/UnityILPP.PostProcessing/PostProcessAssembly - 200 - application/grpc 153.8427ms
info: Microsoft.AspNetCore.Hosting.Diagnostics[1]
      Request starting HTTP/2 POST http://ilpp/UnityILPP.PostProcessing/PostProcessAssembly - application/grpc -
info: Microsoft.AspNetCore.Routing.EndpointMiddleware[0]
      Executing endpoint 'gRPC - /UnityILPP.PostProcessing/PostProcessAssembly'
info: Unity.ILPP.Runner.PostProcessingPipeline[0]
      Processing assembly Library/Bee/artifacts/2400b0aE.dag/Assembly-CSharp-Editor.dll, with 132 defines and 368 references
info: Unity.ILPP.Runner.PostProcessingPipeline[0]
      processors: Unity.Jobs.CodeGen.JobsILPostProcessor, zzzUnity.Burst.CodeGen.BurstILPostProcessor
info: Unity.ILPP.Runner.PostProcessingPipeline[0]
      running Unity.Jobs.CodeGen.JobsILPostProcessor
info: Unity.ILPP.Runner.PostProcessingPipeline[0]
      running zzzUnity.Burst.CodeGen.BurstILPostProcessor
info: Microsoft.AspNetCore.Routing.EndpointMiddleware[1]
      Executed endpoint 'gRPC - /UnityILPP.PostProcessing/PostProcessAssembly'
info: Microsoft.AspNetCore.Hosting.Diagnostics[2]
      Request finished HTTP/2 POST http://ilpp/UnityILPP.PostProcessing/PostProcessAssembly - 200 - application/grpc 59.6275ms
ExitCode: 0 Duration: 2s149ms
[715/937    0s] ILPP-Configuration Library/ilpp-configuration.nevergeneratedoutput
[929/937    1s] Csc Library/Bee/artifacts/2400b0aE.dag/Assembly-CSharp.dll (+2 others)
[930/937    0s] ILPostProcess Library/Bee/artifacts/2400b0aE.dag/post-processed/Assembly-CSharp.dll (+pdb)
Processing assembly Library/Bee/artifacts/2400b0aE.dag/Assembly-CSharp.dll, with 134 defines and 344 references
processors: Unity.Jobs.CodeGen.JobsILPostProcessor, zzzUnity.Burst.CodeGen.BurstILPostProcessor
running Unity.Jobs.CodeGen.JobsILPostProcessor
running zzzUnity.Burst.CodeGen.BurstILPostProcessor
[931/937    0s] CopyFiles Library/ScriptAssemblies/Assembly-CSharp.pdb
[932/937    0s] CopyFiles Library/ScriptAssemblies/Assembly-CSharp.dll
[933/937    0s] Csc Library/Bee/artifacts/2400b0aE.dag/Assembly-CSharp-Editor.dll (+2 others)
[934/937    0s] ILPostProcess Library/Bee/artifacts/2400b0aE.dag/post-processed/Assembly-CSharp-Editor.dll (+pdb)
Processing assembly Library/Bee/artifacts/2400b0aE.dag/Assembly-CSharp-Editor.dll, with 132 defines and 368 references
processors: Unity.Jobs.CodeGen.JobsILPostProcessor, zzzUnity.Burst.CodeGen.BurstILPostProcessor
running Unity.Jobs.CodeGen.JobsILPostProcessor
running zzzUnity.Burst.CodeGen.BurstILPostProcessor
[935/937    0s] CopyFiles Library/ScriptAssemblies/Assembly-CSharp-Editor.pdb
[936/937    0s] CopyFiles Library/ScriptAssemblies/Assembly-CSharp-Editor.dll
*** Tundra build success (2.06 seconds), 9 items updated, 937 evaluated
Reloading assemblies after forced synchronous recompile.
Begin MonoManager ReloadAssembly
Total cache size 172573348
Total cache size after purge 172573348, took 00:00:00.9584316
Assembly reference Packages/com.unity.cinemachine/Editor/Samples/ExposeHDRPInternals/HDRP-Editor-ref.asmref has no target assembly definition
Refreshing native plugins compatible for Editor in 17.33 ms, found 0 plugins.
Native extension for LinuxStandalone target not found
[MODES] ModeService[none].Initialize
[MODES] ModeService[none].LoadModes
ScheduleIndexationOnStartup MainProcess:True IndexOnStartup:True
Mono: successfully reloaded assembly
- Finished resetting the current domain, in  2.306 seconds
Domain Reload Profiling: 4289ms
	BeginReloadAssembly (1306ms)
		DisableScriptedObjects (350ms)
		CreateAndSetChildDomain (591ms)
	RebuildCommonClasses (16ms)
	RebuildNativeTypeToScriptingClass (12ms)
	initialDomainReloadingComplete (113ms)
	LoadAllAssembliesAndSetupDomain (535ms)
		LoadAssemblies (321ms)
		AnalyzeDomain (269ms)
			TypeCache.Refresh (20ms)
			BuildScriptInfoCaches (219ms)
			ResolveRequiredComponents (26ms)
	FinalizeReload (2307ms)
		SetupLoadedEditorAssemblies (0ms)
			InitializePlatformSupportModulesInManaged (3ms)
			BeforeProcessingInitializeOnLoad (393ms)
			ProcessInitializeOnLoadAttributes (480ms)
			ProcessInitializeOnLoadMethodAttributes (110ms)
			AfterProcessingInitializeOnLoad (3ms)
		AwakeInstancesAfterBackupRestoration (540ms)

Asset Pipeline Refresh (id=65e5014196f6b7d5f8ed331846e0abc3): Total: 8.663 seconds - Initiated by RefreshV2(AllowForceSynchronousImport)
	(Values over 0.05ms)
	Summary:
		Imports: total=0 (actual=0, local cache=0, cache server=0)
		Asset DB Process Time: managed=0 ms, native=3554 ms
		Asset DB Callback time: managed=109 ms, native=24 ms
		Scripting: domain reloads=1, domain reload time=2093 ms, compile time=2881 ms, other=0 ms
		Project Asset Count: scripts=1480, non-scripts=2685
		Asset File Changes: new=0, changed=1, moved=0, deleted=0
		Scan Filter Count: 1
	InvokePackagesCallback: 4.429ms
	ApplyChangesToAssetFolders: 0.874ms
	Scan: 974.425ms
	Collect global state as custom dependencies: 8.038ms
	OnSourceAssetsModified: 4.921ms
	CategorizeScriptCompilationAssets: 0.053ms
	ProcessAssetsWithTransientArtifactChanges: 10.661ms
	CategorizeAssets: 88.471ms
	CompileScripts: 2880.768ms
	ImportOutOfDateAssets: 2397.269ms (2348.024ms without children)
		CollectScriptTypesHashes: 11.880ms
		ReloadNativeAssets: 1.141ms
		UnloadImportedAssets: 0.377ms
		EnsureUptoDateAssetsAreRegisteredWithGuidPM: 0.767ms
		ImportSchedulerStart: 45.945ms
	PostProcessAllAssets: 108.205ms
		XRBuildSystem.XRAssetImported 0.970ms
		SpeedTreeImporter.PostprocessAllAssets 0.220ms
		PostProcessCallbackCreateDeferredMaterials 0.135ms
		MonoPostProcessAllAssets: 105.858ms
			SyncVS.PostprocessSyncProject 34.984ms
			UniversalRenderPipelineGlobalSettingsPostprocessor.OnPostprocessAllAssets 12.751ms
			AssetChangedListener.OnPostprocessAllAssets 7.635ms
			BuilderAssetPostprocessor.OnPostprocessAllAssets 7.388ms
			AssetPostprocessor.OnPostprocessAllAssets 4.533ms
			WindowAssetPostprocessingWatcher.OnPostprocessAllAssets 2.869ms
			SpeedTree9Postprocessor.OnPostprocessAllAssets 2.197ms
			MaterialPostprocessor.OnPostprocessAllAssets 1.839ms
			ShaderGraphAssetPostProcessor.OnPostprocessAllAssets 1.737ms
			RetainedModeAssetPostprocessor.OnPostprocessAllAssets 1.469ms
			EditModeScopePostprocessor.OnPostprocessAllAssets 1.350ms
			ProjectSettingsPostprocessor.OnPostprocessAllAssets 0.966ms
			RenderPipelineGlobalSettingsPostprocessor.OnPostprocessAllAssets 0.737ms
			TMPro_TexturePostProcessor.OnPostprocessAllAssets 0.734ms
			ArtifactBrowserPostProcessor.OnPostprocessAllAssets 0.653ms
			CinemachineSettings.OnPostprocessAllAssets 0.572ms
			UVCSAssetPostprocessor.OnPostprocessAllAssets 0.476ms
			TextAssetPostProcessor.OnPostprocessAllAssets 0.382ms
			SampleDependencyImporterPostProcessor.OnPostprocessAllAssets 0.380ms
			AudioMixerPostprocessor.OnPostprocessAllAssets 0.378ms
			InputActionAssetPostprocessor.OnPostprocessAllAssets 0.378ms
			ReferencedClipsPostProcessor.OnPostprocessAllAssets 0.363ms
			ShaderReflectionAssetPostProcessor.OnPostprocessAllAssets 0.343ms
			StyleCatalogPostProcessor.OnPostprocessAllAssets 0.325ms
			AssetEvents.OnPostprocessAllAssets 0.317ms
			InputActionJsonNameModifierAssetProcessor.OnPostprocessAllAssets 0.283ms
			DomainReloadProcessor.OnPostprocessAllAssets 0.268ms
			PostProcessor.OnPostprocessAllAssets 0.255ms
			ScenarioDriftAssetsTracker.OnPostprocessAllAssets 0.227ms
			ConfigAssetsTracker.OnPostprocessAllAssets 0.217ms
			AssetDatabaseCallbacks.OnPostprocessAllAssets 0.196ms
			SpeedTreePostProcessor.OnPostprocessAllAssets 0.166ms
			SamplePostprocessor.OnPostprocessAllAssets 0.165ms
			TerrainToolbarOverlayPostProcessor.OnPostprocessAllAssets 0.163ms
			AssetReloadNotifier.OnPostprocessAllAssets 0.152ms
			AudioContainerPostProcessor.OnPostprocessAllAssets 0.083ms
	PostAssetChangesProfiler: 17.228ms
	GatherAllCurrentPrimaryImportResultRevisions: 1.086ms
	UnloadStreamsBegin: 2.387ms
	PersistCurrentRevisions: 0.175ms
	GenerateScriptTypeHashes: 4.674ms
	GenerateScriptTypeSerializationHashes: 6.235ms
	Untracked: 2149.389ms

[Licensing::Client] Successfully resolved entitlement details
[Licensing::Client] Successfully resolved entitlement details
[Licensing::Client] Successfully resolved entitlement details
Reloading assemblies for play mode.
Reloading assemblies after forced synchronous recompile.
Begin MonoManager ReloadAssembly
Assembly reference Packages/com.unity.cinemachine/Editor/Samples/ExposeHDRPInternals/HDRP-Editor-ref.asmref has no target assembly definition
Native extension for LinuxStandalone target not found
ScheduleIndexationOnStartup MainProcess:True IndexOnStartup:True
[MODES] ModeService[none].Initialize
[MODES] ModeService[none].LoadModes
Mono: successfully reloaded assembly
- Finished resetting the current domain, in  2.094 seconds
Domain Reload Profiling: 3364ms
	BeginReloadAssembly (939ms)
		DisableScriptedObjects (127ms)
		CreateAndSetChildDomain (579ms)
	RebuildCommonClasses (21ms)
	RebuildNativeTypeToScriptingClass (15ms)
	initialDomainReloadingComplete (51ms)
	LoadAllAssembliesAndSetupDomain (243ms)
		LoadAssemblies (237ms)
		AnalyzeDomain (43ms)
			TypeCache.Refresh (12ms)
			ResolveRequiredComponents (25ms)
	FinalizeReload (2095ms)
		SetupLoadedEditorAssemblies (0ms)
			BeforeProcessingInitializeOnLoad (103ms)
			ProcessInitializeOnLoadAttributes (449ms)
			ProcessInitializeOnLoadMethodAttributes (111ms)
			AfterProcessingInitializeOnLoad (3ms)
		AwakeInstancesAfterBackupRestoration (690ms)

Asset Pipeline Refresh (id=9598fe0f98017937bbb5a486a248f8d9): Total: 3.659 seconds - Initiated by StopAssetImportingV2(ForceSynchronousImport | ForceDomainReload)
	(Values over 0.05ms)
	Summary:
		Imports: total=0 (actual=0, local cache=0, cache server=0)
		Asset DB Process Time: managed=0 ms, native=2280 ms
		Asset DB Callback time: managed=38 ms, native=0 ms
		Scripting: domain reloads=1, domain reload time=1338 ms, compile time=2 ms, other=0 ms
		Project Asset Count: scripts=1480, non-scripts=2685
		Asset File Changes: new=0, changed=0, moved=0, deleted=0
		Scan Filter Count: 0
	InvokePackagesCallback: 1.635ms
	ApplyChangesToAssetFolders: 0.457ms
	Collect global state as custom dependencies: 4.527ms
	ProcessAssetsWithTransientArtifactChanges: 0.339ms
	CategorizeAssets: 58.172ms
	CompileScripts: 1.529ms
	ImportOutOfDateAssets: 2149.964ms (2109.774ms without children)
		CollectScriptTypesHashes: 1.078ms
		ReloadNativeAssets: 1.057ms
		UnloadImportedAssets: 0.159ms
		EnsureUptoDateAssetsAreRegisteredWithGuidPM: 0.654ms
		ImportSchedulerStart: 38.288ms
	PostProcessAllAssets: 38.200ms
		MonoPostProcessAllAssets: 38.191ms
			UniversalRenderPipelineGlobalSettingsPostprocessor.OnPostprocessAllAssets 11.254ms
			SyncVS.PostprocessSyncProject 8.764ms
			AssetChangedListener.OnPostprocessAllAssets 7.635ms
			BuilderAssetPostprocessor.OnPostprocessAllAssets 7.388ms
			AssetPostprocessor.OnPostprocessAllAssets 4.533ms
			WindowAssetPostprocessingWatcher.OnPostprocessAllAssets 2.283ms
			MaterialPostprocessor.OnPostprocessAllAssets 1.839ms
			SpeedTree9Postprocessor.OnPostprocessAllAssets 1.819ms
			ShaderGraphAssetPostProcessor.OnPostprocessAllAssets 1.737ms
			RetainedModeAssetPostprocessor.OnPostprocessAllAssets 1.469ms
			RenderPipelineGlobalSettingsPostprocessor.OnPostprocessAllAssets 1.164ms
			ProjectSettingsPostprocessor.OnPostprocessAllAssets 0.751ms
			TMPro_TexturePostProcessor.OnPostprocessAllAssets 0.734ms
			ArtifactBrowserPostProcessor.OnPostprocessAllAssets 0.653ms
			UVCSAssetPostprocessor.OnPostprocessAllAssets 0.476ms
			TextAssetPostProcessor.OnPostprocessAllAssets 0.382ms
			SampleDependencyImporterPostProcessor.OnPostprocessAllAssets 0.380ms
			AudioMixerPostprocessor.OnPostprocessAllAssets 0.378ms
			ShaderReflectionAssetPostProcessor.OnPostprocessAllAssets 0.339ms
			CinemachineSettings.OnPostprocessAllAssets 0.329ms
			StyleCatalogPostProcessor.OnPostprocessAllAssets 0.325ms
			AssetEvents.OnPostprocessAllAssets 0.317ms
			EditModeScopePostprocessor.OnPostprocessAllAssets 0.297ms
			InputActionJsonNameModifierAssetProcessor.OnPostprocessAllAssets 0.283ms
			PostProcessor.OnPostprocessAllAssets 0.255ms
			InputActionAssetPostprocessor.OnPostprocessAllAssets 0.250ms
			ReferencedClipsPostProcessor.OnPostprocessAllAssets 0.244ms
			ScenarioDriftAssetsTracker.OnPostprocessAllAssets 0.227ms
			ConfigAssetsTracker.OnPostprocessAllAssets 0.217ms
			DomainReloadProcessor.OnPostprocessAllAssets 0.187ms
			SpeedTreePostProcessor.OnPostprocessAllAssets 0.166ms
			SamplePostprocessor.OnPostprocessAllAssets 0.165ms
			AssetReloadNotifier.OnPostprocessAllAssets 0.152ms
			AssetDatabaseCallbacks.OnPostprocessAllAssets 0.132ms
			TerrainToolbarOverlayPostProcessor.OnPostprocessAllAssets 0.129ms
			AudioContainerPostProcessor.OnPostprocessAllAssets 0.083ms
	GatherAllCurrentPrimaryImportResultRevisions: 2.144ms
	PersistCurrentRevisions: 0.191ms
	GenerateScriptTypeHashes: 3.118ms
	GenerateScriptTypeSerializationHashes: 5.253ms
	Untracked: 1399.100ms

Loaded scene 'Temp/__Backupscenes/0.backup'
	Deserialize:            31.308 ms
	Integration:            678.802 ms
	Integration of assets:  0.024 ms
	Thread Wait Time:       -0.013 ms
	Total Operation Time:   710.121 ms
[Licensing::Client] Successfully resolved entitlement details
[Licensing::Client] Successfully resolved entitlement details
[Licensing::Client] Successfully resolved entitlement details
Unloading 1 Unused Serialized files (Serialized files now loaded: 0)
Loaded scene 'Temp/__Backupscenes/0.backup'
	Deserialize:            58.552 ms
	Integration:            286.424 ms
	Integration of assets:  0.083 ms
	Thread Wait Time:       -0.008 ms
	Total Operation Time:   345.051 ms
Unloading 21 unused Assets / (487.4 KB). Loaded Objects now: 9974.
Memory consumption went from 484.4 MB to 483.9 MB.
Total: 47.482941 ms (FindLiveObjects: 0.607617 ms CreateObjectMapping: 1.492225 ms MarkObjects: 44.559497 ms  DeleteObjects: 0.820787 ms)

[Licensing::Client] Successfully resolved entitlement details
[Licensing::Module] License group:
  Id: F4-M77M-HXW8-HJ67-XE8W-XXXX
  Product: Unity Personal
  Type: ULF
  Expiration: Unlimited
[Licensing::Module] License group:
  Id: 10170777712478-UnityPersXXXX
  Product: Unity Personal
  Type: Assigned
  Expiration: Unlimited
[ScriptCompilation] Requested script compilation because: AssetDatabase observed changes in script compilation related files
AssetDatabase: script compilation time: 0.053886s
[Licensing::Client] Successfully resolved entitlement details
[Licensing::Module] License group:
  Id: F4-M77M-HXW8-HJ67-XE8W-XXXX
  Product: Unity Personal
  Type: ULF
  Expiration: Unlimited
[Licensing::Module] License group:
  Id: 10170777712478-UnityPersXXXX
  Product: Unity Personal
  Type: Assigned
  Expiration: Unlimited
info: Microsoft.AspNetCore.Hosting.Diagnostics[1]
      Request starting HTTP/2 POST http://ilpp/UnityILPP.PostProcessing/Ping - application/grpc -
info: Microsoft.AspNetCore.Routing.EndpointMiddleware[0]
      Executing endpoint 'gRPC - /UnityILPP.PostProcessing/Ping'
info: Microsoft.AspNetCore.Routing.EndpointMiddleware[1]
      Executed endpoint 'gRPC - /UnityILPP.PostProcessing/Ping'
info: Microsoft.AspNetCore.Hosting.Diagnostics[2]
      Request finished HTTP/2 POST http://ilpp/UnityILPP.PostProcessing/Ping - 200 - application/grpc 12.9860ms
Starting: /home/usio/Unity/Hub/Editor/6000.5.8f1/Data/Tools/BuildPipeline/bee_backend --ipc --defer-dag-verification --dagfile="Library/Bee/2400b0aE.dag" --continue-on-failure --profile="Library/Bee/backend1.traceevents" ScriptAssemblies
WorkingDir: /home/usio/Titan test
info: Microsoft.AspNetCore.Hosting.Diagnostics[1]
      Request starting HTTP/2 POST http://ilpp/UnityILPP.PostProcessing/ConfigurePostProcessors - application/grpc -
info: Microsoft.AspNetCore.Routing.EndpointMiddleware[0]
      Executing endpoint 'gRPC - /UnityILPP.PostProcessing/ConfigurePostProcessors'
info: Unity.ILPP.Runner.PostProcessingAssemblyLoadContext[0]
      Current configuration matches the requested one, skipping
info: Microsoft.AspNetCore.Routing.EndpointMiddleware[1]
      Executed endpoint 'gRPC - /UnityILPP.PostProcessing/ConfigurePostProcessors'
info: Microsoft.AspNetCore.Hosting.Diagnostics[2]
      Request finished HTTP/2 POST http://ilpp/UnityILPP.PostProcessing/ConfigurePostProcessors - 200 - application/grpc 3.1746ms
info: Microsoft.AspNetCore.Hosting.Diagnostics[1]
      Request starting HTTP/2 POST http://ilpp/UnityILPP.PostProcessing/PostProcessAssembly - application/grpc -
info: Microsoft.AspNetCore.Routing.EndpointMiddleware[0]
      Executing endpoint 'gRPC - /UnityILPP.PostProcessing/PostProcessAssembly'
info: Microsoft.AspNetCore.Hosting.Diagnostics[1]
      Request starting HTTP/2 POST http://ilpp/UnityILPP.PostProcessing/PostProcessAssembly - application/grpc -
info: Microsoft.AspNetCore.Routing.EndpointMiddleware[0]
      Executing endpoint 'gRPC - /UnityILPP.PostProcessing/PostProcessAssembly'
info: Unity.ILPP.Runner.PostProcessingPipeline[0]
      Processing assembly Library/Bee/artifacts/2400b0aE.dag/Assembly-CSharp.dll, with 134 defines and 344 references
info: Unity.ILPP.Runner.PostProcessingPipeline[0]
      Processing assembly Library/Bee/artifacts/2400b0aE.dag/Assembly-CSharp-Editor.dll, with 132 defines and 368 references
info: Unity.ILPP.Runner.PostProcessingPipeline[0]
      processors: Unity.Jobs.CodeGen.JobsILPostProcessor, zzzUnity.Burst.CodeGen.BurstILPostProcessor
info: Unity.ILPP.Runner.PostProcessingPipeline[0]
      processors: Unity.Jobs.CodeGen.JobsILPostProcessor, zzzUnity.Burst.CodeGen.BurstILPostProcessor
info: Unity.ILPP.Runner.PostProcessingPipeline[0]
      running Unity.Jobs.CodeGen.JobsILPostProcessor
info: Unity.ILPP.Runner.PostProcessingPipeline[0]
      running Unity.Jobs.CodeGen.JobsILPostProcessor
info: Unity.ILPP.Runner.PostProcessingPipeline[0]
      running zzzUnity.Burst.CodeGen.BurstILPostProcessor
info: Unity.ILPP.Runner.PostProcessingPipeline[0]
      running zzzUnity.Burst.CodeGen.BurstILPostProcessor
info: Microsoft.AspNetCore.Routing.EndpointMiddleware[1]
      Executed endpoint 'gRPC - /UnityILPP.PostProcessing/PostProcessAssembly'
info: Microsoft.AspNetCore.Hosting.Diagnostics[2]
      Request finished HTTP/2 POST http://ilpp/UnityILPP.PostProcessing/PostProcessAssembly - 200 - application/grpc 76.3336ms
info: Microsoft.AspNetCore.Routing.EndpointMiddleware[1]
      Executed endpoint 'gRPC - /UnityILPP.PostProcessing/PostProcessAssembly'
info: Microsoft.AspNetCore.Hosting.Diagnostics[2]
      Request finished HTTP/2 POST http://ilpp/UnityILPP.PostProcessing/PostProcessAssembly - 200 - application/grpc 112.0398ms
ExitCode: 0 Duration: 0s917ms
[715/937    0s] ILPP-Configuration Library/ilpp-configuration.nevergeneratedoutput
[929/937    0s] Csc Library/Bee/artifacts/2400b0aE.dag/Assembly-CSharp.dll (+2 others)
[931/937    0s] ILPostProcess Library/Bee/artifacts/2400b0aE.dag/post-processed/Assembly-CSharp-Editor.dll (+pdb)
Processing assembly Library/Bee/artifacts/2400b0aE.dag/Assembly-CSharp-Editor.dll, with 132 defines and 368 references
processors: Unity.Jobs.CodeGen.JobsILPostProcessor, zzzUnity.Burst.CodeGen.BurstILPostProcessor
running Unity.Jobs.CodeGen.JobsILPostProcessor
running zzzUnity.Burst.CodeGen.BurstILPostProcessor
[932/937    0s] ILPostProcess Library/Bee/artifacts/2400b0aE.dag/post-processed/Assembly-CSharp.dll (+pdb)
Processing assembly Library/Bee/artifacts/2400b0aE.dag/Assembly-CSharp.dll, with 134 defines and 344 references
processors: Unity.Jobs.CodeGen.JobsILPostProcessor, zzzUnity.Burst.CodeGen.BurstILPostProcessor
running Unity.Jobs.CodeGen.JobsILPostProcessor
running zzzUnity.Burst.CodeGen.BurstILPostProcessor
[935/937    0s] CopyFiles Library/ScriptAssemblies/Assembly-CSharp.dll
[936/937    0s] CopyFiles Library/ScriptAssemblies/Assembly-CSharp.pdb
*** Tundra build success (0.83 seconds), 6 items updated, 937 evaluated
Reloading assemblies after forced synchronous recompile.
Begin MonoManager ReloadAssembly
Total cache size 172573348
Total cache size after purge 172573348, took 00:00:00.8300638
Assembly reference Packages/com.unity.cinemachine/Editor/Samples/ExposeHDRPInternals/HDRP-Editor-ref.asmref has no target assembly definition
Native extension for LinuxStandalone target not found
[MODES] ModeService[none].Initialize
[MODES] ModeService[none].LoadModes
ScheduleIndexationOnStartup MainProcess:True IndexOnStartup:True
Mono: successfully reloaded assembly
- Finished resetting the current domain, in  2.277 seconds
Domain Reload Profiling: 5609ms
	BeginReloadAssembly (2471ms)
		DisableScriptedObjects (630ms)
		CreateAndSetChildDomain (1198ms)
	RebuildCommonClasses (16ms)
	RebuildNativeTypeToScriptingClass (12ms)
	initialDomainReloadingComplete (156ms)
	LoadAllAssembliesAndSetupDomain (676ms)
		LoadAssemblies (584ms)
		AnalyzeDomain (274ms)
			TypeCache.Refresh (25ms)
			BuildScriptInfoCaches (216ms)
			ResolveRequiredComponents (27ms)
	FinalizeReload (2279ms)
		SetupLoadedEditorAssemblies (0ms)
			InitializePlatformSupportModulesInManaged (3ms)
			BeforeProcessingInitializeOnLoad (379ms)
			ProcessInitializeOnLoadAttributes (475ms)
			ProcessInitializeOnLoadMethodAttributes (105ms)
			AfterProcessingInitializeOnLoad (3ms)
		AwakeInstancesAfterBackupRestoration (620ms)

Asset Pipeline Refresh (id=394a7a030fe5fcf0fa733cd0c5aaac5d): Total: 9.763 seconds - Initiated by RefreshV2(AllowForceSynchronousImport)
	(Values over 0.05ms)
	Summary:
		Imports: total=0 (actual=0, local cache=0, cache server=0)
		Asset DB Process Time: managed=0 ms, native=3851 ms
		Asset DB Callback time: managed=94 ms, native=9 ms
		Scripting: domain reloads=1, domain reload time=3702 ms, compile time=2102 ms, other=0 ms
		Project Asset Count: scripts=1480, non-scripts=2685
		Asset File Changes: new=0, changed=1, moved=0, deleted=0
		Scan Filter Count: 1
	InvokeCustomDependenciesCallbacks: 0.063ms
	InvokePackagesCallback: 4.568ms
	ApplyChangesToAssetFolders: 8.402ms
	Scan: 1025.356ms
	Collect global state as custom dependencies: 11.987ms
	OnSourceAssetsModified: 29.787ms
	CategorizeScriptCompilationAssets: 0.332ms
	ProcessAssetsWithTransientArtifactChanges: 12.615ms
	CategorizeAssets: 192.905ms
	CompileScripts: 2101.917ms
	ImportOutOfDateAssets: 2378.747ms (2312.899ms without children)
		CollectScriptTypesHashes: 15.556ms
		ReloadNativeAssets: 2.268ms
		UnloadImportedAssets: 0.374ms
		EnsureUptoDateAssetsAreRegisteredWithGuidPM: 0.953ms
		ImportSchedulerStart: 62.151ms
	PostProcessAllAssets: 67.392ms
		XRBuildSystem.XRAssetImported 0.821ms
		PostProcessCallbackCreateDeferredMaterials 0.385ms
		ShaderAssetModifiedCallback 0.123ms
		MonoPostProcessAllAssets: 64.867ms
			UniversalRenderPipelineGlobalSettingsPostprocessor.OnPostprocessAllAssets 10.152ms
			SyncVS.PostprocessSyncProject 7.484ms
			BuilderAssetPostprocessor.OnPostprocessAllAssets 6.898ms
			AssetChangedListener.OnPostprocessAllAssets 5.410ms
			AssetPostprocessor.OnPostprocessAllAssets 3.956ms
			WindowAssetPostprocessingWatcher.OnPostprocessAllAssets 2.176ms
			SpeedTree9Postprocessor.OnPostprocessAllAssets 1.935ms
			ShaderGraphAssetPostProcessor.OnPostprocessAllAssets 1.608ms
			RetainedModeAssetPostprocessor.OnPostprocessAllAssets 1.242ms
			EditModeScopePostprocessor.OnPostprocessAllAssets 1.131ms
			MaterialPostprocessor.OnPostprocessAllAssets 0.809ms
			ProjectSettingsPostprocessor.OnPostprocessAllAssets 0.797ms
			RenderPipelineGlobalSettingsPostprocessor.OnPostprocessAllAssets 0.628ms
			TMPro_TexturePostProcessor.OnPostprocessAllAssets 0.615ms
			ArtifactBrowserPostProcessor.OnPostprocessAllAssets 0.569ms
			UVCSAssetPostprocessor.OnPostprocessAllAssets 0.358ms
			CinemachineSettings.OnPostprocessAllAssets 0.335ms
			ShaderReflectionAssetPostProcessor.OnPostprocessAllAssets 0.327ms
			TextAssetPostProcessor.OnPostprocessAllAssets 0.326ms
			InputActionAssetPostprocessor.OnPostprocessAllAssets 0.317ms
			AudioMixerPostprocessor.OnPostprocessAllAssets 0.303ms
			SampleDependencyImporterPostProcessor.OnPostprocessAllAssets 0.303ms
			InputActionJsonNameModifierAssetProcessor.OnPostprocessAllAssets 0.246ms
			AssetEvents.OnPostprocessAllAssets 0.228ms
			ReferencedClipsPostProcessor.OnPostprocessAllAssets 0.228ms
			PostProcessor.OnPostprocessAllAssets 0.210ms
			DomainReloadProcessor.OnPostprocessAllAssets 0.209ms
			StyleCatalogPostProcessor.OnPostprocessAllAssets 0.185ms
			SpeedTreePostProcessor.OnPostprocessAllAssets 0.169ms
			AssetDatabaseCallbacks.OnPostprocessAllAssets 0.151ms
			TerrainToolbarOverlayPostProcessor.OnPostprocessAllAssets 0.149ms
			ConfigAssetsTracker.OnPostprocessAllAssets 0.126ms
			ScenarioDriftAssetsTracker.OnPostprocessAllAssets 0.114ms
			SamplePostprocessor.OnPostprocessAllAssets 0.113ms
			AssetReloadNotifier.OnPostprocessAllAssets 0.108ms
			AudioContainerPostProcessor.OnPostprocessAllAssets 0.065ms
	PostAssetChangesProfiler: 3.829ms
	GatherAllCurrentPrimaryImportResultRevisions: 7.208ms
	UnloadStreamsBegin: 9.439ms
	PersistCurrentRevisions: 0.241ms
	GenerateScriptTypeHashes: 6.521ms
	GenerateScriptTypeSerializationHashes: 11.380ms
	Untracked: 3888.935ms

[Licensing::Client] Successfully resolved entitlement details
[Licensing::Client] Successfully resolved entitlement details
[Licensing::Client] Successfully resolved entitlement details
GLX Extensions: GLX_ARB_context_flush_control GLX_ARB_create_context GLX_ARB_create_context_no_error GLX_ARB_create_context_profile GLX_ARB_create_context_robustness GLX_ARB_fbconfig_float GLX_ARB_framebuffer_sRGB GLX_ARB_get_proc_address GLX_ARB_multisample GLX_EXT_buffer_age GLX_EXT_create_context_es2_profile GLX_EXT_create_context_es_profile GLX_EXT_fbconfig_packed_float GLX_EXT_framebuffer_sRGB GLX_EXT_no_config_context GLX_EXT_swap_control GLX_EXT_swap_control_tear GLX_EXT_texture_from_pixmap GLX_EXT_visual_info GLX_EXT_visual_rating GLX_MESA_copy_sub_buffer GLX_MESA_gl_interop GLX_MESA_query_renderer GLX_MESA_swap_control GLX_OML_sync_control GLX_SGIS_multisample GLX_SGIX_fbconfig GLX_SGIX_pbuffer GLX_SGIX_visual_select_group GLX_SGI_make_current_read GLX_SGI_video_sync 
Reloading assemblies for play mode.
Reloading assemblies after forced synchronous recompile.
Begin MonoManager ReloadAssembly
Assembly reference Packages/com.unity.cinemachine/Editor/Samples/ExposeHDRPInternals/HDRP-Editor-ref.asmref has no target assembly definition
Refreshing native plugins compatible for Editor in 2.03 ms, found 0 plugins.
Native extension for LinuxStandalone target not found
ScheduleIndexationOnStartup MainProcess:True IndexOnStartup:True
[MODES] ModeService[none].Initialize
[MODES] ModeService[none].LoadModes
Mono: successfully reloaded assembly
- Finished resetting the current domain, in  2.190 seconds
Domain Reload Profiling: 4358ms
	BeginReloadAssembly (1629ms)
		DisableScriptedObjects (228ms)
		CreateAndSetChildDomain (1074ms)
	RebuildCommonClasses (15ms)
	RebuildNativeTypeToScriptingClass (12ms)
	initialDomainReloadingComplete (140ms)
	LoadAllAssembliesAndSetupDomain (368ms)
		LoadAssemblies (383ms)
		AnalyzeDomain (46ms)
			TypeCache.Refresh (11ms)
			ResolveRequiredComponents (27ms)
	FinalizeReload (2193ms)
		SetupLoadedEditorAssemblies (0ms)
			BeforeProcessingInitializeOnLoad (97ms)
			ProcessInitializeOnLoadAttributes (382ms)
			ProcessInitializeOnLoadMethodAttributes (127ms)
			AfterProcessingInitializeOnLoad (3ms)
		AwakeInstancesAfterBackupRestoration (732ms)

Asset Pipeline Refresh (id=8b3e1fb319fec3e2ab41a4f45660ce81): Total: 5.008 seconds - Initiated by StopAssetImportingV2(ForceSynchronousImport | ForceDomainReload)
	(Values over 0.05ms)
	Summary:
		Imports: total=0 (actual=0, local cache=0, cache server=0)
		Asset DB Process Time: managed=0 ms, native=2436 ms
		Asset DB Callback time: managed=133 ms, native=0 ms
		Scripting: domain reloads=1, domain reload time=2431 ms, compile time=5 ms, other=0 ms
		Project Asset Count: scripts=1480, non-scripts=2685
		Asset File Changes: new=0, changed=0, moved=0, deleted=0
		Scan Filter Count: 0
	InvokePackagesCallback: 1.595ms
	ApplyChangesToAssetFolders: 0.519ms
	Collect global state as custom dependencies: 2.945ms
	ProcessAssetsWithTransientArtifactChanges: 1.613ms
	CategorizeAssets: 84.993ms
	CompileScripts: 5.096ms
	ImportOutOfDateAssets: 2257.978ms (2221.504ms without children)
		CollectScriptTypesHashes: 1.700ms
		ReloadNativeAssets: 1.174ms
		UnloadImportedAssets: 0.133ms
		EnsureUptoDateAssetsAreRegisteredWithGuidPM: 0.663ms
		ImportSchedulerStart: 34.450ms
	PostProcessAllAssets: 134.102ms
		MonoPostProcessAllAssets: 133.560ms
			SyncVS.PostprocessSyncProject 101.567ms
			UniversalRenderPipelineGlobalSettingsPostprocessor.OnPostprocessAllAssets 11.735ms
			BuilderAssetPostprocessor.OnPostprocessAllAssets 6.898ms
			AssetChangedListener.OnPostprocessAllAssets 5.410ms
			AssetPostprocessor.OnPostprocessAllAssets 3.956ms
			WindowAssetPostprocessingWatcher.OnPostprocessAllAssets 2.045ms
			RenderPipelineGlobalSettingsPostprocessor.OnPostprocessAllAssets 2.009ms
			ShaderGraphAssetPostProcessor.OnPostprocessAllAssets 1.608ms
			SpeedTree9Postprocessor.OnPostprocessAllAssets 1.557ms
			RetainedModeAssetPostprocessor.OnPostprocessAllAssets 1.242ms
			MaterialPostprocessor.OnPostprocessAllAssets 0.809ms
			ProjectSettingsPostprocessor.OnPostprocessAllAssets 0.646ms
			TMPro_TexturePostProcessor.OnPostprocessAllAssets 0.615ms
			ArtifactBrowserPostProcessor.OnPostprocessAllAssets 0.569ms
			ReferencedClipsPostProcessor.OnPostprocessAllAssets 0.381ms
			UVCSAssetPostprocessor.OnPostprocessAllAssets 0.358ms
			TextAssetPostProcessor.OnPostprocessAllAssets 0.326ms
			AudioMixerPostprocessor.OnPostprocessAllAssets 0.303ms
			SampleDependencyImporterPostProcessor.OnPostprocessAllAssets 0.303ms
			CinemachineSettings.OnPostprocessAllAssets 0.301ms
			ShaderReflectionAssetPostProcessor.OnPostprocessAllAssets 0.296ms
			EditModeScopePostprocessor.OnPostprocessAllAssets 0.265ms
			InputActionJsonNameModifierAssetProcessor.OnPostprocessAllAssets 0.246ms
			AssetEvents.OnPostprocessAllAssets 0.228ms
			InputActionAssetPostprocessor.OnPostprocessAllAssets 0.221ms
			PostProcessor.OnPostprocessAllAssets 0.210ms
			StyleCatalogPostProcessor.OnPostprocessAllAssets 0.185ms
			AssetDatabaseCallbacks.OnPostprocessAllAssets 0.184ms
			SpeedTreePostProcessor.OnPostprocessAllAssets 0.169ms
			DomainReloadProcessor.OnPostprocessAllAssets 0.165ms
			ConfigAssetsTracker.OnPostprocessAllAssets 0.126ms
			TerrainToolbarOverlayPostProcessor.OnPostprocessAllAssets 0.118ms
			ScenarioDriftAssetsTracker.OnPostprocessAllAssets 0.114ms
			SamplePostprocessor.OnPostprocessAllAssets 0.113ms
			AssetReloadNotifier.OnPostprocessAllAssets 0.108ms
			AudioContainerPostProcessor.OnPostprocessAllAssets 0.065ms
	GatherAllCurrentPrimaryImportResultRevisions: 1.180ms
	PersistCurrentRevisions: 0.171ms
	GenerateScriptTypeHashes: 4.758ms
	GenerateScriptTypeSerializationHashes: 8.279ms
	Untracked: 2514.115ms

Loaded scene 'Temp/__Backupscenes/0.backup'
	Deserialize:            30.124 ms
	Integration:            631.023 ms
	Integration of assets:  0.038 ms
	Thread Wait Time:       0.002 ms
	Total Operation Time:   661.187 ms
[Licensing::Client] Successfully resolved entitlement details
[Licensing::Client] Successfully resolved entitlement details
[Licensing::Client] Successfully resolved entitlement details
hurtbox
UnityEngine.Debug:ExtractStackTraceNoAlloc (byte*,int,string)
UnityEngine.StackTraceUtility:ExtractStackTrace () (at /home/bokken/build/output/unity/unity/Runtime/Export/Scripting/StackTrace.cs:35)
UnityEngine.DebugLogHandler:Internal_Log (UnityEngine.LogType,UnityEngine.LogOption,string,UnityEngine.Object)
UnityEngine.DebugLogHandler:LogFormat (UnityEngine.LogType,UnityEngine.Object,string,object[])
UnityEngine.Logger:Log (UnityEngine.LogType,object)
UnityEngine.Debug:Log (object)
HitBox:OnTriggerEnter (UnityEngine.Collider) (at Assets/Scripts/HitBox.cs:12)

(Filename: Assets/Scripts/HitBox.cs Line: 12)

hurtbox
UnityEngine.Debug:ExtractStackTraceNoAlloc (byte*,int,string)
UnityEngine.StackTraceUtility:ExtractStackTrace () (at /home/bokken/build/output/unity/unity/Runtime/Export/Scripting/StackTrace.cs:35)
UnityEngine.DebugLogHandler:Internal_Log (UnityEngine.LogType,UnityEngine.LogOption,string,UnityEngine.Object)
UnityEngine.DebugLogHandler:LogFormat (UnityEngine.LogType,UnityEngine.Object,string,object[])
UnityEngine.Logger:Log (UnityEngine.LogType,object)
UnityEngine.Debug:Log (object)
HitBox:OnTriggerEnter (UnityEngine.Collider) (at Assets/Scripts/HitBox.cs:13)

(Filename: Assets/Scripts/HitBox.cs Line: 13)

 Took 7 damage.
UnityEngine.Debug:ExtractStackTraceNoAlloc (byte*,int,string)
UnityEngine.StackTraceUtility:ExtractStackTrace () (at /home/bokken/build/output/unity/unity/Runtime/Export/Scripting/StackTrace.cs:35)
UnityEngine.DebugLogHandler:Internal_Log (UnityEngine.LogType,UnityEngine.LogOption,string,UnityEngine.Object)
UnityEngine.DebugLogHandler:LogFormat (UnityEngine.LogType,UnityEngine.Object,string,object[])
UnityEngine.Logger:Log (UnityEngine.LogType,object)
UnityEngine.Debug:Log (object)
HurtBox:TakeDamage (int) (at Assets/Scripts/HurtBox.cs:7)
HitBox:OnTriggerEnter (UnityEngine.Collider) (at Assets/Scripts/HitBox.cs:17)

(Filename: Assets/Scripts/HurtBox.cs Line: 7)

Unloading 1 Unused Serialized files (Serialized files now loaded: 0)
Loaded scene 'Temp/__Backupscenes/0.backup'
	Deserialize:            55.318 ms
	Integration:            304.508 ms
	Integration of assets:  0.076 ms
	Thread Wait Time:       -0.014 ms
	Total Operation Time:   359.888 ms
Unloading 21 unused Assets / (365.0 KB). Loaded Objects now: 9978.
Memory consumption went from 486.3 MB to 486.0 MB.
Total: 51.767629 ms (FindLiveObjects: 0.635851 ms CreateObjectMapping: 1.558185 ms MarkObjects: 48.747127 ms  DeleteObjects: 0.817803 ms)

[Licensing::Client] Successfully resolved entitlement details
[Licensing::Module] License group:
  Id: F4-M77M-HXW8-HJ67-XE8W-XXXX
  Product: Unity Personal
  Type: ULF
  Expiration: Unlimited
[Licensing::Module] License group:
  Id: 10170777712478-UnityPersXXXX
  Product: Unity Personal
  Type: Assigned
  Expiration: Unlimited
[ScriptCompilation] Requested script compilation because: AssetDatabase observed changes in script compilation related files
info: Microsoft.AspNetCore.Hosting.Diagnostics[1]
      Request starting HTTP/2 POST http://ilpp/UnityILPP.PostProcessing/Ping - application/grpc -
info: Microsoft.AspNetCore.Routing.EndpointMiddleware[0]
      Executing endpoint 'gRPC - /UnityILPP.PostProcessing/Ping'
info: Microsoft.AspNetCore.Routing.EndpointMiddleware[1]
      Executed endpoint 'gRPC - /UnityILPP.PostProcessing/Ping'
info: Microsoft.AspNetCore.Hosting.Diagnostics[2]
      Request finished HTTP/2 POST http://ilpp/UnityILPP.PostProcessing/Ping - 200 - application/grpc 12.4205ms
Starting: /home/usio/Unity/Hub/Editor/6000.5.8f1/Data/Tools/BuildPipeline/bee_backend --ipc --defer-dag-verification --dagfile="Library/Bee/2400b0aE.dag" --continue-on-failure --profile="Library/Bee/backend1.traceevents" ScriptAssemblies
WorkingDir: /home/usio/Titan test
info: Microsoft.AspNetCore.Hosting.Diagnostics[1]
      Request starting HTTP/2 POST http://ilpp/UnityILPP.PostProcessing/ConfigurePostProcessors - application/grpc -
info: Microsoft.AspNetCore.Routing.EndpointMiddleware[0]
      Executing endpoint 'gRPC - /UnityILPP.PostProcessing/ConfigurePostProcessors'
info: Unity.ILPP.Runner.PostProcessingAssemblyLoadContext[0]
      Current configuration matches the requested one, skipping
info: Microsoft.AspNetCore.Routing.EndpointMiddleware[1]
      Executed endpoint 'gRPC - /UnityILPP.PostProcessing/ConfigurePostProcessors'
info: Microsoft.AspNetCore.Hosting.Diagnostics[2]
      Request finished HTTP/2 POST http://ilpp/UnityILPP.PostProcessing/ConfigurePostProcessors - 200 - application/grpc 4.7194ms
info: Microsoft.AspNetCore.Hosting.Diagnostics[1]
      Request starting HTTP/2 POST http://ilpp/UnityILPP.PostProcessing/PostProcessAssembly - application/grpc -
info: Microsoft.AspNetCore.Routing.EndpointMiddleware[0]
      Executing endpoint 'gRPC - /UnityILPP.PostProcessing/PostProcessAssembly'
info: Unity.ILPP.Runner.PostProcessingPipeline[0]
      Processing assembly Library/Bee/artifacts/2400b0aE.dag/Assembly-CSharp.dll, with 134 defines and 344 references
info: Unity.ILPP.Runner.PostProcessingPipeline[0]
      processors: Unity.Jobs.CodeGen.JobsILPostProcessor, zzzUnity.Burst.CodeGen.BurstILPostProcessor
info: Unity.ILPP.Runner.PostProcessingPipeline[0]
      running Unity.Jobs.CodeGen.JobsILPostProcessor
info: Unity.ILPP.Runner.PostProcessingPipeline[0]
      running zzzUnity.Burst.CodeGen.BurstILPostProcessor
info: Microsoft.AspNetCore.Routing.EndpointMiddleware[1]
      Executed endpoint 'gRPC - /UnityILPP.PostProcessing/PostProcessAssembly'
info: Microsoft.AspNetCore.Hosting.Diagnostics[2]
      Request finished HTTP/2 POST http://ilpp/UnityILPP.PostProcessing/PostProcessAssembly - 200 - application/grpc 128.1810ms
info: Microsoft.AspNetCore.Hosting.Diagnostics[1]
      Request starting HTTP/2 POST http://ilpp/UnityILPP.PostProcessing/PostProcessAssembly - application/grpc -
info: Microsoft.AspNetCore.Routing.EndpointMiddleware[0]
      Executing endpoint 'gRPC - /UnityILPP.PostProcessing/PostProcessAssembly'
info: Unity.ILPP.Runner.PostProcessingPipeline[0]
      Processing assembly Library/Bee/artifacts/2400b0aE.dag/Assembly-CSharp-Editor.dll, with 132 defines and 368 references
info: Unity.ILPP.Runner.PostProcessingPipeline[0]
      processors: Unity.Jobs.CodeGen.JobsILPostProcessor, zzzUnity.Burst.CodeGen.BurstILPostProcessor
info: Unity.ILPP.Runner.PostProcessingPipeline[0]
      running Unity.Jobs.CodeGen.JobsILPostProcessor
info: Unity.ILPP.Runner.PostProcessingPipeline[0]
      running zzzUnity.Burst.CodeGen.BurstILPostProcessor
info: Microsoft.AspNetCore.Routing.EndpointMiddleware[1]
      Executed endpoint 'gRPC - /UnityILPP.PostProcessing/PostProcessAssembly'
info: Microsoft.AspNetCore.Hosting.Diagnostics[2]
      Request finished HTTP/2 POST http://ilpp/UnityILPP.PostProcessing/PostProcessAssembly - 200 - application/grpc 48.1776ms
ExitCode: 0 Duration: 1s338ms
[715/937    0s] ILPP-Configuration Library/ilpp-configuration.nevergeneratedoutput
[929/937    0s] Csc Library/Bee/artifacts/2400b0aE.dag/Assembly-CSharp.dll (+2 others)
[930/937    0s] ILPostProcess Library/Bee/artifacts/2400b0aE.dag/post-processed/Assembly-CSharp.dll (+pdb)
Processing assembly Library/Bee/artifacts/2400b0aE.dag/Assembly-CSharp.dll, with 134 defines and 344 references
processors: Unity.Jobs.CodeGen.JobsILPostProcessor, zzzUnity.Burst.CodeGen.BurstILPostProcessor
running Unity.Jobs.CodeGen.JobsILPostProcessor
running zzzUnity.Burst.CodeGen.BurstILPostProcessor
[931/937    0s] CopyFiles Library/ScriptAssemblies/Assembly-CSharp.dll
[932/937    0s] CopyFiles Library/ScriptAssemblies/Assembly-CSharp.pdb
[933/937    0s] Csc Library/Bee/artifacts/2400b0aE.dag/Assembly-CSharp-Editor.dll (+2 others)
[934/937    0s] ILPostProcess Library/Bee/artifacts/2400b0aE.dag/post-processed/Assembly-CSharp-Editor.dll (+pdb)
Processing assembly Library/Bee/artifacts/2400b0aE.dag/Assembly-CSharp-Editor.dll, with 132 defines and 368 references
processors: Unity.Jobs.CodeGen.JobsILPostProcessor, zzzUnity.Burst.CodeGen.BurstILPostProcessor
running Unity.Jobs.CodeGen.JobsILPostProcessor
running zzzUnity.Burst.CodeGen.BurstILPostProcessor
[935/937    0s] CopyFiles Library/ScriptAssemblies/Assembly-CSharp-Editor.pdb
[936/937    0s] CopyFiles Library/ScriptAssemblies/Assembly-CSharp-Editor.dll
*** Tundra build success (1.25 seconds), 9 items updated, 937 evaluated
Reloading assemblies after forced synchronous recompile.
Begin MonoManager ReloadAssembly
Total cache size 172573348
Total cache size after purge 172573348, took 00:00:01.7077200
Assembly reference Packages/com.unity.cinemachine/Editor/Samples/ExposeHDRPInternals/HDRP-Editor-ref.asmref has no target assembly definition
Native extension for LinuxStandalone target not found
[MODES] ModeService[none].Initialize
[MODES] ModeService[none].LoadModes
ScheduleIndexationOnStartup MainProcess:True IndexOnStartup:True
Mono: successfully reloaded assembly
- Finished resetting the current domain, in  3.741 seconds
Domain Reload Profiling: 7559ms
	BeginReloadAssembly (2210ms)
		DisableScriptedObjects (148ms)
		CreateAndSetChildDomain (827ms)
	RebuildCommonClasses (27ms)
	RebuildNativeTypeToScriptingClass (25ms)
	initialDomainReloadingComplete (288ms)
	LoadAllAssembliesAndSetupDomain (1261ms)
		LoadAssemblies (1001ms)
		AnalyzeDomain (481ms)
			TypeCache.Refresh (42ms)
			BuildScriptInfoCaches (408ms)
			ResolveRequiredComponents (26ms)
	FinalizeReload (3748ms)
		SetupLoadedEditorAssemblies (0ms)
			InitializePlatformSupportModulesInManaged (3ms)
			BeforeProcessingInitializeOnLoad (341ms)
			ProcessInitializeOnLoadAttributes (411ms)
			ProcessInitializeOnLoadMethodAttributes (115ms)
			AfterProcessingInitializeOnLoad (3ms)
		AwakeInstancesAfterBackupRestoration (483ms)

Asset Pipeline Refresh (id=e53f9704ab7dc9b80ba1eb9648181120): Total: 11.645 seconds - Initiated by RefreshV2(AllowForceSynchronousImport)
	(Values over 0.05ms)
	Summary:
		Imports: total=0 (actual=0, local cache=0, cache server=0)
		Asset DB Process Time: managed=0 ms, native=5601 ms
		Asset DB Callback time: managed=68 ms, native=6 ms
		Scripting: domain reloads=1, domain reload time=4121 ms, compile time=1847 ms, other=0 ms
		Project Asset Count: scripts=1480, non-scripts=2685
		Asset File Changes: new=0, changed=1, moved=0, deleted=0
		Scan Filter Count: 1
	InvokePackagesCallback: 0.910ms
	ApplyChangesToAssetFolders: 1.276ms
	Scan: 1510.097ms
	Collect global state as custom dependencies: 21.196ms
	OnSourceAssetsModified: 1.955ms
	CategorizeScriptCompilationAssets: 0.053ms
	ProcessAssetsWithTransientArtifactChanges: 20.504ms
	CategorizeAssets: 104.692ms
	CompileScripts: 1846.999ms
	ImportOutOfDateAssets: 3809.630ms (3772.130ms without children)
		CollectScriptTypesHashes: 1.966ms
		ReloadNativeAssets: 0.918ms
		UnloadImportedAssets: 0.631ms
		EnsureUptoDateAssetsAreRegisteredWithGuidPM: 1.169ms
		ImportSchedulerStart: 34.694ms
	PostProcessAllAssets: 68.903ms
		XRBuildSystem.XRAssetImported 0.547ms
		PostProcessCallbackCreateDeferredMaterials 0.237ms
		ShaderAssetModifiedCallback 0.154ms
		MonoPostProcessAllAssets: 66.692ms
			UniversalRenderPipelineGlobalSettingsPostprocessor.OnPostprocessAllAssets 13.207ms
			SyncVS.PostprocessSyncProject 8.115ms
			AssetChangedListener.OnPostprocessAllAssets 7.036ms
			BuilderAssetPostprocessor.OnPostprocessAllAssets 6.853ms
			AssetPostprocessor.OnPostprocessAllAssets 4.391ms
			SpeedTree9Postprocessor.OnPostprocessAllAssets 1.921ms
			WindowAssetPostprocessingWatcher.OnPostprocessAllAssets 1.914ms
			ShaderGraphAssetPostProcessor.OnPostprocessAllAssets 1.903ms
			RetainedModeAssetPostprocessor.OnPostprocessAllAssets 1.630ms
			EditModeScopePostprocessor.OnPostprocessAllAssets 0.922ms
			ArtifactBrowserPostProcessor.OnPostprocessAllAssets 0.840ms
			ProjectSettingsPostprocessor.OnPostprocessAllAssets 0.750ms
			MaterialPostprocessor.OnPostprocessAllAssets 0.704ms
			RenderPipelineGlobalSettingsPostprocessor.OnPostprocessAllAssets 0.666ms
			TMPro_TexturePostProcessor.OnPostprocessAllAssets 0.517ms
			ShaderReflectionAssetPostProcessor.OnPostprocessAllAssets 0.474ms
			AudioMixerPostprocessor.OnPostprocessAllAssets 0.353ms
			InputActionAssetPostprocessor.OnPostprocessAllAssets 0.353ms
			PostProcessor.OnPostprocessAllAssets 0.348ms
			UVCSAssetPostprocessor.OnPostprocessAllAssets 0.323ms
			TextAssetPostProcessor.OnPostprocessAllAssets 0.319ms
			CinemachineSettings.OnPostprocessAllAssets 0.289ms
			AssetEvents.OnPostprocessAllAssets 0.254ms
			ReferencedClipsPostProcessor.OnPostprocessAllAssets 0.249ms
			SampleDependencyImporterPostProcessor.OnPostprocessAllAssets 0.246ms
			InputActionJsonNameModifierAssetProcessor.OnPostprocessAllAssets 0.230ms
			StyleCatalogPostProcessor.OnPostprocessAllAssets 0.209ms
			DomainReloadProcessor.OnPostprocessAllAssets 0.184ms
			SpeedTreePostProcessor.OnPostprocessAllAssets 0.160ms
			TerrainToolbarOverlayPostProcessor.OnPostprocessAllAssets 0.148ms
			SamplePostprocessor.OnPostprocessAllAssets 0.135ms
			AssetDatabaseCallbacks.OnPostprocessAllAssets 0.121ms
			ConfigAssetsTracker.OnPostprocessAllAssets 0.119ms
			AssetReloadNotifier.OnPostprocessAllAssets 0.093ms
			ScenarioDriftAssetsTracker.OnPostprocessAllAssets 0.088ms
			AudioContainerPostProcessor.OnPostprocessAllAssets 0.076ms
	PostAssetChangesProfiler: 3.840ms
	GatherAllCurrentPrimaryImportResultRevisions: 2.497ms
	UnloadStreamsBegin: 0.612ms
	PersistCurrentRevisions: 0.155ms
	GenerateScriptTypeHashes: 3.486ms
	GenerateScriptTypeSerializationHashes: 5.808ms
	Untracked: 4242.289ms

[Licensing::Client] Successfully resolved entitlement details
[Licensing::Client] Successfully resolved entitlement details
[Licensing::Client] Successfully resolved entitlement details
Importing 'GUID: 99c9720ab356a0642a771bea13969a05 - Path: Assets/Scenes/SampleScene.unity' with importer (DefaultImporter)
Imported 'GUID: 99c9720ab356a0642a771bea13969a05' -> (Import Result ID: 'ca65fa6307a1a2a2ad45c1567e25e139') in 0.028 seconds [static dependencies only]. Details - ImportResultOutputID=378ca25c6c95e370f41ed482e616ed68 DependenciesID=02269752447638c10265a2698ac16939 StaticDependenciesID=a9bf9b945c31b87e12fd5badaaf35fb2 
Refreshing native plugins compatible for Editor in 2.58 ms, found 0 plugins.
Asset Pipeline Refresh (id=6353b88ae62648b01a4ce6e0a728feda): Total: 0.262 seconds - Initiated by StopAssetImportingV2(NoUpdateAssetOptions)
MonoPathRemapper: Attempts to remap: 166013; Successful remaps: 42
Serialized file version minimum: 22, current 23
[LAYOUT] About to save layout /home/usio/Titan test/UserSettings/Layouts/default-6000.dwlt
[LAYOUT] About to save layout /home/usio/.config/unity3d/Preferences/Editor-5.x/Layouts/current/default-6000.dwlt
Shutting down MSBuild server...
Shutting down VB/C# compiler server...
VB/C# compiler server shut down successfully.
MSBuild server shut down successfully.
[Physics::Module] Cleanup current backend.
[Physics::Module] Id: 0xf2b8ea05
Input System module state changed to: ShutdownInProgress.
Input Polling Thread exited.
Input System module state changed to: Shutdown.
[Licensing::IpcConnector] LicenseClient-usio-6000.5.8-notifications channel disconnected successfully.
[Licensing::IpcConnector] LicenseClient-usio-6000.5.8 channel disconnected successfully.
Lingering sessions upon destruction of worker manager
AcceleratorClientConnectionCallback - disconnected - :0
info: Microsoft.Hosting.Lifetime[0]
      Application is shutting down...
Cleanup mono
CodeReloadManager destroyed
debugger-agent: Unable to listen on 149

SDL leaked 2 allocations
Turn on UNITY_SDL_ALLOCATION_TRACKING for detailed information.
Checking for leaked weakptr:
  Found no leaked weakptrs.
[Package Manager] Server process was shutdown
##utp:{"type":"MemoryLeaks","version":2,"phase":"Immediate","time":1787416587974,"processId":3988,"allocatedMemory":140756295,"memoryLabels":[{"Default":316223},{"Permanent":16152},{"Thread":1051832},{"Manager":813757},{"VertexData":8},{"Geometry":408},{"Texture":24},{"Shader":854755},{"Material":4098},{"GfxDevice":37104},{"Animation":204800},{"Audio":1552},{"FreeType":8},{"FontEngine":736},{"Physics":2146},{"Physics2D":16},{"Serialization":6504},{"Input":60256},{"JobScheduler":256},{"TextLib":18987},{"Mono":80},{"MonoCode":192},{"ScriptingNativeRuntime":155088},{"BaseObject":1624688},{"Resource":1032},{"Renderer":3072},{"Transform":4717},{"File":24596},{"WebCam":80},{"Culling":32},{"Terrain":11346},{"Wind":24},{"String":40370},{"StaticString":4140},{"Utility":2674928},{"PoolAlloc":2152},{"AI":80},{"TypeTree":1760907},{"CodeReload":448},{"RuntimeInitializeOnLoadManager":64},{"Sprites":102},{"SpriteAtlas":120},{"GI":7408},{"CloudService":10504},{"WebRequest":11766},{"VR":47018},{"SceneManager":640},{"Video":64},{"LazyScriptCache":32},{"NativeArray":33066668},{"Camera":17},{"Secure":8049},{"SerializationCache":1576},{"APIUpdating":10320},{"Subsystems":336},{"VirtualTexturing":57552},{"StaticSafetyDebugInfo":278528},{"Analytics":760},{"Hierarchy":1424},{"UIElements":958320},{"CoreStats":13688},{"Identifiers":6768},{"Gui":91800488},{"EditorUtility":166831},{"VersionControl":8},{"Undo":963},{"AssetDatabase":4752659},{"AssetImporter":40},{"EditorGi":328},{"UnityConnect":35346},{"Upm":1836},{"UpmDiagnostics":8},{"AssetCompliance":64},{"DrivenProperties":72},{"LocalIPC":156},{"ProfilerEditor":9746},{"CoreBusinessMetrics":2400},{"Windowing":480},{"Licensing":1096},{"AssetReference":32},{"IPCStream":32}]}
